{"type":"FeatureCollection", "features": [
{"type":"Feature","geometry":{"type":"Polygon","coordinates":[[[19.6366,50.4094],[19.634,50.4117],[19.6271,50.4146],[19.6249,50.4117],[19.6162,50.4059],[19.6058,50.4042],[19.5993,50.4056],[19.5952,50.409],[19.5866,50.4103],[19.5863,50.4084],[19.5786,50.4072],[19.5706,50.4086],[19.5716,50.4117],[19.5545,50.412],[19.5462,50.4135],[19.5447,50.415],[19.5453,50.4189],[19.5357,50.4202],[19.5186,50.4167],[19.5195,50.415],[19.5126,50.4099],[19.5045,50.4011],[19.4998,50.3992],[19.4955,50.3998],[19.4876,50.397],[19.4885,50.3842],[19.4911,50.3818],[19.4917,50.366],[19.4604,50.3729],[19.4564,50.3662],[19.4628,50.365],[19.4601,50.363],[19.4769,50.357],[19.4822,50.3569],[19.4876,50.3473],[19.4806,50.3336],[19.4839,50.3236],[19.4883,50.321],[19.4921,50.3223],[19.4996,50.3216],[19.5012,50.3226],[19.5162,50.3169],[19.5269,50.3181],[19.5466,50.3106],[19.5515,50.3141],[19.5631,50.3138],[19.562,50.3168],[19.571,50.3167],[19.5918,50.3203],[19.6037,50.3157],[19.6054,50.3237],[19.6087,50.3303],[19.6138,50.3382],[19.6252,50.3433],[19.634,50.3459],[19.6376,50.3461],[19.6597,50.3412],[19.6536,50.3456],[19.6542,50.3507],[19.6646,50.3587],[19.6665,50.3643],[19.6719,50.3705],[19.6808,50.3743],[19.6846,50.3752],[19.6828,50.3847],[19.6637,50.3897],[19.6642,50.3911],[19.6539,50.3924],[19.65,50.3954],[19.6458,50.3934],[19.6447,50.4002],[19.635,50.4085],[19.6366,50.4094]]]},"properties":{"id":"klucze","teryt":"1212042","name":"Klucze","powiatId":"olkuski","type":"WIEJSKA"}},
{"type":"Feature","geometry":{"type":"Polygon","coordinates":[[[19.8445,50.4342],[19.8427,50.4371],[19.839,50.4389],[19.8336,50.4391],[19.832,50.4361],[19.8252,50.438],[19.824,50.4358],[19.8201,50.4345],[19.8154,50.4346],[19.8069,50.4362],[19.8041,50.442],[19.8,50.4439],[19.7937,50.4433],[19.7915,50.4407],[19.782,50.4401],[19.7744,50.4412],[19.7677,50.4449],[19.7552,50.4437],[19.7487,50.4421],[19.7415,50.4438],[19.7318,50.4443],[19.7248,50.4409],[19.7122,50.4443],[19.7077,50.4435],[19.7082,50.4483],[19.7019,50.4482],[19.6969,50.4422],[19.6942,50.4351],[19.6864,50.4339],[19.6791,50.4345],[19.6685,50.4271],[19.665,50.4266],[19.6652,50.4237],[19.67,50.4203],[19.6703,50.4174],[19.667,50.416],[19.6545,50.4141],[19.6474,50.411],[19.6366,50.4094],[19.635,50.4085],[19.6447,50.4002],[19.6458,50.3934],[19.65,50.3954],[19.6539,50.3924],[19.6642,50.3911],[19.6637,50.3897],[19.6828,50.3847],[19.6846,50.3752],[19.6808,50.3743],[19.6719,50.3705],[19.6665,50.3643],[19.6646,50.3587],[19.6542,50.3507],[19.6536,50.3456],[19.6597,50.3412],[19.6568,50.3373],[19.6721,50.3314],[19.6784,50.3321],[19.6815,50.3308],[19.688,50.3356],[19.701,50.3306],[19.7054,50.3355],[19.7129,50.335],[19.7155,50.3321],[19.7216,50.3383],[19.7431,50.3302],[19.7407,50.3369],[19.7415,50.3402],[19.7459,50.3406],[19.7515,50.3433],[19.7551,50.343],[19.756,50.3457],[19.7622,50.3454],[19.7655,50.3441],[19.7786,50.3411],[19.7855,50.3422],[19.792,50.3443],[19.808,50.3412],[19.8178,50.342],[19.8287,50.3397],[19.8296,50.3437],[19.8322,50.3486],[19.8328,50.3526],[19.8372,50.3545],[19.8431,50.3543],[19.8434,50.3576],[19.8457,50.36],[19.85,50.3612],[19.8539,50.3657],[19.8523,50.3694],[19.8471,50.3705],[19.8477,50.3734],[19.8507,50.3775],[19.8488,50.3885],[19.8512,50.3927],[19.8515,50.3932],[19.8357,50.3993],[19.8413,50.4001],[19.8463,50.4028],[19.8507,50.4028],[19.8525,50.407],[19.8472,50.4099],[19.8475,50.4151],[19.8425,50.4165],[19.8433,50.4247],[19.8484,50.4253],[19.8452,50.4309],[19.8445,50.4342]]]},"properties":{"id":"wolbrom","teryt":"1212073","name":"Wolbrom","powiatId":"olkuski","type":"MIEJSKO_WIEJSKA"}},
{"type":"Feature","geometry":{"type":"Polygon","coordinates":[[[19.9382,50.3547],[19.9461,50.362],[19.9512,50.3647],[19.9508,50.3679],[19.9529,50.3711],[19.9524,50.3734],[19.9633,50.3726],[19.9762,50.3796],[19.9817,50.3791],[19.9826,50.4046],[19.9691,50.4104],[19.9761,50.4166],[19.9812,50.4145],[19.9912,50.4229],[19.9903,50.4301],[19.9954,50.437],[20.0017,50.4395],[19.992,50.4447],[19.9692,50.4432],[19.9666,50.4469],[19.9538,50.4492],[19.9492,50.4494],[19.9424,50.4518],[19.9354,50.4517],[19.926,50.455],[19.907,50.457],[19.9052,50.4501],[19.9003,50.4538],[19.8967,50.4522],[19.8775,50.4493],[19.8552,50.4478],[19.8517,50.4466],[19.8503,50.4437],[19.8535,50.4351],[19.8445,50.4342],[19.8452,50.4309],[19.8484,50.4253],[19.8433,50.4247],[19.8425,50.4165],[19.8475,50.4151],[19.8472,50.4099],[19.8525,50.407],[19.8507,50.4028],[19.8463,50.4028],[19.8413,50.4001],[19.8357,50.3993],[19.8515,50.3932],[19.8512,50.3927],[19.8617,50.3933],[19.8684,50.3892],[19.872,50.3951],[19.8794,50.3935],[19.8852,50.393],[19.886,50.395],[19.8916,50.3952],[19.8911,50.3929],[19.8978,50.3919],[19.8999,50.387],[19.8957,50.3797],[19.8957,50.3772],[19.9027,50.3785],[19.9039,50.3772],[19.9137,50.3756],[19.9193,50.3734],[19.9201,50.3659],[19.9216,50.3629],[19.9184,50.356],[19.9382,50.3547]],[[19.8812,50.3988],[19.8869,50.3979],[19.8859,50.395],[19.8797,50.3969],[19.8812,50.3988]]]},"properties":{"id":"charsznica","teryt":"1208012","name":"Charsznica","powiatId":"miechowski","type":"WIEJSKA"}},
{"type":"Feature","geometry":{"type":"Polygon","coordinates":[[[20.0017,50.4395],[20.0098,50.4409],[20.0228,50.4384],[20.0208,50.4328],[20.0283,50.4323],[20.0348,50.4331],[20.0464,50.4295],[20.0548,50.4287],[20.0597,50.435],[20.0682,50.4353],[20.0762,50.4407],[20.0798,50.447],[20.0722,50.4487],[20.0674,50.4516],[20.0711,50.4565],[20.0759,50.4595],[20.0788,50.4683],[20.0809,50.4707],[20.0914,50.475],[20.0985,50.4728],[20.0861,50.4692],[20.0946,50.4672],[20.1035,50.4688],[20.1061,50.4714],[20.1023,50.4743],[20.1062,50.4762],[20.1111,50.4766],[20.1138,50.4848],[20.1071,50.4862],[20.0949,50.4904],[20.0869,50.4896],[20.097,50.4961],[20.0959,50.4973],[20.0837,50.4994],[20.0847,50.5046],[20.0783,50.5059],[20.0776,50.5084],[20.0737,50.5102],[20.0541,50.5117],[20.0503,50.5052],[20.0426,50.5062],[20.0389,50.5002],[20.0282,50.5009],[20.0309,50.5049],[20.0271,50.5086],[20.0163,50.5115],[20.0078,50.5154],[20.0009,50.5172],[19.9875,50.5198],[19.9771,50.5192],[19.9709,50.5205],[19.9723,50.5163],[19.9651,50.5134],[19.9561,50.5079],[19.95,50.5049],[19.9517,50.4956],[19.9563,50.4909],[19.964,50.4887],[19.9678,50.483],[19.9677,50.48],[19.97,50.4776],[19.974,50.4769],[19.9705,50.474],[19.9612,50.4769],[19.9538,50.4766],[19.9393,50.4789],[19.9328,50.4782],[19.9284,50.4753],[19.9175,50.4746],[19.9093,50.4749],[19.9091,50.4727],[19.9006,50.4735],[19.8962,50.4705],[19.8967,50.4679],[19.8921,50.4662],[19.8945,50.4611],[19.8981,50.4608],[19.903,50.4568],[19.9003,50.4538],[19.9052,50.4501],[19.907,50.457],[19.926,50.455],[19.9354,50.4517],[19.9424,50.4518],[19.9492,50.4494],[19.9538,50.4492],[19.9666,50.4469],[19.9692,50.4432],[19.992,50.4447],[20.0017,50.4395]]]},"properties":{"id":"kozlow","teryt":"1208032","name":"Kozłów","powiatId":"miechowski","type":"WIEJSKA"}},
{"type":"Feature","geometry":{"type":"Polygon","coordinates":[[[20.0225,50.2941],[20.0316,50.2937],[20.0343,50.2928],[20.0396,50.2941],[20.043,50.297],[20.0469,50.2983],[20.0742,50.2942],[20.078,50.2982],[20.0964,50.297],[20.0978,50.3043],[20.093,50.3036],[20.0901,50.3066],[20.1173,50.3101],[20.1221,50.3147],[20.1257,50.3132],[20.1244,50.3097],[20.121,50.3057],[20.1151,50.3058],[20.1122,50.3069],[20.1095,50.3033],[20.1119,50.3013],[20.1158,50.3037],[20.1205,50.3033],[20.1214,50.3052],[20.1315,50.301],[20.1309,50.3043],[20.1425,50.3016],[20.1445,50.2966],[20.1494,50.2959],[20.1504,50.2998],[20.1547,50.3],[20.1553,50.2974],[20.1609,50.2977],[20.1638,50.2945],[20.1729,50.292],[20.1769,50.2901],[20.1812,50.2907],[20.1851,50.2929],[20.1936,50.2994],[20.1991,50.299],[20.2021,50.3022],[20.199,50.3057],[20.1997,50.3079],[20.1876,50.3131],[20.1783,50.3093],[20.1534,50.3155],[20.138,50.3309],[20.1346,50.3357],[20.135,50.3402],[20.1423,50.3426],[20.1458,50.3464],[20.1543,50.35],[20.1617,50.3584],[20.1588,50.3613],[20.1541,50.3633],[20.1506,50.3649],[20.1377,50.3685],[20.1387,50.373],[20.1356,50.375],[20.1278,50.3765],[20.1281,50.3798],[20.1259,50.3807],[20.1263,50.3889],[20.128,50.393],[20.1106,50.3929],[20.0831,50.3943],[20.0824,50.3919],[20.0728,50.3934],[20.0384,50.3978],[20.038,50.4088],[20.0361,50.4126],[20.0269,50.4163],[20.0287,50.4191],[20.0247,50.421],[20.0137,50.4107],[20.0078,50.4262],[19.9995,50.4253],[19.9967,50.4275],[19.9912,50.4229],[19.9812,50.4145],[19.9761,50.4166],[19.9691,50.4104],[19.9826,50.4046],[19.9817,50.3791],[19.9762,50.3796],[19.9633,50.3726],[19.9524,50.3734],[19.9529,50.3711],[19.9508,50.3679],[19.9512,50.3647],[19.9461,50.362],[19.9382,50.3547],[19.9398,50.3502],[19.9466,50.3489],[19.9586,50.3482],[19.9705,50.3462],[19.9675,50.3431],[19.977,50.335],[19.9809,50.3336],[19.9724,50.3305],[19.9686,50.3305],[19.9666,50.3284],[19.9684,50.3233],[19.9658,50.3168],[19.9675,50.3145],[19.9651,50.3111],[19.9751,50.3106],[19.9839,50.3113],[19.9917,50.311],[20.0045,50.3084],[20.0041,50.3039],[20.0073,50.2985],[20.0226,50.2956],[20.0225,50.2941]]]},"properties":{"id":"miechow","teryt":"1208053","name":"Miechów","powiatId":"miechowski","type":"MIEJSKO_WIEJSKA"}},
{"type":"Feature","geometry":{"type":"Polygon","coordinates":[[[20.128,50.393],[20.1279,50.3948],[20.1429,50.3945],[20.1451,50.3962],[20.1619,50.3962],[20.1664,50.3944],[20.1744,50.3952],[20.1799,50.3945],[20.1843,50.3954],[20.1833,50.398],[20.1879,50.3986],[20.1902,50.4063],[20.1885,50.4092],[20.1902,50.4158],[20.2005,50.4149],[20.1989,50.4106],[20.2047,50.4115],[20.2097,50.4094],[20.2126,50.4122],[20.212,50.4162],[20.2202,50.4174],[20.2277,50.4153],[20.2278,50.419],[20.239,50.4183],[20.2437,50.4163],[20.2581,50.4127],[20.2596,50.4133],[20.2668,50.4266],[20.2639,50.43],[20.2606,50.4414],[20.2663,50.4503],[20.271,50.4589],[20.273,50.4645],[20.2729,50.4699],[20.265,50.4673],[20.2478,50.4753],[20.2496,50.4791],[20.2425,50.4803],[20.2393,50.479],[20.2264,50.4782],[20.2227,50.4848],[20.2176,50.4885],[20.2143,50.489],[20.2071,50.4926],[20.2054,50.4957],[20.2019,50.4951],[20.1937,50.4956],[20.1862,50.4932],[20.1716,50.4911],[20.1665,50.4844],[20.1461,50.4862],[20.1306,50.4899],[20.1238,50.4864],[20.1138,50.4848],[20.1111,50.4766],[20.1062,50.4762],[20.1023,50.4743],[20.1061,50.4714],[20.1035,50.4688],[20.0946,50.4672],[20.0861,50.4692],[20.0985,50.4728],[20.0914,50.475],[20.0809,50.4707],[20.0788,50.4683],[20.0759,50.4595],[20.0711,50.4565],[20.0674,50.4516],[20.0722,50.4487],[20.0798,50.447],[20.0762,50.4407],[20.0682,50.4353],[20.0597,50.435],[20.0548,50.4287],[20.0464,50.4295],[20.0348,50.4331],[20.0283,50.4323],[20.0208,50.4328],[20.0228,50.4384],[20.0098,50.4409],[20.0017,50.4395],[19.9954,50.437],[19.9903,50.4301],[19.9912,50.4229],[19.9967,50.4275],[19.9995,50.4253],[20.0078,50.4262],[20.0137,50.4107],[20.0247,50.421],[20.0287,50.4191],[20.0269,50.4163],[20.0361,50.4126],[20.038,50.4088],[20.0384,50.3978],[20.0728,50.3934],[20.0824,50.3919],[20.0831,50.3943],[20.1106,50.3929],[20.128,50.393]]]},"properties":{"id":"ksiaz-wielki","teryt":"1208043","name":"Książ Wielki","powiatId":"miechowski","type":"MIEJSKO_WIEJSKA"}},
{"type":"Feature","geometry":{"type":"Polygon","coordinates":[[[20.2978,50.3523],[20.3072,50.3487],[20.3131,50.3486],[20.3143,50.3514],[20.3269,50.3516],[20.3329,50.3542],[20.3318,50.3569],[20.3374,50.3596],[20.3372,50.3623],[20.3318,50.3628],[20.3323,50.3653],[20.3252,50.3669],[20.3259,50.3693],[20.3221,50.3712],[20.3221,50.3779],[20.3209,50.3845],[20.3058,50.389],[20.3039,50.3982],[20.2978,50.4025],[20.2931,50.4045],[20.2922,50.4082],[20.289,50.4139],[20.2898,50.4191],[20.2755,50.4215],[20.2668,50.4266],[20.2596,50.4133],[20.2581,50.4127],[20.2437,50.4163],[20.239,50.4183],[20.2278,50.419],[20.2277,50.4153],[20.2202,50.4174],[20.212,50.4162],[20.2126,50.4122],[20.2097,50.4094],[20.2047,50.4115],[20.1989,50.4106],[20.2005,50.4149],[20.1902,50.4158],[20.1885,50.4092],[20.1902,50.4063],[20.1879,50.3986],[20.1833,50.398],[20.1843,50.3954],[20.1799,50.3945],[20.1744,50.3952],[20.1664,50.3944],[20.1619,50.3962],[20.1451,50.3962],[20.1429,50.3945],[20.1279,50.3948],[20.128,50.393],[20.1263,50.3889],[20.1259,50.3807],[20.1281,50.3798],[20.1278,50.3765],[20.1356,50.375],[20.1387,50.373],[20.1377,50.3685],[20.1506,50.3649],[20.1541,50.3633],[20.1598,50.366],[20.1659,50.3633],[20.169,50.3648],[20.1739,50.3649],[20.1746,50.3677],[20.1834,50.3687],[20.1881,50.3634],[20.1916,50.3623],[20.1943,50.3595],[20.193,50.3564],[20.1975,50.3558],[20.2101,50.3529],[20.2126,50.3533],[20.227,50.3492],[20.243,50.3465],[20.2419,50.3498],[20.2526,50.3563],[20.2669,50.3565],[20.2678,50.3549],[20.2874,50.3543],[20.2914,50.3535],[20.2916,50.3514],[20.2978,50.3523]]]},"properties":{"id":"slaboszow","teryt":"1208072","name":"Słaboszów","powiatId":"miechowski","type":"WIEJSKA"}},
{"type":"Feature","geometry":{"type":"Polygon","coordinates":[[[20.2623,50.3027],[20.2699,50.3032],[20.2683,50.3089],[20.2883,50.3096],[20.2927,50.309],[20.2926,50.3222],[20.2926,50.3281],[20.2976,50.3297],[20.2992,50.3337],[20.3033,50.3357],[20.3023,50.3407],[20.2989,50.3436],[20.2924,50.3458],[20.2936,50.3491],[20.2978,50.3523],[20.2916,50.3514],[20.2914,50.3535],[20.2874,50.3543],[20.2678,50.3549],[20.2669,50.3565],[20.2526,50.3563],[20.2419,50.3498],[20.243,50.3465],[20.227,50.3492],[20.2126,50.3533],[20.2101,50.3529],[20.1975,50.3558],[20.193,50.3564],[20.1943,50.3595],[20.1916,50.3623],[20.1881,50.3634],[20.1834,50.3687],[20.1746,50.3677],[20.1739,50.3649],[20.169,50.3648],[20.1659,50.3633],[20.1598,50.366],[20.1541,50.3633],[20.1588,50.3613],[20.1617,50.3584],[20.1543,50.35],[20.1458,50.3464],[20.1423,50.3426],[20.135,50.3402],[20.1346,50.3357],[20.138,50.3309],[20.1534,50.3155],[20.1783,50.3093],[20.1876,50.3131],[20.1997,50.3079],[20.199,50.3057],[20.2021,50.3022],[20.1991,50.299],[20.2016,50.2979],[20.2113,50.2998],[20.2138,50.2984],[20.2204,50.2993],[20.2203,50.3011],[20.2278,50.3013],[20.2397,50.3003],[20.2499,50.3053],[20.2593,50.3048],[20.2623,50.3027]]]},"properties":{"id":"raclawice","teryt":"1208062","name":"Racławice","powiatId":"miechowski","type":"WIEJSKA"}},
{"type":"Feature","geometry":{"type":"MultiPolygon","coordinates":[[[[20.3805,49.8821],[20.388,49.8831],[20.3934,49.8926],[20.3992,49.8961],[20.4035,49.8961],[20.4199,49.9],[20.4229,49.9042],[20.4176,49.914],[20.4172,49.9185],[20.4186,49.9219],[20.416,49.9309],[20.4101,49.9336],[20.4102,49.9357],[20.4133,49.9391],[20.4109,49.9415],[20.4014,49.9406],[20.3976,49.9476],[20.3996,49.9523],[20.3981,49.9604],[20.3947,49.9694],[20.3901,49.971],[20.3875,49.9736],[20.386,49.978],[20.3879,49.9835],[20.3932,49.9854],[20.3981,49.9851],[20.4016,49.9867],[20.4051,49.9901],[20.4084,49.9906],[20.4134,49.9879],[20.4244,49.9904],[20.4261,49.9938],[20.4299,49.9957],[20.439,49.9965],[20.4459,50.0003],[20.4474,50.0021],[20.4443,50.0048],[20.4462,50.0065],[20.453,50.0071],[20.4547,50.0096],[20.4593,50.0107],[20.466,50.0104],[20.4735,50.0111],[20.4765,50.0126],[20.4822,50.0124],[20.4784,50.0224],[20.4824,50.0252],[20.4882,50.0258],[20.4889,50.0289],[20.4932,50.0297],[20.4956,50.0272],[20.5031,50.0315],[20.5062,50.0342],[20.5115,50.0367],[20.5171,50.0378],[20.5233,50.0364],[20.5249,50.0434],[20.5315,50.0438],[20.533,50.047],[20.525,50.0504],[20.5249,50.0527],[20.5214,50.0536],[20.5206,50.0573],[20.5167,50.0605],[20.5181,50.0629],[20.5159,50.0658],[20.5172,50.0718],[20.5202,50.0767],[20.5276,50.082],[20.5267,50.0856],[20.527,50.0919],[20.5291,50.0995],[20.5081,50.1039],[20.5045,50.098],[20.4966,50.0941],[20.4963,50.0891],[20.4916,50.0821],[20.4928,50.079],[20.497,50.0743],[20.4963,50.0721],[20.4857,50.0678],[20.4802,50.064],[20.4792,50.0621],[20.4811,50.0571],[20.4796,50.0537],[20.4744,50.0538],[20.4716,50.056],[20.4651,50.0563],[20.4635,50.0539],[20.4672,50.0483],[20.466,50.0461],[20.4599,50.0465],[20.4558,50.0432],[20.4526,50.0425],[20.4457,50.0452],[20.4409,50.0404],[20.4393,50.0323],[20.4353,50.0324],[20.4396,50.0241],[20.4368,50.0206],[20.4333,50.02],[20.4275,50.0169],[20.4285,50.0121],[20.425,50.0079],[20.4204,50.006],[20.4168,50.0074],[20.404,50.0046],[20.4045,50.0034],[20.3926,50.0005],[20.3919,50.0014],[20.3892,50.0192],[20.3876,50.0221],[20.3575,50.0206],[20.3349,50.019],[20.3208,50.0185],[20.3241,49.998],[20.3346,49.999],[20.3351,49.9959],[20.3426,49.9947],[20.341,49.9887],[20.3464,49.9894],[20.3493,49.9885],[20.3462,49.9856],[20.3358,49.9852],[20.3333,49.9832],[20.3294,49.9753],[20.3242,49.9775],[20.3188,49.9768],[20.3133,49.9777],[20.309,49.9765],[20.3082,49.9732],[20.3153,49.9695],[20.3148,49.965],[20.3074,49.9608],[20.3112,49.9618],[20.3133,49.9563],[20.3096,49.9548],[20.3103,49.9526],[20.3148,49.9529],[20.3166,49.9512],[20.3143,49.9484],[20.3071,49.945],[20.3049,49.9407],[20.309,49.9379],[20.308,49.9348],[20.3112,49.9312],[20.3062,49.9264],[20.3012,49.9263],[20.3012,49.9235],[20.3058,49.9239],[20.3071,49.9189],[20.3085,49.9164],[20.313,49.916],[20.3147,49.9126],[20.3187,49.9146],[20.3233,49.9125],[20.3303,49.9116],[20.3345,49.9147],[20.3388,49.9121],[20.3432,49.9137],[20.3509,49.913],[20.3551,49.9148],[20.3645,49.9124],[20.3627,49.9096],[20.3587,49.9077],[20.3603,49.9057],[20.3574,49.9009],[20.3621,49.8985],[20.3672,49.8986],[20.3716,49.8961],[20.3772,49.8907],[20.3776,49.8889],[20.3743,49.8841],[20.3781,49.8814],[20.3805,49.8821]]],[[[20.534,49.9539],[20.5271,49.9575],[20.5237,49.9566],[20.5155,49.9584],[20.4988,49.9644],[20.4896,49.964],[20.4855,49.9673],[20.4867,49.9717],[20.4847,49.9734],[20.4876,49.9771],[20.4799,49.98],[20.477,49.9819],[20.4668,49.9813],[20.4685,49.9767],[20.4644,49.9746],[20.457,49.9724],[20.4556,49.9684],[20.46,49.9693],[20.4603,49.9643],[20.4575,49.9614],[20.4554,49.9549],[20.4636,49.9531],[20.4724,49.952],[20.4765,49.9508],[20.4813,49.9526],[20.4831,49.948],[20.4927,49.9443],[20.4997,49.9427],[20.5068,49.9402],[20.5103,49.9376],[20.5145,49.9383],[20.5222,49.9379],[20.5235,49.94],[20.525,49.9424],[20.5248,49.9465],[20.5286,49.9496],[20.5335,49.9519],[20.534,49.9539]]]]},"properties":{"id":"bochnia-wies","teryt":"1201022","name":"Bochnia – gmina wiejska","powiatId":"bochenski","type":"WIEJSKA"}},
{"type":"Feature","geometry":{"type":"Polygon","coordinates":[[[20.0306,49.9162],[20.0393,49.9163],[20.0446,49.9198],[20.0565,49.9181],[20.0624,49.9149],[20.0681,49.917],[20.0702,49.9189],[20.0751,49.9196],[20.0765,49.9283],[20.0854,49.9272],[20.0909,49.9222],[20.1026,49.9181],[20.1056,49.9203],[20.1103,49.9206],[20.1158,49.9209],[20.1236,49.9253],[20.1266,49.9261],[20.1353,49.9256],[20.1327,49.9303],[20.1338,49.9327],[20.1332,49.9407],[20.1236,49.941],[20.121,49.9445],[20.1187,49.9441],[20.1137,49.9484],[20.1043,49.9494],[20.101,49.955],[20.0995,49.963],[20.0998,49.9675],[20.0942,49.9643],[20.0926,49.9665],[20.0928,49.9703],[20.0903,49.9711],[20.0909,49.9768],[20.0945,49.9763],[20.0969,49.9785],[20.1072,49.9811],[20.1096,49.9879],[20.1136,49.9923],[20.1168,49.9923],[20.1165,50.0018],[20.1269,50.0074],[20.1328,50.0146],[20.1314,50.0191],[20.1501,50.0196],[20.1487,50.0217],[20.1514,50.0242],[20.1518,50.0284],[20.1568,50.029],[20.1562,50.031],[20.1467,50.0304],[20.1413,50.0346],[20.1415,50.0369],[20.154,50.043],[20.1423,50.0457],[20.135,50.0447],[20.1305,50.0409],[20.1251,50.0397],[20.1154,50.0426],[20.1069,50.0424],[20.1032,50.0412],[20.0994,50.0378],[20.096,50.037],[20.0922,50.038],[20.0923,50.0418],[20.0889,50.0449],[20.0835,50.0415],[20.0803,50.0407],[20.082,50.0367],[20.0804,50.0341],[20.0735,50.0322],[20.0721,50.0295],[20.065,50.024],[20.0684,50.022],[20.0698,50.0183],[20.0674,50.0098],[20.0633,50.0082],[20.0608,50.0053],[20.0552,50.0041],[20.0482,50.0041],[20.048,49.9991],[20.0389,49.9999],[20.0358,50.0014],[20.0289,50.0011],[20.0183,50.0043],[20.0063,50.0025],[20.0028,49.9992],[20.0044,49.9972],[20.011,49.9953],[20.0134,49.9935],[20.0158,49.9884],[20.0186,49.9859],[20.0097,49.9802],[20.01,49.9772],[20.0069,49.9748],[20.0011,49.9757],[19.998,49.9741],[19.9838,49.9726],[19.9814,49.978],[19.9822,49.981],[19.9779,49.9812],[19.9668,49.9789],[19.9648,49.9778],[19.9671,49.9737],[19.963,49.9722],[19.9634,49.9686],[19.9669,49.9621],[19.9695,49.9602],[19.9823,49.9601],[19.9815,49.9495],[19.9831,49.9489],[19.9957,49.9488],[19.9965,49.9508],[20.0064,49.949],[20.0054,49.9441],[20.007,49.9404],[19.9996,49.9346],[20.0013,49.9311],[20.0066,49.9238],[20.0061,49.9172],[20.0119,49.9113],[20.0172,49.9091],[20.024,49.9116],[20.0278,49.912],[20.0306,49.9162]]]},"properties":{"id":"wieliczka","teryt":"1219053","name":"Wieliczka","powiatId":"wielicki","type":"MIEJSKO_WIEJSKA"}},
{"type":"Feature","geometry":{"type":"Polygon","coordinates":[[[20.6427,49.9299],[20.649,49.9317],[20.6495,49.9334],[20.6549,49.9348],[20.6539,49.9413],[20.6584,49.9418],[20.666,49.9504],[20.6684,49.9502],[20.6714,49.9551],[20.6713,49.9606],[20.6743,49.9628],[20.6761,49.9685],[20.674,49.9697],[20.6736,49.976],[20.6753,49.9784],[20.6711,49.9809],[20.6728,49.9862],[20.6785,49.9874],[20.6812,49.9915],[20.6865,49.9925],[20.6877,49.995],[20.6912,49.9954],[20.6903,49.9984],[20.6959,50.0019],[20.7159,49.9973],[20.7232,50.0036],[20.7182,50.005],[20.7147,50.008],[20.7183,50.0134],[20.7168,50.0175],[20.7133,50.0186],[20.7161,50.0226],[20.7132,50.0252],[20.6952,50.0125],[20.6824,50.0101],[20.6736,50.0071],[20.6636,50.0113],[20.6607,50.0109],[20.6529,50.0151],[20.6448,50.0176],[20.6424,50.0215],[20.6396,50.0234],[20.6384,50.0266],[20.6275,50.0363],[20.6253,50.0394],[20.6268,50.0413],[20.621,50.0431],[20.628,50.0493],[20.6326,50.05],[20.6311,50.0536],[20.628,50.0518],[20.6236,50.0518],[20.624,50.0474],[20.6163,50.0434],[20.6106,50.0452],[20.6087,50.0474],[20.6049,50.0476],[20.5982,50.0442],[20.5973,50.0413],[20.5917,50.0344],[20.5879,50.0271],[20.587,50.0201],[20.5843,50.0194],[20.5838,50.0126],[20.5796,50.0115],[20.58,50.0045],[20.5782,49.9996],[20.5695,49.9963],[20.5523,49.9943],[20.5521,49.9881],[20.5535,49.9833],[20.5523,49.9741],[20.5444,49.9743],[20.543,49.9678],[20.5489,49.9666],[20.5516,49.9643],[20.5504,49.9572],[20.5433,49.957],[20.5396,49.9549],[20.534,49.9539],[20.5335,49.9519],[20.5286,49.9496],[20.5248,49.9465],[20.525,49.9424],[20.5235,49.94],[20.5251,49.9353],[20.5325,49.9339],[20.537,49.9305],[20.5417,49.9253],[20.5416,49.9231],[20.5497,49.9211],[20.5539,49.9135],[20.5582,49.917],[20.5665,49.916],[20.5696,49.916],[20.576,49.9201],[20.5807,49.9192],[20.5843,49.9235],[20.5876,49.9233],[20.5918,49.9267],[20.6057,49.9295],[20.622,49.9291],[20.6284,49.9265],[20.6406,49.9265],[20.6427,49.9299]]]},"properties":{"id":"brzesko","teryt":"1202023","name":"Brzesko","powiatId":"brzeski","type":"MIEJSKO_WIEJSKA"}},
{"type":"Feature","geometry":{"type":"Polygon","coordinates":[[[20.4133,49.9391],[20.4182,49.9416],[20.4221,49.9416],[20.4227,49.9378],[20.4276,49.938],[20.4367,49.9429],[20.4505,49.9415],[20.4571,49.9397],[20.461,49.943],[20.4655,49.9439],[20.4708,49.9465],[20.4693,49.9496],[20.4724,49.952],[20.4636,49.9531],[20.4554,49.9549],[20.4575,49.9614],[20.4603,49.9643],[20.46,49.9693],[20.4556,49.9684],[20.457,49.9724],[20.4644,49.9746],[20.4685,49.9767],[20.4668,49.9813],[20.4653,49.9843],[20.4626,49.9997],[20.4604,50.0071],[20.4601,50.0083],[20.4593,50.0107],[20.4547,50.0096],[20.453,50.0071],[20.4462,50.0065],[20.4443,50.0048],[20.4474,50.0021],[20.4459,50.0003],[20.439,49.9965],[20.4299,49.9957],[20.4261,49.9938],[20.4244,49.9904],[20.4134,49.9879],[20.4084,49.9906],[20.4051,49.9901],[20.4016,49.9867],[20.3981,49.9851],[20.3932,49.9854],[20.3879,49.9835],[20.386,49.978],[20.3875,49.9736],[20.3901,49.971],[20.3947,49.9694],[20.3981,49.9604],[20.3996,49.9523],[20.3976,49.9476],[20.4014,49.9406],[20.4109,49.9415],[20.4133,49.9391]]]},"properties":{"id":"bochnia-miasto","teryt":"1201011","name":"Bochnia – gmina miejska","powiatId":"bochenski","type":"MIEJSKA"}},
{"type":"Feature","geometry":{"type":"Polygon","coordinates":[[[20.534,49.9539],[20.5396,49.9549],[20.5433,49.957],[20.5504,49.9572],[20.5516,49.9643],[20.5489,49.9666],[20.543,49.9678],[20.5444,49.9743],[20.5523,49.9741],[20.5535,49.9833],[20.5521,49.9881],[20.5523,49.9943],[20.5695,49.9963],[20.5782,49.9996],[20.58,50.0045],[20.5796,50.0115],[20.5838,50.0126],[20.5843,50.0194],[20.587,50.0201],[20.5879,50.0271],[20.5917,50.0344],[20.5973,50.0413],[20.5982,50.0442],[20.6049,50.0476],[20.6087,50.0474],[20.6106,50.0452],[20.6163,50.0434],[20.624,50.0474],[20.6236,50.0518],[20.628,50.0518],[20.6311,50.0536],[20.6321,50.0563],[20.6246,50.0628],[20.6236,50.0657],[20.6182,50.0683],[20.6122,50.07],[20.6,50.0693],[20.5904,50.073],[20.5833,50.0746],[20.5787,50.0781],[20.566,50.0804],[20.5614,50.0794],[20.5563,50.08],[20.5495,50.0788],[20.54,50.0781],[20.537,50.0793],[20.5312,50.0784],[20.5276,50.082],[20.5202,50.0767],[20.5172,50.0718],[20.5159,50.0658],[20.5181,50.0629],[20.5167,50.0605],[20.5206,50.0573],[20.5214,50.0536],[20.5249,50.0527],[20.525,50.0504],[20.533,50.047],[20.5315,50.0438],[20.5249,50.0434],[20.5233,50.0364],[20.5171,50.0378],[20.5115,50.0367],[20.5062,50.0342],[20.5031,50.0315],[20.4956,50.0272],[20.4932,50.0297],[20.4889,50.0289],[20.4882,50.0258],[20.4824,50.0252],[20.4784,50.0224],[20.4822,50.0124],[20.4765,50.0126],[20.4735,50.0111],[20.466,50.0104],[20.4593,50.0107],[20.4601,50.0083],[20.4604,50.0071],[20.4626,49.9997],[20.4653,49.9843],[20.4668,49.9813],[20.477,49.9819],[20.4799,49.98],[20.4876,49.9771],[20.4847,49.9734],[20.4867,49.9717],[20.4855,49.9673],[20.4896,49.964],[20.4988,49.9644],[20.5155,49.9584],[20.5237,49.9566],[20.5271,49.9575],[20.534,49.9539]]]},"properties":{"id":"rzezawa","teryt":"1201072","name":"Rzezawa","powiatId":"bochenski","type":"WIEJSKA"}},
{"type":"Feature","geometry":{"type":"Polygon","coordinates":[[[20.3661,50.0649],[20.3593,50.061],[20.3528,50.0608],[20.3446,50.0559],[20.3395,50.0558],[20.3369,50.0529],[20.3305,50.0491],[20.3203,50.0469],[20.318,50.0446],[20.3166,50.0389],[20.3195,50.0251],[20.2857,50.0227],[20.2834,50.0233],[20.2848,50.0284],[20.2788,50.0254],[20.274,50.0282],[20.2635,50.0252],[20.2566,50.0201],[20.2285,50.0108],[20.223,50.0103],[20.2127,50.0104],[20.2178,50.0079],[20.2154,50.0005],[20.2159,49.9981],[20.2131,49.9922],[20.2094,49.9883],[20.216,49.9874],[20.2234,49.9811],[20.2302,49.9806],[20.2374,49.9783],[20.2439,49.9789],[20.2548,49.9724],[20.2643,49.9683],[20.2649,49.9655],[20.2692,49.9653],[20.2752,49.9669],[20.274,49.9627],[20.2792,49.9624],[20.2825,49.9602],[20.291,49.9589],[20.3074,49.9608],[20.3148,49.965],[20.3153,49.9695],[20.3082,49.9732],[20.309,49.9765],[20.3133,49.9777],[20.3188,49.9768],[20.3242,49.9775],[20.3294,49.9753],[20.3333,49.9832],[20.3358,49.9852],[20.3462,49.9856],[20.3493,49.9885],[20.3464,49.9894],[20.341,49.9887],[20.3426,49.9947],[20.3351,49.9959],[20.3346,49.999],[20.3241,49.998],[20.3208,50.0185],[20.3349,50.019],[20.3575,50.0206],[20.3876,50.0221],[20.3842,50.0295],[20.3829,50.0351],[20.3797,50.0646],[20.3661,50.0649]]]},"properties":{"id":"klaj","teryt":"1219032","name":"Kłaj","powiatId":"wielicki","type":"WIEJSKA"}},
{"type":"Feature","geometry":{"type":"Polygon","coordinates":[[[19.9424,49.974],[19.9538,49.9701],[19.9566,49.9682],[19.9634,49.9686],[19.963,49.9722],[19.9671,49.9737],[19.9648,49.9778],[19.9668,49.9789],[19.9779,49.9812],[19.9822,49.981],[19.9814,49.978],[19.9838,49.9726],[19.998,49.9741],[20.0011,49.9757],[20.0069,49.9748],[20.01,49.9772],[20.0097,49.9802],[20.0186,49.9859],[20.0158,49.9884],[20.0134,49.9935],[20.011,49.9953],[20.0044,49.9972],[20.0028,49.9992],[20.0063,50.0025],[20.0183,50.0043],[20.0289,50.0011],[20.0358,50.0014],[20.0389,49.9999],[20.048,49.9991],[20.0482,50.0041],[20.0552,50.0041],[20.0608,50.0053],[20.0633,50.0082],[20.0674,50.0098],[20.0698,50.0183],[20.0684,50.022],[20.065,50.024],[20.0721,50.0295],[20.0735,50.0322],[20.0804,50.0341],[20.082,50.0367],[20.0803,50.0407],[20.0835,50.0415],[20.0889,50.0449],[20.0923,50.0418],[20.0922,50.038],[20.096,50.037],[20.0994,50.0378],[20.1032,50.0412],[20.1069,50.0424],[20.1154,50.0426],[20.1251,50.0397],[20.1305,50.0409],[20.135,50.0447],[20.1423,50.0457],[20.154,50.043],[20.1596,50.0428],[20.1665,50.0438],[20.1839,50.048],[20.1885,50.0483],[20.1935,50.0473],[20.1986,50.0447],[20.2044,50.0436],[20.2103,50.0458],[20.2124,50.0497],[20.2173,50.0534],[20.212,50.0579],[20.2068,50.0647],[20.1992,50.067],[20.1975,50.0691],[20.193,50.0705],[20.1952,50.074],[20.1955,50.0781],[20.1898,50.0823],[20.1891,50.0849],[20.1928,50.0878],[20.1916,50.0972],[20.1931,50.1032],[20.1976,50.1084],[20.2022,50.1111],[20.205,50.1111],[20.2091,50.1156],[20.204,50.116],[20.2016,50.1175],[20.2013,50.1205],[20.1959,50.1187],[20.1917,50.1193],[20.1854,50.1168],[20.1724,50.1204],[20.1658,50.1215],[20.1591,50.1216],[20.1543,50.1195],[20.1468,50.1143],[20.1447,50.1115],[20.1431,50.1065],[20.1324,50.1068],[20.1208,50.1085],[20.12,50.1165],[20.1082,50.1168],[20.0963,50.1193],[20.0941,50.1148],[20.0882,50.1135],[20.0773,50.1082],[20.0755,50.1095],[20.079,50.1124],[20.0638,50.1134],[20.0585,50.1147],[20.0564,50.1126],[20.0469,50.1093],[20.0419,50.1135],[20.0374,50.1129],[20.0358,50.1086],[20.0316,50.1079],[20.0276,50.1044],[20.0242,50.1039],[20.0162,50.1066],[20.0045,50.1072],[19.9928,50.1067],[19.9867,50.1048],[19.9723,50.1068],[19.9633,50.1102],[19.9581,50.1083],[19.9488,50.1165],[19.9473,50.1193],[19.9402,50.1189],[19.94,50.1162],[19.929,50.114],[19.9249,50.1141],[19.9244,50.1113],[19.9277,50.1051],[19.9188,50.1013],[19.9151,50.1009],[19.9141,50.1056],[19.9085,50.1181],[19.9011,50.1251],[19.8925,50.1261],[19.8905,50.124],[19.8822,50.1214],[19.8794,50.119],[19.8765,50.1123],[19.8674,50.1074],[19.8618,50.1059],[19.8643,50.1017],[19.8674,50.0992],[19.8616,50.0927],[19.8519,50.0944],[19.8431,50.0924],[19.8293,50.0877],[19.8233,50.0826],[19.8185,50.0811],[19.8108,50.08],[19.8062,50.0724],[19.8017,50.0692],[19.8046,50.0645],[19.8045,50.0623],[19.8093,50.061],[19.8111,50.0585],[19.8159,50.0594],[19.8214,50.0578],[19.8195,50.0515],[19.811,50.0429],[19.8134,50.0354],[19.8186,50.0324],[19.8263,50.0324],[19.829,50.0269],[19.8277,50.0238],[19.8218,50.0209],[19.8149,50.0218],[19.8124,50.0254],[19.8059,50.0261],[19.8031,50.0242],[19.8004,50.0183],[19.7947,50.0148],[19.7922,50.0118],[19.7943,50.0072],[19.7966,49.9974],[19.7957,49.9953],[19.8002,49.9957],[19.8017,49.9934],[19.8095,49.9922],[19.8122,49.9947],[19.8193,49.997],[19.844,49.9945],[19.8495,49.9947],[19.8483,49.9898],[19.8488,49.9852],[19.8566,49.9855],[19.8624,49.9847],[19.8645,49.9832],[19.8624,49.9798],[19.8622,49.9752],[19.8677,49.9745],[19.8688,49.9726],[19.8739,49.9714],[19.8794,49.9715],[19.8798,49.9737],[19.8846,49.9761],[19.8883,49.9806],[19.8967,49.9805],[19.9098,49.9818],[19.9133,49.9799],[19.9245,49.981],[19.9314,49.9784],[19.9341,49.9756],[19.9424,49.974]]]},"properties":{"id":"krakow","teryt":"1261011","name":"Kraków","powiatId":"m-krakow","type":"MIEJSKA"}},
{"type":"Feature","geometry":{"type":"Polygon","coordinates":[[[20.3661,50.0649],[20.3636,50.0676],[20.3698,50.0683],[20.37,50.0723],[20.3554,50.0706],[20.354,50.0726],[20.3553,50.0764],[20.3538,50.0845],[20.3505,50.0858],[20.3532,50.0899],[20.3504,50.0936],[20.3536,50.0957],[20.3537,50.0987],[20.3484,50.0999],[20.3451,50.0942],[20.3405,50.0922],[20.3326,50.0917],[20.3246,50.0938],[20.3151,50.0942],[20.3003,50.0978],[20.2936,50.0964],[20.2917,50.0927],[20.2912,50.0866],[20.2862,50.0818],[20.2755,50.077],[20.2715,50.0761],[20.2658,50.0763],[20.2608,50.0753],[20.2569,50.0718],[20.2558,50.067],[20.2507,50.0651],[20.2415,50.0681],[20.2344,50.0679],[20.2285,50.059],[20.2255,50.0566],[20.2173,50.0534],[20.2124,50.0497],[20.2103,50.0458],[20.2044,50.0436],[20.1986,50.0447],[20.1935,50.0473],[20.1885,50.0483],[20.1839,50.048],[20.1665,50.0438],[20.1596,50.0428],[20.154,50.043],[20.1415,50.0369],[20.1413,50.0346],[20.1467,50.0304],[20.1562,50.031],[20.1568,50.029],[20.1518,50.0284],[20.1514,50.0242],[20.1487,50.0217],[20.1501,50.0196],[20.1314,50.0191],[20.1328,50.0146],[20.1269,50.0074],[20.1165,50.0018],[20.1168,49.9923],[20.128,49.9925],[20.1318,49.9919],[20.144,49.9965],[20.1493,49.9964],[20.1522,49.9981],[20.1556,49.9957],[20.163,49.993],[20.1642,49.9904],[20.1734,49.9885],[20.1769,49.9823],[20.1745,49.976],[20.1848,49.9761],[20.1941,49.9746],[20.2016,49.9727],[20.2078,49.9748],[20.2087,49.9783],[20.2055,49.9856],[20.2094,49.9883],[20.2131,49.9922],[20.2159,49.9981],[20.2154,50.0005],[20.2178,50.0079],[20.2127,50.0104],[20.223,50.0103],[20.2285,50.0108],[20.2566,50.0201],[20.2635,50.0252],[20.274,50.0282],[20.2788,50.0254],[20.2848,50.0284],[20.2834,50.0233],[20.2857,50.0227],[20.3195,50.0251],[20.3166,50.0389],[20.318,50.0446],[20.3203,50.0469],[20.3305,50.0491],[20.3369,50.0529],[20.3395,50.0558],[20.3446,50.0559],[20.3528,50.0608],[20.3593,50.061],[20.3661,50.0649]]]},"properties":{"id":"niepolomice","teryt":"1219043","name":"Niepołomice","powiatId":"wielicki","type":"MIEJSKO_WIEJSKA"}},
{"type":"Feature","geometry":{"type":"Polygon","coordinates":[[[20.5081,50.1039],[20.5122,50.1099],[20.5115,50.1179],[20.5087,50.1225],[20.5008,50.1289],[20.5005,50.1309],[20.506,50.1355],[20.5111,50.1385],[20.4981,50.1347],[20.4895,50.1343],[20.481,50.1374],[20.4764,50.1383],[20.4707,50.1376],[20.4646,50.1336],[20.4572,50.1321],[20.4521,50.1331],[20.4484,50.1356],[20.4465,50.1392],[20.4417,50.1431],[20.4355,50.1426],[20.4336,50.1373],[20.4265,50.1342],[20.4185,50.1356],[20.4141,50.1404],[20.4072,50.1434],[20.4033,50.1428],[20.3994,50.1399],[20.3994,50.1364],[20.4032,50.1325],[20.4046,50.1276],[20.4008,50.1236],[20.3963,50.1219],[20.3851,50.1229],[20.3815,50.122],[20.3781,50.1194],[20.3762,50.1153],[20.3713,50.1135],[20.3664,50.1145],[20.3613,50.1178],[20.3538,50.1171],[20.3405,50.1111],[20.3402,50.1084],[20.3473,50.1024],[20.3484,50.0999],[20.3537,50.0987],[20.3536,50.0957],[20.3504,50.0936],[20.3532,50.0899],[20.3505,50.0858],[20.3538,50.0845],[20.3553,50.0764],[20.354,50.0726],[20.3554,50.0706],[20.37,50.0723],[20.3698,50.0683],[20.3636,50.0676],[20.3661,50.0649],[20.3797,50.0646],[20.3829,50.0351],[20.3842,50.0295],[20.3876,50.0221],[20.3892,50.0192],[20.3919,50.0014],[20.3926,50.0005],[20.4045,50.0034],[20.404,50.0046],[20.4168,50.0074],[20.4204,50.006],[20.425,50.0079],[20.4285,50.0121],[20.4275,50.0169],[20.4333,50.02],[20.4368,50.0206],[20.4396,50.0241],[20.4353,50.0324],[20.4393,50.0323],[20.4409,50.0404],[20.4457,50.0452],[20.4526,50.0425],[20.4558,50.0432],[20.4599,50.0465],[20.466,50.0461],[20.4672,50.0483],[20.4635,50.0539],[20.4651,50.0563],[20.4716,50.056],[20.4744,50.0538],[20.4796,50.0537],[20.4811,50.0571],[20.4792,50.0621],[20.4802,50.064],[20.4857,50.0678],[20.4963,50.0721],[20.497,50.0743],[20.4928,50.079],[20.4916,50.0821],[20.4963,50.0891],[20.4966,50.0941],[20.5045,50.098],[20.5081,50.1039]]]},"properties":{"id":"drwinia","teryt":"1201032","name":"Drwinia","powiatId":"bochenski","type":"WIEJSKA"}},
{"type":"Feature","geometry":{"type":"Polygon","coordinates":[[[20.7859,50.0069],[20.7871,50.0166],[20.782,50.0175],[20.7981,50.0226],[20.7982,50.0257],[20.7915,50.0276],[20.7782,50.0297],[20.7652,50.031],[20.7593,50.03],[20.755,50.033],[20.759,50.038],[20.756,50.0424],[20.7581,50.0463],[20.7569,50.0495],[20.7576,50.0527],[20.7638,50.0561],[20.7691,50.0574],[20.7729,50.0609],[20.776,50.0665],[20.7795,50.069],[20.7843,50.0706],[20.7813,50.0702],[20.7742,50.0879],[20.7813,50.0914],[20.7752,50.0941],[20.7694,50.1024],[20.7608,50.1025],[20.7568,50.1117],[20.744,50.1097],[20.7442,50.1128],[20.7351,50.1133],[20.7345,50.1174],[20.7342,50.1191],[20.7194,50.1198],[20.7171,50.1219],[20.7102,50.1235],[20.708,50.126],[20.7017,50.1228],[20.6977,50.1243],[20.6921,50.1226],[20.6926,50.1198],[20.6844,50.1161],[20.6804,50.1178],[20.6769,50.1153],[20.6797,50.1095],[20.6775,50.1072],[20.6792,50.1035],[20.6727,50.1],[20.6703,50.0957],[20.6558,50.0978],[20.6518,50.095],[20.6522,50.093],[20.651,50.0821],[20.6535,50.0803],[20.6468,50.079],[20.6477,50.0738],[20.6493,50.0731],[20.6467,50.0688],[20.6582,50.0621],[20.6605,50.0592],[20.6576,50.0578],[20.6544,50.0596],[20.6453,50.0615],[20.6397,50.0579],[20.639,50.051],[20.641,50.0504],[20.6449,50.0458],[20.6405,50.0456],[20.636,50.0439],[20.6297,50.0446],[20.6268,50.0413],[20.6253,50.0394],[20.6275,50.0363],[20.6384,50.0266],[20.6396,50.0234],[20.6424,50.0215],[20.6448,50.0176],[20.6529,50.0151],[20.6607,50.0109],[20.6636,50.0113],[20.6736,50.0071],[20.6824,50.0101],[20.6952,50.0125],[20.7132,50.0252],[20.7161,50.0226],[20.7133,50.0186],[20.7168,50.0175],[20.7183,50.0134],[20.7147,50.008],[20.7182,50.005],[20.7232,50.0036],[20.7409,50.0043],[20.7459,50.0074],[20.7514,50.0131],[20.7632,50.0139],[20.7649,50.0196],[20.769,50.0202],[20.7759,50.0179],[20.7785,50.0152],[20.7745,50.0118],[20.7727,50.0075],[20.7859,50.0069]]]},"properties":{"id":"borzecin","teryt":"1202012","name":"Borzęcin","powiatId":"brzeski","type":"WIEJSKA"}},
{"type":"Feature","geometry":{"type":"Polygon","coordinates":[[[20.7345,50.1174],[20.7559,50.1206],[20.7531,50.1286],[20.7643,50.1301],[20.7593,50.1333],[20.7554,50.1377],[20.7535,50.1417],[20.747,50.1462],[20.7462,50.1477],[20.7301,50.1503],[20.7098,50.1545],[20.7042,50.1573],[20.6968,50.1642],[20.6994,50.1661],[20.6991,50.1692],[20.7015,50.1743],[20.7011,50.1799],[20.703,50.1835],[20.702,50.1863],[20.7066,50.1893],[20.7042,50.1906],[20.6992,50.1906],[20.69,50.1976],[20.6815,50.2008],[20.6804,50.1978],[20.6757,50.1965],[20.6662,50.1965],[20.6612,50.1926],[20.6592,50.1898],[20.6531,50.1849],[20.6373,50.1708],[20.6336,50.1689],[20.6284,50.1679],[20.6224,50.1652],[20.6181,50.1612],[20.6138,50.1558],[20.6095,50.1524],[20.6052,50.1516],[20.5974,50.1537],[20.5899,50.1522],[20.5886,50.1482],[20.5917,50.1426],[20.5904,50.1406],[20.5852,50.1398],[20.5811,50.1412],[20.5746,50.1471],[20.5715,50.1485],[20.5668,50.147],[20.5656,50.1436],[20.5622,50.1409],[20.5581,50.1402],[20.5516,50.141],[20.5429,50.1457],[20.5346,50.1461],[20.5111,50.1385],[20.506,50.1355],[20.5005,50.1309],[20.5008,50.1289],[20.5087,50.1225],[20.5115,50.1179],[20.5122,50.1099],[20.5081,50.1039],[20.5291,50.0995],[20.527,50.0919],[20.5267,50.0856],[20.5276,50.082],[20.5312,50.0784],[20.537,50.0793],[20.54,50.0781],[20.5495,50.0788],[20.5563,50.08],[20.5614,50.0794],[20.566,50.0804],[20.5787,50.0781],[20.5833,50.0746],[20.5904,50.073],[20.6,50.0693],[20.6122,50.07],[20.6182,50.0683],[20.6236,50.0657],[20.6246,50.0628],[20.6321,50.0563],[20.6311,50.0536],[20.6326,50.05],[20.628,50.0493],[20.621,50.0431],[20.6268,50.0413],[20.6297,50.0446],[20.636,50.0439],[20.6405,50.0456],[20.6449,50.0458],[20.641,50.0504],[20.639,50.051],[20.6397,50.0579],[20.6453,50.0615],[20.6544,50.0596],[20.6576,50.0578],[20.6605,50.0592],[20.6582,50.0621],[20.6467,50.0688],[20.6493,50.0731],[20.6477,50.0738],[20.6468,50.079],[20.6535,50.0803],[20.651,50.0821],[20.6522,50.093],[20.6518,50.095],[20.6558,50.0978],[20.6703,50.0957],[20.6727,50.1],[20.6792,50.1035],[20.6775,50.1072],[20.6797,50.1095],[20.6769,50.1153],[20.6804,50.1178],[20.6844,50.1161],[20.6926,50.1198],[20.6921,50.1226],[20.6977,50.1243],[20.7017,50.1228],[20.708,50.126],[20.7102,50.1235],[20.7171,50.1219],[20.7194,50.1198],[20.7342,50.1191],[20.7345,50.1174]]]},"properties":{"id":"szczurowa","teryt":"1202072","name":"Szczurowa","powiatId":"brzeski","type":"WIEJSKA"}},
{"type":"Feature","geometry":{"type":"Polygon","coordinates":[[[20.3272,50.1544],[20.3228,50.1589],[20.3178,50.1604],[20.3101,50.1572],[20.3066,50.1547],[20.2961,50.1562],[20.2894,50.1554],[20.2844,50.1593],[20.2793,50.1585],[20.2766,50.1574],[20.2784,50.1522],[20.2827,50.1462],[20.2794,50.14],[20.2793,50.1351],[20.277,50.1308],[20.2719,50.1339],[20.266,50.1345],[20.2655,50.1267],[20.2628,50.1201],[20.2575,50.1188],[20.2476,50.1137],[20.2452,50.1156],[20.236,50.1124],[20.2347,50.111],[20.2238,50.1116],[20.2091,50.1156],[20.205,50.1111],[20.2022,50.1111],[20.1976,50.1084],[20.1931,50.1032],[20.1916,50.0972],[20.1928,50.0878],[20.1891,50.0849],[20.1898,50.0823],[20.1955,50.0781],[20.1952,50.074],[20.193,50.0705],[20.1975,50.0691],[20.1992,50.067],[20.2068,50.0647],[20.212,50.0579],[20.2173,50.0534],[20.2255,50.0566],[20.2285,50.059],[20.2344,50.0679],[20.2415,50.0681],[20.2507,50.0651],[20.2558,50.067],[20.2569,50.0718],[20.2608,50.0753],[20.2658,50.0763],[20.2715,50.0761],[20.2755,50.077],[20.2862,50.0818],[20.2912,50.0866],[20.2917,50.0927],[20.2936,50.0964],[20.3003,50.0978],[20.3151,50.0942],[20.3246,50.0938],[20.3326,50.0917],[20.3405,50.0922],[20.3451,50.0942],[20.3484,50.0999],[20.3473,50.1024],[20.3402,50.1084],[20.3405,50.1111],[20.3538,50.1171],[20.3493,50.1202],[20.3413,50.1223],[20.3218,50.1223],[20.321,50.127],[20.3189,50.132],[20.3187,50.1375],[20.3216,50.1369],[20.3236,50.14],[20.3292,50.1444],[20.3324,50.1455],[20.3286,50.1489],[20.3272,50.1544]]]},"properties":{"id":"igolomia-wawrzenczyce","teryt":"1206022","name":"Igołomia-Wawrzeńczyce","powiatId":"krakowski","type":"WIEJSKA"}},
{"type":"Feature","geometry":{"type":"Polygon","coordinates":[[[20.0316,50.1079],[20.0285,50.1092],[20.0246,50.1194],[20.0168,50.1245],[20.0119,50.1246],[20.0041,50.1276],[20.0047,50.1298],[20.002,50.1322],[19.9961,50.1342],[19.9934,50.1327],[19.9798,50.1365],[19.9763,50.1404],[19.9686,50.139],[19.9664,50.1432],[19.9603,50.1485],[19.9456,50.1568],[19.9382,50.1605],[19.9347,50.1553],[19.9271,50.153],[19.9224,50.1524],[19.9239,50.1608],[19.9257,50.1663],[19.931,50.1704],[19.936,50.1712],[19.9392,50.1703],[19.9426,50.1733],[19.9339,50.1743],[19.9275,50.173],[19.9213,50.1766],[19.917,50.1811],[19.914,50.1817],[19.9001,50.184],[19.8919,50.1844],[19.8887,50.1833],[19.8837,50.1777],[19.8787,50.1765],[19.8636,50.1764],[19.8637,50.1739],[19.8569,50.1727],[19.8599,50.1693],[19.8608,50.165],[19.8703,50.1592],[19.8745,50.1587],[19.8746,50.1561],[19.8866,50.1508],[19.892,50.1504],[19.8902,50.1481],[19.8917,50.1423],[19.8944,50.1424],[19.8959,50.139],[19.8922,50.136],[19.8939,50.1338],[19.8903,50.1317],[19.8893,50.1274],[19.8905,50.124],[19.8925,50.1261],[19.9011,50.1251],[19.9085,50.1181],[19.9141,50.1056],[19.9151,50.1009],[19.9188,50.1013],[19.9277,50.1051],[19.9244,50.1113],[19.9249,50.1141],[19.929,50.114],[19.94,50.1162],[19.9402,50.1189],[19.9473,50.1193],[19.9488,50.1165],[19.9581,50.1083],[19.9633,50.1102],[19.9723,50.1068],[19.9867,50.1048],[19.9928,50.1067],[20.0045,50.1072],[20.0162,50.1066],[20.0242,50.1039],[20.0276,50.1044],[20.0316,50.1079]]]},"properties":{"id":"zielonki","teryt":"1206172","name":"Zielonki","powiatId":"krakowski","type":"WIEJSKA"}},
{"type":"Feature","geometry":{"type":"Polygon","coordinates":[[[20.1557,50.2042],[20.1478,50.2064],[20.1459,50.2032],[20.1408,50.2035],[20.1327,50.1964],[20.1213,50.1983],[20.118,50.1896],[20.1253,50.1872],[20.1201,50.1855],[20.1073,50.1874],[20.1,50.1858],[20.0997,50.1897],[20.0923,50.1902],[20.0921,50.1922],[20.0872,50.1941],[20.0703,50.1958],[20.0653,50.1947],[20.053,50.1942],[20.0459,50.1971],[20.042,50.1973],[20.0327,50.2003],[20.0301,50.2023],[20.0269,50.1957],[20.0287,50.1919],[20.027,50.1899],[20.0298,50.188],[20.0339,50.1876],[20.0353,50.1832],[20.0424,50.1836],[20.051,50.1824],[20.0492,50.1797],[20.0493,50.174],[20.0575,50.1693],[20.0581,50.1645],[20.0546,50.1594],[20.0601,50.1565],[20.058,50.1537],[20.0624,50.1489],[20.0594,50.148],[20.0619,50.1441],[20.0538,50.1405],[20.0502,50.1404],[20.0497,50.1362],[20.0465,50.1335],[20.0488,50.1307],[20.0443,50.1282],[20.0414,50.1218],[20.0429,50.1143],[20.0419,50.1135],[20.0469,50.1093],[20.0564,50.1126],[20.0585,50.1147],[20.0638,50.1134],[20.079,50.1124],[20.0755,50.1095],[20.0773,50.1082],[20.0882,50.1135],[20.0941,50.1148],[20.0963,50.1193],[20.1082,50.1168],[20.12,50.1165],[20.1208,50.1085],[20.1324,50.1068],[20.1431,50.1065],[20.1447,50.1115],[20.1468,50.1143],[20.1543,50.1195],[20.1591,50.1216],[20.1658,50.1215],[20.1724,50.1204],[20.1854,50.1168],[20.1917,50.1193],[20.1959,50.1187],[20.2013,50.1205],[20.2015,50.1255],[20.2044,50.1299],[20.2016,50.134],[20.1973,50.1326],[20.1945,50.134],[20.1905,50.1389],[20.1891,50.143],[20.1811,50.1441],[20.1815,50.1484],[20.1776,50.1496],[20.17,50.1499],[20.1608,50.1515],[20.1602,50.1536],[20.1524,50.1557],[20.146,50.155],[20.1456,50.1569],[20.1479,50.162],[20.1523,50.162],[20.162,50.1654],[20.1696,50.1688],[20.1682,50.1756],[20.1653,50.1752],[20.1608,50.1797],[20.1652,50.1821],[20.1666,50.1844],[20.1749,50.1868],[20.1749,50.1908],[20.1716,50.1908],[20.1651,50.195],[20.1645,50.1982],[20.1656,50.2026],[20.1557,50.2042]]]},"properties":{"id":"kocmyrzow-luborzyca","teryt":"1206052","name":"Kocmyrzów-Luborzyca","powiatId":"krakowski","type":"WIEJSKA"}},
{"type":"Feature","geometry":{"type":"Polygon","coordinates":[[[20.0419,50.1135],[20.0429,50.1143],[20.0414,50.1218],[20.0443,50.1282],[20.0488,50.1307],[20.0465,50.1335],[20.0497,50.1362],[20.0502,50.1404],[20.0538,50.1405],[20.0619,50.1441],[20.0594,50.148],[20.0624,50.1489],[20.058,50.1537],[20.0601,50.1565],[20.0546,50.1594],[20.0581,50.1645],[20.0575,50.1693],[20.0493,50.174],[20.0492,50.1797],[20.051,50.1824],[20.0424,50.1836],[20.0353,50.1832],[20.0339,50.1876],[20.0298,50.188],[20.027,50.1899],[20.0132,50.1945],[20.008,50.1972],[20.004,50.1918],[19.9964,50.1849],[19.9895,50.1857],[19.9924,50.1883],[19.9823,50.189],[19.9803,50.1872],[19.9684,50.1876],[19.9682,50.1866],[19.9559,50.1855],[19.9438,50.1861],[19.9448,50.178],[19.9426,50.1733],[19.9392,50.1703],[19.936,50.1712],[19.931,50.1704],[19.9257,50.1663],[19.9239,50.1608],[19.9224,50.1524],[19.9271,50.153],[19.9347,50.1553],[19.9382,50.1605],[19.9456,50.1568],[19.9603,50.1485],[19.9664,50.1432],[19.9686,50.139],[19.9763,50.1404],[19.9798,50.1365],[19.9934,50.1327],[19.9961,50.1342],[20.002,50.1322],[20.0047,50.1298],[20.0041,50.1276],[20.0119,50.1246],[20.0168,50.1245],[20.0246,50.1194],[20.0285,50.1092],[20.0316,50.1079],[20.0358,50.1086],[20.0374,50.1129],[20.0419,50.1135]]]},"properties":{"id":"michalowice","teryt":"1206082","name":"Michałowice","powiatId":"krakowski","type":"WIEJSKA"}},
{"type":"Feature","geometry":{"type":"Polygon","coordinates":[[[20.158,50.227],[20.1651,50.2281],[20.1724,50.2248],[20.1724,50.2219],[20.1632,50.2236],[20.1577,50.2151],[20.1557,50.2042],[20.1656,50.2026],[20.1645,50.1982],[20.1651,50.195],[20.1716,50.1908],[20.1749,50.1908],[20.1749,50.1868],[20.1666,50.1844],[20.1652,50.1821],[20.1608,50.1797],[20.1653,50.1752],[20.1682,50.1756],[20.1696,50.1688],[20.162,50.1654],[20.1523,50.162],[20.1479,50.162],[20.1456,50.1569],[20.146,50.155],[20.1524,50.1557],[20.1602,50.1536],[20.1608,50.1515],[20.17,50.1499],[20.1776,50.1496],[20.1815,50.1484],[20.1811,50.1441],[20.1891,50.143],[20.1905,50.1389],[20.1945,50.134],[20.1973,50.1326],[20.2016,50.134],[20.2044,50.1299],[20.2015,50.1255],[20.2013,50.1205],[20.2016,50.1175],[20.204,50.116],[20.2091,50.1156],[20.2238,50.1116],[20.2347,50.111],[20.236,50.1124],[20.2452,50.1156],[20.2476,50.1137],[20.2575,50.1188],[20.2628,50.1201],[20.2655,50.1267],[20.266,50.1345],[20.2719,50.1339],[20.277,50.1308],[20.2793,50.1351],[20.2794,50.14],[20.2827,50.1462],[20.2784,50.1522],[20.2766,50.1574],[20.2793,50.1585],[20.2747,50.1611],[20.2745,50.1666],[20.2704,50.1698],[20.2675,50.1697],[20.2662,50.1727],[20.2632,50.1742],[20.2559,50.1742],[20.2531,50.1775],[20.2455,50.1784],[20.246,50.1818],[20.2537,50.183],[20.2527,50.1854],[20.2583,50.1874],[20.2593,50.1916],[20.2579,50.1942],[20.2513,50.195],[20.2502,50.1989],[20.2453,50.203],[20.2432,50.2079],[20.2484,50.2145],[20.2522,50.2128],[20.2538,50.2091],[20.2574,50.2122],[20.2544,50.2176],[20.2581,50.2191],[20.2602,50.2245],[20.2561,50.2247],[20.2568,50.2216],[20.255,50.2193],[20.251,50.2208],[20.2473,50.2238],[20.2495,50.2268],[20.246,50.2277],[20.2467,50.2322],[20.2418,50.2336],[20.2313,50.2344],[20.2312,50.2357],[20.2221,50.2395],[20.2184,50.2372],[20.2106,50.2342],[20.2073,50.2358],[20.2082,50.238],[20.1964,50.2404],[20.1948,50.2385],[20.1827,50.2413],[20.1816,50.2437],[20.1766,50.2452],[20.1731,50.2402],[20.1681,50.236],[20.1633,50.2378],[20.1557,50.2384],[20.154,50.2322],[20.1584,50.2303],[20.158,50.227]]]},"properties":{"id":"koniusza","teryt":"1214012","name":"Koniusza","powiatId":"proszowicki","type":"WIEJSKA"}},
{"type":"Feature","geometry":{"type":"Polygon","coordinates":[[[20.4764,50.1383],[20.4756,50.1397],[20.4761,50.1466],[20.4781,50.1501],[20.4749,50.1559],[20.4846,50.1578],[20.4849,50.1697],[20.4874,50.1752],[20.4757,50.177],[20.4701,50.1731],[20.4617,50.1715],[20.4569,50.1746],[20.4529,50.1741],[20.4439,50.1707],[20.4367,50.172],[20.4339,50.1704],[20.4301,50.171],[20.4294,50.1751],[20.4223,50.1759],[20.4208,50.1806],[20.4177,50.1838],[20.41,50.1834],[20.4124,50.1794],[20.4096,50.177],[20.3998,50.1759],[20.3961,50.1769],[20.3885,50.1763],[20.3882,50.1746],[20.3797,50.175],[20.3812,50.1774],[20.372,50.1791],[20.367,50.1772],[20.3645,50.1643],[20.3628,50.1632],[20.3526,50.1659],[20.3429,50.1661],[20.3397,50.1646],[20.3359,50.1681],[20.332,50.1676],[20.329,50.1643],[20.3311,50.1581],[20.3272,50.1544],[20.3286,50.1489],[20.3324,50.1455],[20.3292,50.1444],[20.3236,50.14],[20.3216,50.1369],[20.3187,50.1375],[20.3189,50.132],[20.321,50.127],[20.3218,50.1223],[20.3413,50.1223],[20.3493,50.1202],[20.3538,50.1171],[20.3613,50.1178],[20.3664,50.1145],[20.3713,50.1135],[20.3762,50.1153],[20.3781,50.1194],[20.3815,50.122],[20.3851,50.1229],[20.3963,50.1219],[20.4008,50.1236],[20.4046,50.1276],[20.4032,50.1325],[20.3994,50.1364],[20.3994,50.1399],[20.4033,50.1428],[20.4072,50.1434],[20.4141,50.1404],[20.4185,50.1356],[20.4265,50.1342],[20.4336,50.1373],[20.4355,50.1426],[20.4417,50.1431],[20.4465,50.1392],[20.4484,50.1356],[20.4521,50.1331],[20.4572,50.1321],[20.4646,50.1336],[20.4707,50.1376],[20.4764,50.1383]]]},"properties":{"id":"nowe-brzesko","teryt":"1214033","name":"Nowe Brzesko","powiatId":"proszowicki","type":"MIEJSKO_WIEJSKA"}},
{"type":"Feature","geometry":{"type":"Polygon","coordinates":[[[20.5111,50.1385],[20.5346,50.1461],[20.5429,50.1457],[20.5516,50.141],[20.5581,50.1402],[20.5622,50.1409],[20.5656,50.1436],[20.5668,50.147],[20.5715,50.1485],[20.5746,50.1471],[20.5811,50.1412],[20.5852,50.1398],[20.5904,50.1406],[20.5917,50.1426],[20.5886,50.1482],[20.5899,50.1522],[20.5974,50.1537],[20.6052,50.1516],[20.6095,50.1524],[20.6138,50.1558],[20.6181,50.1612],[20.6224,50.1652],[20.6284,50.1679],[20.6336,50.1689],[20.6373,50.1708],[20.6531,50.1849],[20.6592,50.1898],[20.6612,50.1926],[20.6662,50.1965],[20.6757,50.1965],[20.6804,50.1978],[20.6815,50.2008],[20.6815,50.2059],[20.6735,50.203],[20.6703,50.2059],[20.6656,50.2057],[20.6604,50.2036],[20.652,50.2046],[20.6424,50.2107],[20.6382,50.2084],[20.6346,50.2116],[20.626,50.2044],[20.624,50.2007],[20.6129,50.2039],[20.6065,50.2045],[20.6059,50.2002],[20.6013,50.2002],[20.5935,50.2016],[20.5916,50.1985],[20.5887,50.1989],[20.5839,50.1967],[20.5816,50.1943],[20.583,50.189],[20.5725,50.1866],[20.5651,50.192],[20.5624,50.1993],[20.5572,50.2016],[20.5518,50.1998],[20.5392,50.1974],[20.5401,50.1912],[20.532,50.1914],[20.5175,50.1877],[20.5129,50.186],[20.5117,50.1893],[20.509,50.1902],[20.5,50.1907],[20.4927,50.1875],[20.4926,50.1844],[20.4876,50.1834],[20.4877,50.1799],[20.4913,50.1791],[20.4874,50.1752],[20.4849,50.1697],[20.4846,50.1578],[20.4749,50.1559],[20.4781,50.1501],[20.4761,50.1466],[20.4756,50.1397],[20.4764,50.1383],[20.481,50.1374],[20.4895,50.1343],[20.4981,50.1347],[20.5111,50.1385]]]},"properties":{"id":"koszyce","teryt":"1214023","name":"Koszyce","powiatId":"proszowicki","type":"MIEJSKO_WIEJSKA"}},
{"type":"Feature","geometry":{"type":"Polygon","coordinates":[[[20.7462,50.1477],[20.7578,50.1481],[20.7636,50.1457],[20.7686,50.1493],[20.7808,50.1564],[20.785,50.1635],[20.7809,50.167],[20.7844,50.1698],[20.7906,50.169],[20.7932,50.1676],[20.7976,50.1692],[20.7972,50.1715],[20.8029,50.1723],[20.8014,50.168],[20.8075,50.1681],[20.8098,50.1709],[20.81,50.174],[20.8074,50.1755],[20.8083,50.1782],[20.7969,50.1794],[20.7917,50.1811],[20.786,50.1844],[20.7834,50.1873],[20.7798,50.1944],[20.7731,50.1975],[20.7588,50.1984],[20.7504,50.2013],[20.7477,50.2061],[20.7491,50.2139],[20.7512,50.22],[20.7497,50.2246],[20.7458,50.2292],[20.728,50.2428],[20.7311,50.235],[20.7287,50.2305],[20.7247,50.2295],[20.7154,50.2293],[20.71,50.2278],[20.7062,50.2252],[20.7028,50.2176],[20.6971,50.2166],[20.688,50.2179],[20.6829,50.217],[20.6794,50.2124],[20.6815,50.2059],[20.6815,50.2008],[20.69,50.1976],[20.6992,50.1906],[20.7042,50.1906],[20.7066,50.1893],[20.702,50.1863],[20.703,50.1835],[20.7011,50.1799],[20.7015,50.1743],[20.6991,50.1692],[20.6994,50.1661],[20.6968,50.1642],[20.7042,50.1573],[20.7098,50.1545],[20.7301,50.1503],[20.7462,50.1477]]]},"properties":{"id":"wietrzychowice","teryt":"1216122","name":"Wietrzychowice","powiatId":"tarnowski","type":"WIEJSKA"}},
{"type":"Feature","geometry":{"type":"Polygon","coordinates":[[[20.5,50.1907],[20.4904,50.1929],[20.4774,50.1993],[20.4693,50.2008],[20.47,50.1972],[20.4735,50.1917],[20.4662,50.1921],[20.4689,50.1956],[20.4583,50.1973],[20.455,50.1992],[20.4515,50.1927],[20.4472,50.1951],[20.4434,50.1948],[20.4423,50.1925],[20.4372,50.1929],[20.4365,50.197],[20.4308,50.1973],[20.4313,50.1944],[20.4267,50.1927],[20.4155,50.1912],[20.4122,50.1935],[20.4119,50.1975],[20.4151,50.2002],[20.4102,50.2118],[20.4,50.2092],[20.3967,50.2106],[20.3847,50.2076],[20.3778,50.2126],[20.3746,50.216],[20.3775,50.2198],[20.3743,50.2272],[20.3759,50.2289],[20.3857,50.2318],[20.3922,50.2355],[20.3923,50.2378],[20.3994,50.2384],[20.3975,50.2415],[20.386,50.2435],[20.3839,50.2446],[20.3762,50.2432],[20.3759,50.2465],[20.3676,50.2487],[20.3627,50.2544],[20.3578,50.2558],[20.3569,50.2577],[20.3575,50.2525],[20.3485,50.2524],[20.3468,50.2465],[20.3392,50.2445],[20.3394,50.2353],[20.3353,50.2314],[20.3299,50.2318],[20.3297,50.2337],[20.3233,50.2342],[20.3219,50.2386],[20.3188,50.2404],[20.3118,50.2415],[20.3115,50.245],[20.3009,50.2461],[20.2952,50.2478],[20.2871,50.2471],[20.2781,50.2472],[20.2747,50.2463],[20.2701,50.2425],[20.2723,50.2371],[20.276,50.2374],[20.2773,50.2291],[20.2716,50.2238],[20.2629,50.2249],[20.2602,50.2245],[20.2581,50.2191],[20.2544,50.2176],[20.2574,50.2122],[20.2538,50.2091],[20.2522,50.2128],[20.2484,50.2145],[20.2432,50.2079],[20.2453,50.203],[20.2502,50.1989],[20.2513,50.195],[20.2579,50.1942],[20.2593,50.1916],[20.2583,50.1874],[20.2527,50.1854],[20.2537,50.183],[20.246,50.1818],[20.2455,50.1784],[20.2531,50.1775],[20.2559,50.1742],[20.2632,50.1742],[20.2662,50.1727],[20.2675,50.1697],[20.2704,50.1698],[20.2745,50.1666],[20.2747,50.1611],[20.2793,50.1585],[20.2844,50.1593],[20.2894,50.1554],[20.2961,50.1562],[20.3066,50.1547],[20.3101,50.1572],[20.3178,50.1604],[20.3228,50.1589],[20.3272,50.1544],[20.3311,50.1581],[20.329,50.1643],[20.332,50.1676],[20.3359,50.1681],[20.3397,50.1646],[20.3429,50.1661],[20.3526,50.1659],[20.3628,50.1632],[20.3645,50.1643],[20.367,50.1772],[20.372,50.1791],[20.3812,50.1774],[20.3797,50.175],[20.3882,50.1746],[20.3885,50.1763],[20.3961,50.1769],[20.3998,50.1759],[20.4096,50.177],[20.4124,50.1794],[20.41,50.1834],[20.4177,50.1838],[20.4208,50.1806],[20.4223,50.1759],[20.4294,50.1751],[20.4301,50.171],[20.4339,50.1704],[20.4367,50.172],[20.4439,50.1707],[20.4529,50.1741],[20.4569,50.1746],[20.4617,50.1715],[20.4701,50.1731],[20.4757,50.177],[20.4874,50.1752],[20.4913,50.1791],[20.4877,50.1799],[20.4876,50.1834],[20.4926,50.1844],[20.4927,50.1875],[20.5,50.1907]]]},"properties":{"id":"proszowice","teryt":"1214053","name":"Proszowice","powiatId":"proszowicki","type":"MIEJSKO_WIEJSKA"}},
{"type":"Feature","geometry":{"type":"Polygon","coordinates":[[[19.8569,50.1727],[19.8637,50.1739],[19.8636,50.1764],[19.8787,50.1765],[19.8837,50.1777],[19.8887,50.1833],[19.8919,50.1844],[19.9001,50.184],[19.914,50.1817],[19.9172,50.1872],[19.9243,50.1918],[19.9273,50.1954],[19.9184,50.1991],[19.9195,50.2013],[19.925,50.2053],[19.9288,50.2094],[19.9185,50.2186],[19.9192,50.2296],[19.9247,50.2295],[19.9282,50.2362],[19.9334,50.2401],[19.9256,50.2452],[19.9271,50.2468],[19.9217,50.2484],[19.9301,50.2512],[19.9347,50.2542],[19.9332,50.2567],[19.925,50.2589],[19.9205,50.2597],[19.9227,50.2688],[19.928,50.27],[19.9308,50.2721],[19.9292,50.2747],[19.9168,50.2776],[19.9113,50.2802],[19.9068,50.2762],[19.9014,50.2761],[19.8954,50.2702],[19.8936,50.2655],[19.8882,50.2667],[19.8887,50.2688],[19.8775,50.2718],[19.879,50.275],[19.8733,50.2785],[19.8662,50.2699],[19.8607,50.2663],[19.8503,50.2568],[19.848,50.2569],[19.8461,50.2499],[19.8375,50.251],[19.8375,50.2579],[19.8337,50.2583],[19.8338,50.2466],[19.8303,50.2448],[19.8136,50.2488],[19.8201,50.2415],[19.8176,50.2407],[19.8163,50.2371],[19.8216,50.2305],[19.8284,50.2247],[19.8317,50.223],[19.833,50.2194],[19.8299,50.2177],[19.8193,50.2187],[19.8171,50.2197],[19.8045,50.2226],[19.8011,50.2216],[19.8015,50.2163],[19.8042,50.2127],[19.8092,50.2093],[19.7917,50.2059],[19.7861,50.2074],[19.7824,50.2044],[19.7873,50.1994],[19.7907,50.2016],[19.7951,50.1989],[19.7984,50.2],[19.8011,50.1985],[19.8054,50.1992],[19.8078,50.1977],[19.8116,50.1997],[19.8168,50.1999],[19.8186,50.1967],[19.8118,50.1914],[19.8154,50.1836],[19.8193,50.1802],[19.8281,50.1856],[19.8329,50.1871],[19.8393,50.1856],[19.8405,50.183],[19.8377,50.1808],[19.8426,50.1779],[19.848,50.1766],[19.8516,50.1726],[19.8569,50.1727]]]},"properties":{"id":"skala","teryt":"1206103","name":"Skała","powiatId":"krakowski","type":"MIEJSKO_WIEJSKA"}},
{"type":"Feature","geometry":{"type":"Polygon","coordinates":[[[20.0301,50.2023],[20.0176,50.2069],[20.0227,50.211],[20.0264,50.212],[20.0274,50.215],[20.0339,50.2201],[20.0286,50.2249],[20.0238,50.2409],[20.0222,50.2408],[20.0169,50.2546],[20.008,50.2567],[20.0111,50.2617],[20.0101,50.2643],[20.0123,50.2712],[20.0053,50.2789],[19.9951,50.28],[19.9822,50.2819],[19.9706,50.2816],[19.9634,50.2806],[19.9592,50.2835],[19.9546,50.2826],[19.9461,50.2823],[19.9418,50.2785],[19.9425,50.2736],[19.9415,50.2683],[19.9382,50.2644],[19.9294,50.2638],[19.925,50.2589],[19.9332,50.2567],[19.9347,50.2542],[19.9301,50.2512],[19.9217,50.2484],[19.9271,50.2468],[19.9256,50.2452],[19.9334,50.2401],[19.9282,50.2362],[19.9247,50.2295],[19.9192,50.2296],[19.9185,50.2186],[19.9288,50.2094],[19.925,50.2053],[19.9195,50.2013],[19.9184,50.1991],[19.9273,50.1954],[19.9243,50.1918],[19.9172,50.1872],[19.914,50.1817],[19.917,50.1811],[19.9213,50.1766],[19.9275,50.173],[19.9339,50.1743],[19.9426,50.1733],[19.9448,50.178],[19.9438,50.1861],[19.9559,50.1855],[19.9682,50.1866],[19.9684,50.1876],[19.9803,50.1872],[19.9823,50.189],[19.9924,50.1883],[19.9895,50.1857],[19.9964,50.1849],[20.004,50.1918],[20.008,50.1972],[20.0132,50.1945],[20.027,50.1899],[20.0287,50.1919],[20.0269,50.1957],[20.0301,50.2023]]]},"properties":{"id":"iwanowice","teryt":"1206032","name":"Iwanowice","powiatId":"krakowski","type":"WIEJSKA"}},
{"type":"Feature","geometry":{"type":"Polygon","coordinates":[[[20.0301,50.2023],[20.0327,50.2003],[20.042,50.1973],[20.0459,50.1971],[20.053,50.1942],[20.0653,50.1947],[20.0703,50.1958],[20.0872,50.1941],[20.0921,50.1922],[20.0923,50.1902],[20.0997,50.1897],[20.1,50.1858],[20.1073,50.1874],[20.1201,50.1855],[20.1253,50.1872],[20.118,50.1896],[20.1213,50.1983],[20.1327,50.1964],[20.1408,50.2035],[20.1459,50.2032],[20.1478,50.2064],[20.1557,50.2042],[20.1577,50.2151],[20.1632,50.2236],[20.1724,50.2219],[20.1724,50.2248],[20.1651,50.2281],[20.158,50.227],[20.1541,50.2267],[20.1533,50.2306],[20.1455,50.2342],[20.1452,50.2377],[20.135,50.2419],[20.1324,50.2489],[20.133,50.2527],[20.1262,50.2604],[20.132,50.2664],[20.1379,50.2704],[20.1383,50.2718],[20.1452,50.2722],[20.1566,50.2716],[20.163,50.2747],[20.1726,50.2756],[20.1737,50.2829],[20.1766,50.284],[20.1769,50.2901],[20.1729,50.292],[20.1638,50.2945],[20.1609,50.2977],[20.1553,50.2974],[20.1547,50.3],[20.1504,50.2998],[20.1494,50.2959],[20.1445,50.2966],[20.1425,50.3016],[20.1309,50.3043],[20.1315,50.301],[20.1214,50.3052],[20.1205,50.3033],[20.1158,50.3037],[20.1119,50.3013],[20.1095,50.3033],[20.1122,50.3069],[20.1151,50.3058],[20.121,50.3057],[20.1244,50.3097],[20.1257,50.3132],[20.1221,50.3147],[20.1173,50.3101],[20.0901,50.3066],[20.093,50.3036],[20.0978,50.3043],[20.0964,50.297],[20.078,50.2982],[20.0742,50.2942],[20.0469,50.2983],[20.043,50.297],[20.0396,50.2941],[20.0343,50.2928],[20.0316,50.2937],[20.0225,50.2941],[20.0185,50.2935],[20.0176,50.2897],[20.0098,50.2862],[19.9955,50.2822],[19.9951,50.28],[20.0053,50.2789],[20.0123,50.2712],[20.0101,50.2643],[20.0111,50.2617],[20.008,50.2567],[20.0169,50.2546],[20.0222,50.2408],[20.0238,50.2409],[20.0286,50.2249],[20.0339,50.2201],[20.0274,50.215],[20.0264,50.212],[20.0227,50.211],[20.0176,50.2069],[20.0301,50.2023]]]},"properties":{"id":"slomniki","teryt":"1206123","name":"Słomniki","powiatId":"krakowski","type":"MIEJSKO_WIEJSKA"}},
{"type":"Feature","geometry":{"type":"Polygon","coordinates":[[[20.7491,50.2139],[20.7577,50.2096],[20.7634,50.2112],[20.7769,50.2137],[20.7834,50.2174],[20.7933,50.2185],[20.7965,50.216],[20.7974,50.2134],[20.8005,50.2122],[20.8057,50.2125],[20.8121,50.2116],[20.8199,50.2178],[20.8243,50.2169],[20.8274,50.2212],[20.8311,50.2232],[20.8362,50.2221],[20.8365,50.2259],[20.8346,50.23],[20.8421,50.2312],[20.8381,50.2404],[20.8397,50.2455],[20.8405,50.2489],[20.8473,50.2531],[20.8441,50.2554],[20.8353,50.2593],[20.8281,50.2694],[20.8304,50.2739],[20.8276,50.2751],[20.8176,50.2841],[20.8058,50.2895],[20.7968,50.2904],[20.7899,50.2896],[20.7825,50.2862],[20.7783,50.2832],[20.7744,50.2773],[20.773,50.2727],[20.768,50.2683],[20.7626,50.2666],[20.7543,50.2654],[20.7406,50.2566],[20.7335,50.2543],[20.728,50.2503],[20.7272,50.2464],[20.728,50.2428],[20.7458,50.2292],[20.7497,50.2246],[20.7512,50.22],[20.7491,50.2139]]]},"properties":{"id":"greboszow","teryt":"1204032","name":"Gręboszów","powiatId":"dabrowski","type":"WIEJSKA"}},
{"type":"Feature","geometry":{"type":"Polygon","coordinates":[[[20.2623,50.3027],[20.2593,50.3048],[20.2499,50.3053],[20.2397,50.3003],[20.2278,50.3013],[20.2203,50.3011],[20.2204,50.2993],[20.2138,50.2984],[20.2113,50.2998],[20.2016,50.2979],[20.1991,50.299],[20.1936,50.2994],[20.1851,50.2929],[20.1812,50.2907],[20.1769,50.2901],[20.1766,50.284],[20.1737,50.2829],[20.1726,50.2756],[20.163,50.2747],[20.1566,50.2716],[20.1452,50.2722],[20.1383,50.2718],[20.1379,50.2704],[20.132,50.2664],[20.1262,50.2604],[20.133,50.2527],[20.1324,50.2489],[20.135,50.2419],[20.1452,50.2377],[20.1455,50.2342],[20.1533,50.2306],[20.1541,50.2267],[20.158,50.227],[20.1584,50.2303],[20.154,50.2322],[20.1557,50.2384],[20.1633,50.2378],[20.1681,50.236],[20.1731,50.2402],[20.1766,50.2452],[20.1816,50.2437],[20.1827,50.2413],[20.1948,50.2385],[20.1964,50.2404],[20.2082,50.238],[20.2073,50.2358],[20.2106,50.2342],[20.2184,50.2372],[20.2221,50.2395],[20.2312,50.2357],[20.2313,50.2344],[20.2418,50.2336],[20.2467,50.2322],[20.246,50.2277],[20.2495,50.2268],[20.2473,50.2238],[20.251,50.2208],[20.255,50.2193],[20.2568,50.2216],[20.2561,50.2247],[20.2602,50.2245],[20.2629,50.2249],[20.2716,50.2238],[20.2773,50.2291],[20.276,50.2374],[20.2723,50.2371],[20.2701,50.2425],[20.2747,50.2463],[20.2723,50.2458],[20.2617,50.2468],[20.2566,50.248],[20.2562,50.2508],[20.2578,50.2579],[20.2631,50.2569],[20.261,50.2689],[20.2663,50.2758],[20.2673,50.2783],[20.2594,50.28],[20.2608,50.2827],[20.2546,50.283],[20.2582,50.2913],[20.2583,50.2934],[20.2624,50.2956],[20.2671,50.2955],[20.2656,50.2998],[20.2623,50.3027]]]},"properties":{"id":"radziemice","teryt":"1214062","name":"Radziemice","powiatId":"proszowicki","type":"WIEJSKA"}},
{"type":"Feature","geometry":{"type":"Polygon","coordinates":[[[20.2926,50.3222],[20.2927,50.309],[20.2883,50.3096],[20.2683,50.3089],[20.2699,50.3032],[20.2623,50.3027],[20.2656,50.2998],[20.2671,50.2955],[20.2624,50.2956],[20.2583,50.2934],[20.2582,50.2913],[20.2546,50.283],[20.2608,50.2827],[20.2594,50.28],[20.2673,50.2783],[20.2663,50.2758],[20.261,50.2689],[20.2631,50.2569],[20.2578,50.2579],[20.2562,50.2508],[20.2566,50.248],[20.2617,50.2468],[20.2723,50.2458],[20.2747,50.2463],[20.2781,50.2472],[20.2871,50.2471],[20.2952,50.2478],[20.3009,50.2461],[20.3115,50.245],[20.3118,50.2415],[20.3188,50.2404],[20.3219,50.2386],[20.3233,50.2342],[20.3297,50.2337],[20.3299,50.2318],[20.3353,50.2314],[20.3394,50.2353],[20.3392,50.2445],[20.3468,50.2465],[20.3485,50.2524],[20.3575,50.2525],[20.3569,50.2577],[20.353,50.2636],[20.3472,50.2626],[20.3404,50.2643],[20.3334,50.2674],[20.3309,50.2676],[20.3323,50.2721],[20.3355,50.2716],[20.3433,50.2726],[20.3436,50.277],[20.3499,50.2783],[20.3555,50.2804],[20.3617,50.2811],[20.3621,50.2846],[20.3587,50.286],[20.3565,50.2889],[20.3488,50.2905],[20.341,50.2871],[20.3383,50.2919],[20.3409,50.2989],[20.3491,50.2989],[20.3432,50.3058],[20.3361,50.3033],[20.3317,50.3057],[20.3279,50.3186],[20.3188,50.3197],[20.3127,50.322],[20.3022,50.3229],[20.2954,50.3201],[20.2926,50.3222]]]},"properties":{"id":"palecznica","teryt":"1214042","name":"Pałecznica","powiatId":"proszowicki","type":"WIEJSKA"}},
{"type":"Feature","geometry":{"type":"MultiPolygon","coordinates":[[[[19.9382,50.3547],[19.9184,50.356],[19.9216,50.3629],[19.9201,50.3659],[19.9193,50.3734],[19.9137,50.3756],[19.9039,50.3772],[19.9027,50.3785],[19.8957,50.3772],[19.8957,50.3797],[19.8999,50.387],[19.8978,50.3919],[19.8911,50.3929],[19.8916,50.3952],[19.886,50.395],[19.8852,50.393],[19.8794,50.3935],[19.872,50.3951],[19.8684,50.3892],[19.8617,50.3933],[19.8512,50.3927],[19.8488,50.3885],[19.8507,50.3775],[19.8477,50.3734],[19.8471,50.3705],[19.8523,50.3694],[19.8539,50.3657],[19.85,50.3612],[19.8457,50.36],[19.8434,50.3576],[19.8431,50.3543],[19.8372,50.3545],[19.8328,50.3526],[19.8322,50.3486],[19.8296,50.3437],[19.8287,50.3397],[19.8253,50.3274],[19.8408,50.3228],[19.8398,50.3212],[19.851,50.3156],[19.8609,50.3158],[19.8674,50.3147],[19.8829,50.3087],[19.8921,50.31],[19.9075,50.3055],[19.9083,50.3044],[19.9209,50.2985],[19.9066,50.2883],[19.9005,50.2846],[19.9014,50.2761],[19.9068,50.2762],[19.9113,50.2802],[19.9168,50.2776],[19.9292,50.2747],[19.9308,50.2721],[19.928,50.27],[19.9227,50.2688],[19.9205,50.2597],[19.925,50.2589],[19.9294,50.2638],[19.9382,50.2644],[19.9415,50.2683],[19.9425,50.2736],[19.9418,50.2785],[19.9461,50.2823],[19.9546,50.2826],[19.9592,50.2835],[19.9634,50.2806],[19.9706,50.2816],[19.9822,50.2819],[19.9951,50.28],[19.9955,50.2822],[20.0098,50.2862],[20.0176,50.2897],[20.0185,50.2935],[20.0225,50.2941],[20.0226,50.2956],[20.0073,50.2985],[20.0041,50.3039],[20.0045,50.3084],[19.9917,50.311],[19.9839,50.3113],[19.9751,50.3106],[19.9651,50.3111],[19.9675,50.3145],[19.9658,50.3168],[19.9684,50.3233],[19.9666,50.3284],[19.9686,50.3305],[19.9724,50.3305],[19.9809,50.3336],[19.977,50.335],[19.9675,50.3431],[19.9705,50.3462],[19.9586,50.3482],[19.9466,50.3489],[19.9398,50.3502],[19.9382,50.3547]]],[[[19.8812,50.3988],[19.8797,50.3969],[19.8859,50.395],[19.8869,50.3979],[19.8812,50.3988]]]]},"properties":{"id":"golcza","teryt":"1208022","name":"Gołcza","powiatId":"miechowski","type":"WIEJSKA"}},
{"type":"Feature","geometry":{"type":"Polygon","coordinates":[[[21.0933,49.9318],[21.0927,49.9345],[21.0989,49.9369],[21.0998,49.9397],[21.1028,49.9408],[21.0978,49.9501],[21.0984,49.9531],[21.0962,49.9565],[21.0904,49.9623],[21.0849,49.9639],[21.0831,49.9628],[21.0781,49.9559],[21.0737,49.9543],[21.0676,49.9536],[21.069,49.9497],[21.0624,49.9468],[21.0586,49.9413],[21.0595,49.9359],[21.0562,49.9367],[21.0518,49.9328],[21.0485,49.9315],[21.0422,49.9339],[21.0336,49.9341],[21.0242,49.9324],[21.0211,49.9344],[21.014,49.9334],[21.0028,49.9363],[20.9974,49.9371],[20.9887,49.9366],[20.9844,49.9389],[20.9834,49.935],[20.9787,49.9319],[20.9715,49.9147],[20.976,49.9153],[20.9762,49.9093],[20.9738,49.9059],[20.9704,49.9058],[20.9639,49.9023],[20.964,49.8996],[20.9681,49.8969],[20.9725,49.897],[20.9742,49.895],[20.9755,49.8892],[20.9808,49.8879],[20.9822,49.8848],[20.973,49.8797],[20.9697,49.8755],[20.9754,49.8738],[20.9747,49.8696],[20.9779,49.8668],[20.9897,49.8646],[20.9959,49.8583],[21.0003,49.8553],[21.0016,49.8524],[21.0059,49.8499],[21.0114,49.8496],[21.0125,49.8473],[21.0163,49.8455],[21.0219,49.8461],[21.03,49.8454],[21.0412,49.8393],[21.0432,49.8352],[21.044,49.8326],[21.0408,49.825],[21.0496,49.8224],[21.0572,49.8176],[21.0663,49.8141],[21.0713,49.8137],[21.0796,49.8107],[21.0893,49.8134],[21.0932,49.8172],[21.1037,49.8214],[21.106,49.8244],[21.1049,49.83],[21.1023,49.8348],[21.1045,49.8413],[21.1105,49.8414],[21.1175,49.8404],[21.1197,49.8418],[21.1285,49.8423],[21.1297,49.8464],[21.1329,49.8476],[21.1239,49.848],[21.1161,49.8496],[21.1106,49.8478],[21.1087,49.8448],[21.1026,49.8432],[21.0863,49.8455],[21.0823,49.8473],[21.0826,49.8492],[21.0881,49.8592],[21.0874,49.8703],[21.0852,49.8726],[21.0865,49.8799],[21.0891,49.8865],[21.0839,49.8869],[21.0767,49.8929],[21.0838,49.8948],[21.0917,49.8927],[21.0965,49.8969],[21.1075,49.8971],[21.1097,49.8986],[21.1073,49.9028],[21.0984,49.9052],[21.0937,49.9103],[21.0887,49.9137],[21.0833,49.9124],[21.0744,49.9159],[21.0788,49.9201],[21.0816,49.9211],[21.094,49.9226],[21.0962,49.9245],[21.0918,49.9277],[21.0942,49.9288],[21.0933,49.9318]]]},"properties":{"id":"tuchow","teryt":"1216103","name":"Tuchów","powiatId":"tarnowski","type":"MIEJSKO_WIEJSKA"}},
{"type":"Feature","geometry":{"type":"Polygon","coordinates":[[[21.1329,49.8476],[21.1361,49.8465],[21.151,49.8486],[21.1626,49.8477],[21.1695,49.8457],[21.1722,49.8484],[21.1794,49.8501],[21.1852,49.8488],[21.1951,49.8508],[21.1981,49.8531],[21.2063,49.8547],[21.2113,49.8527],[21.2169,49.8531],[21.2201,49.852],[21.225,49.8526],[21.2258,49.8572],[21.2284,49.8627],[21.2262,49.8706],[21.2284,49.8772],[21.2254,49.8838],[21.2278,49.8864],[21.2307,49.8837],[21.2436,49.8852],[21.2487,49.8845],[21.2611,49.8848],[21.2658,49.8874],[21.2732,49.8893],[21.2794,49.8919],[21.2834,49.8977],[21.2882,49.9094],[21.2879,49.9141],[21.2847,49.9241],[21.2777,49.9282],[21.2707,49.9266],[21.2601,49.927],[21.2577,49.9291],[21.2524,49.929],[21.2473,49.9305],[21.2308,49.9287],[21.2115,49.9293],[21.1925,49.9316],[21.1856,49.9271],[21.1797,49.9283],[21.1765,49.9329],[21.1717,49.9371],[21.1717,49.9429],[21.1655,49.9455],[21.1625,49.9448],[21.1529,49.9456],[21.1435,49.9455],[21.1277,49.9466],[21.1185,49.9432],[21.1072,49.9372],[21.096,49.9324],[21.0933,49.9318],[21.0942,49.9288],[21.0918,49.9277],[21.0962,49.9245],[21.094,49.9226],[21.0816,49.9211],[21.0788,49.9201],[21.0744,49.9159],[21.0833,49.9124],[21.0887,49.9137],[21.0937,49.9103],[21.0984,49.9052],[21.1073,49.9028],[21.1097,49.8986],[21.1075,49.8971],[21.0965,49.8969],[21.0917,49.8927],[21.0838,49.8948],[21.0767,49.8929],[21.0839,49.8869],[21.0891,49.8865],[21.0865,49.8799],[21.0852,49.8726],[21.0874,49.8703],[21.0881,49.8592],[21.0826,49.8492],[21.0823,49.8473],[21.0863,49.8455],[21.1026,49.8432],[21.1087,49.8448],[21.1106,49.8478],[21.1161,49.8496],[21.1239,49.848],[21.1329,49.8476]]]},"properties":{"id":"ryglice","teryt":"1216063","name":"Ryglice","powiatId":"tarnowski","type":"MIEJSKO_WIEJSKA"}},
{"type":"Feature","geometry":{"type":"Polygon","coordinates":[[[20.9844,49.9389],[20.9811,49.9417],[20.9827,49.9465],[20.9831,49.9518],[20.9751,49.9556],[20.9722,49.9587],[20.9586,49.964],[20.955,49.9642],[20.9516,49.9611],[20.9464,49.9593],[20.9441,49.9573],[20.9402,49.9588],[20.9274,49.9602],[20.9168,49.9593],[20.9173,49.9561],[20.9096,49.9546],[20.9109,49.9518],[20.9077,49.9494],[20.9024,49.948],[20.896,49.9499],[20.8843,49.9514],[20.8811,49.9525],[20.8739,49.9522],[20.8724,49.9483],[20.8679,49.9449],[20.8558,49.9407],[20.8505,49.9395],[20.8483,49.9376],[20.8487,49.9321],[20.8506,49.9285],[20.8507,49.9212],[20.8462,49.9164],[20.8324,49.9147],[20.8281,49.9103],[20.8316,49.9014],[20.8287,49.8961],[20.828,49.8898],[20.8314,49.8873],[20.8401,49.8852],[20.841,49.8811],[20.8446,49.8831],[20.8498,49.8841],[20.8518,49.8859],[20.8678,49.8819],[20.869,49.8798],[20.875,49.8791],[20.8794,49.8804],[20.8828,49.8781],[20.8837,49.8807],[20.8957,49.8805],[20.9015,49.8809],[20.9063,49.8839],[20.9284,49.8726],[20.9304,49.8735],[20.9361,49.8709],[20.9415,49.8695],[20.9453,49.867],[20.9523,49.8664],[20.9591,49.8675],[20.9653,49.8706],[20.9697,49.8755],[20.973,49.8797],[20.9822,49.8848],[20.9808,49.8879],[20.9755,49.8892],[20.9742,49.895],[20.9725,49.897],[20.9681,49.8969],[20.964,49.8996],[20.9639,49.9023],[20.9704,49.9058],[20.9738,49.9059],[20.9762,49.9093],[20.976,49.9153],[20.9715,49.9147],[20.9787,49.9319],[20.9834,49.935],[20.9844,49.9389]]]},"properties":{"id":"plesna","teryt":"1216042","name":"Pleśna","powiatId":"tarnowski","type":"WIEJSKA"}},
{"type":"Feature","geometry":{"type":"Polygon","coordinates":[[[20.8805,49.9745],[20.8771,49.9754],[20.8713,49.9729],[20.8718,49.9692],[20.8618,49.9715],[20.862,49.9739],[20.8675,49.9773],[20.8649,49.9803],[20.86,49.9813],[20.857,49.9795],[20.8493,49.9778],[20.8449,49.9795],[20.8416,49.9846],[20.8387,49.9865],[20.8303,49.985],[20.8257,49.9856],[20.825,49.9965],[20.7849,49.9983],[20.7859,50.0069],[20.7727,50.0075],[20.7745,50.0118],[20.7785,50.0152],[20.7759,50.0179],[20.769,50.0202],[20.7649,50.0196],[20.7632,50.0139],[20.7514,50.0131],[20.7459,50.0074],[20.7479,50.0062],[20.7486,50.0023],[20.7513,50.0023],[20.7574,49.999],[20.7565,49.996],[20.7579,49.9921],[20.765,49.985],[20.7652,49.9814],[20.7559,49.9738],[20.7563,49.968],[20.7556,49.9636],[20.7743,49.9602],[20.7765,49.9587],[20.7872,49.957],[20.7929,49.9543],[20.7894,49.9531],[20.7872,49.9503],[20.7798,49.9476],[20.7774,49.9456],[20.7699,49.9423],[20.7582,49.9425],[20.7532,49.9391],[20.7543,49.9343],[20.7562,49.9325],[20.7584,49.923],[20.7596,49.9207],[20.7528,49.9184],[20.7535,49.9159],[20.7566,49.9142],[20.7749,49.9078],[20.7746,49.9039],[20.781,49.901],[20.7896,49.8949],[20.7884,49.8917],[20.7918,49.8883],[20.7976,49.8872],[20.802,49.8843],[20.8116,49.8836],[20.8132,49.8806],[20.818,49.8814],[20.8215,49.8781],[20.8252,49.8796],[20.8308,49.8795],[20.8312,49.8763],[20.8398,49.8782],[20.841,49.8811],[20.8401,49.8852],[20.8314,49.8873],[20.828,49.8898],[20.8287,49.8961],[20.8316,49.9014],[20.8281,49.9103],[20.8324,49.9147],[20.8462,49.9164],[20.8507,49.9212],[20.8506,49.9285],[20.8487,49.9321],[20.8483,49.9376],[20.8505,49.9395],[20.8558,49.9407],[20.8679,49.9449],[20.8724,49.9483],[20.8739,49.9522],[20.8762,49.9563],[20.8818,49.9606],[20.8806,49.9666],[20.883,49.9714],[20.8805,49.9745]]]},"properties":{"id":"wojnicz","teryt":"1216133","name":"Wojnicz","powiatId":"tarnowski","type":"MIEJSKO_WIEJSKA"}},
{"type":"Feature","geometry":{"type":"MultiPolygon","coordinates":[[[[21.1653,50.0671],[21.1601,50.0678],[21.1567,50.0667],[21.1485,50.0677],[21.1355,50.0707],[21.1274,50.0689],[21.1235,50.066],[21.1199,50.0679],[21.1146,50.0654],[21.1095,50.0651],[21.1047,50.0631],[21.1071,50.058],[21.0798,50.0525],[21.0751,50.0546],[21.0683,50.0539],[21.0534,50.0537],[21.0472,50.0509],[21.0415,50.05],[21.0341,50.0465],[21.0357,50.0409],[21.0355,50.0368],[21.033,50.0327],[21.0336,50.0251],[21.035,50.0225],[21.0395,50.024],[21.0542,50.0193],[21.0623,50.0156],[21.0714,50.0169],[21.0744,50.021],[21.0885,50.0167],[21.0881,50.0227],[21.0969,50.0243],[21.098,50.0255],[21.1102,50.0266],[21.1099,50.0288],[21.1155,50.0308],[21.1334,50.0398],[21.1337,50.0414],[21.1419,50.0445],[21.1469,50.0475],[21.1501,50.047],[21.1461,50.0543],[21.1587,50.0572],[21.1682,50.0612],[21.1678,50.0657],[21.1653,50.0671]]],[[[20.9159,50.0504],[20.917,50.0458],[20.9161,50.0414],[20.9111,50.0363],[20.9168,50.0337],[20.9278,50.036],[20.9283,50.0399],[20.9315,50.0443],[20.9262,50.0505],[20.9247,50.0498],[20.9159,50.0504]]],[[[21.024,49.9892],[21.0156,49.9912],[21.0131,49.9883],[21.0051,49.9875],[20.997,49.9886],[20.9887,49.9878],[20.9788,49.9893],[20.9714,49.9882],[20.9674,49.9857],[20.9641,49.99],[20.9602,49.9898],[20.9588,49.9864],[20.9498,49.9877],[20.9492,49.9909],[20.9399,49.9922],[20.9369,49.9903],[20.9348,49.986],[20.9288,49.9874],[20.928,49.9857],[20.9129,49.9885],[20.9155,49.9932],[20.9202,49.9936],[20.9213,49.9977],[20.9099,49.9989],[20.9044,50.0001],[20.9035,50.0036],[20.8974,50.0003],[20.892,50.003],[20.8893,50.0017],[20.8876,49.9951],[20.8894,49.9894],[20.8879,49.9863],[20.8825,49.9828],[20.8793,49.979],[20.8805,49.9745],[20.883,49.9714],[20.8806,49.9666],[20.8818,49.9606],[20.8762,49.9563],[20.8739,49.9522],[20.8811,49.9525],[20.8843,49.9514],[20.896,49.9499],[20.9024,49.948],[20.9077,49.9494],[20.9109,49.9518],[20.9096,49.9546],[20.9173,49.9561],[20.9168,49.9593],[20.9274,49.9602],[20.9402,49.9588],[20.9441,49.9573],[20.9464,49.9593],[20.9516,49.9611],[20.955,49.9642],[20.9586,49.964],[20.9722,49.9587],[20.9751,49.9556],[20.9831,49.9518],[20.9827,49.9465],[20.9811,49.9417],[20.9844,49.9389],[20.9887,49.9366],[20.9974,49.9371],[21.0028,49.9363],[21.014,49.9334],[21.0211,49.9344],[21.0242,49.9324],[21.0336,49.9341],[21.0422,49.9339],[21.0485,49.9315],[21.0518,49.9328],[21.0562,49.9367],[21.05,49.9424],[21.0447,49.9501],[21.0407,49.9533],[21.0346,49.9537],[21.0248,49.9534],[21.021,49.9602],[21.0167,49.9639],[21.0168,49.9665],[21.0195,49.9686],[21.0274,49.9711],[21.028,49.9757],[21.0336,49.9834],[21.0285,49.9845],[21.024,49.9892]]]]},"properties":{"id":"tarnow-wies","teryt":"1216092","name":"Tarnów – gmina wiejska","powiatId":"tarnowski","type":"WIEJSKA"}},
{"type":"Feature","geometry":{"type":"Polygon","coordinates":[[[21.0562,49.9367],[21.0595,49.9359],[21.0586,49.9413],[21.0624,49.9468],[21.069,49.9497],[21.0676,49.9536],[21.0737,49.9543],[21.0781,49.9559],[21.0831,49.9628],[21.0849,49.9639],[21.0904,49.9623],[21.0962,49.9565],[21.0984,49.9531],[21.0978,49.9501],[21.1028,49.9408],[21.0998,49.9397],[21.0989,49.9369],[21.0927,49.9345],[21.0933,49.9318],[21.096,49.9324],[21.1072,49.9372],[21.1185,49.9432],[21.1277,49.9466],[21.1435,49.9455],[21.1529,49.9456],[21.1625,49.9448],[21.1655,49.9455],[21.1657,49.9484],[21.161,49.9509],[21.1619,49.9549],[21.1605,49.9578],[21.161,49.9644],[21.1573,49.9708],[21.1504,49.9765],[21.1509,49.9801],[21.1497,49.9959],[21.1531,49.9963],[21.1544,50.0034],[21.1621,50.007],[21.1788,50.0118],[21.1813,50.0166],[21.1892,50.0265],[21.1929,50.0293],[21.1738,50.0352],[21.173,50.0392],[21.1612,50.0422],[21.1515,50.0453],[21.1501,50.047],[21.1469,50.0475],[21.1419,50.0445],[21.1337,50.0414],[21.1334,50.0398],[21.1155,50.0308],[21.1099,50.0288],[21.1102,50.0266],[21.098,50.0255],[21.0969,50.0243],[21.0881,50.0227],[21.0885,50.0167],[21.0744,50.021],[21.0714,50.0169],[21.0623,50.0156],[21.0601,50.0141],[21.0551,50.0138],[21.0491,50.0074],[21.0379,50.0035],[21.0282,50.0066],[21.0266,50.0034],[21.022,50.0048],[21.0229,49.9981],[21.0247,49.9931],[21.024,49.9892],[21.0285,49.9845],[21.0336,49.9834],[21.028,49.9757],[21.0274,49.9711],[21.0195,49.9686],[21.0168,49.9665],[21.0167,49.9639],[21.021,49.9602],[21.0248,49.9534],[21.0346,49.9537],[21.0407,49.9533],[21.0447,49.9501],[21.05,49.9424],[21.0562,49.9367]]]},"properties":{"id":"skrzyszow","teryt":"1216082","name":"Skrzyszów","powiatId":"tarnowski","type":"WIEJSKA"}},
{"type":"Feature","geometry":{"type":"Polygon","coordinates":[[[20.9035,50.0036],[20.9085,50.0049],[20.9107,50.0091],[20.9057,50.0128],[20.902,50.0135],[20.897,50.0103],[20.8936,50.0121],[20.8974,50.0192],[20.8936,50.0272],[20.9027,50.0322],[20.9097,50.0342],[20.9111,50.0363],[20.9161,50.0414],[20.917,50.0458],[20.9159,50.0504],[20.9139,50.0535],[20.9106,50.0552],[20.904,50.0566],[20.9006,50.0587],[20.8984,50.0619],[20.8989,50.0744],[20.8896,50.0725],[20.8876,50.0686],[20.8793,50.0691],[20.8753,50.0653],[20.8644,50.0637],[20.8572,50.0618],[20.8551,50.0571],[20.8596,50.053],[20.8618,50.0488],[20.8658,50.0456],[20.8652,50.0434],[20.8582,50.0423],[20.849,50.0438],[20.843,50.0473],[20.8303,50.0532],[20.8256,50.0541],[20.818,50.0581],[20.8106,50.0602],[20.7956,50.0659],[20.7928,50.0694],[20.7978,50.0739],[20.7969,50.0776],[20.7886,50.0742],[20.7843,50.0706],[20.7795,50.069],[20.776,50.0665],[20.7729,50.0609],[20.7691,50.0574],[20.7638,50.0561],[20.7576,50.0527],[20.7569,50.0495],[20.7581,50.0463],[20.756,50.0424],[20.759,50.038],[20.755,50.033],[20.7593,50.03],[20.7652,50.031],[20.7782,50.0297],[20.7915,50.0276],[20.7982,50.0257],[20.7981,50.0226],[20.782,50.0175],[20.7871,50.0166],[20.7859,50.0069],[20.7849,49.9983],[20.825,49.9965],[20.8257,49.9856],[20.8303,49.985],[20.8387,49.9865],[20.8416,49.9846],[20.8449,49.9795],[20.8493,49.9778],[20.857,49.9795],[20.86,49.9813],[20.8649,49.9803],[20.8675,49.9773],[20.862,49.9739],[20.8618,49.9715],[20.8718,49.9692],[20.8713,49.9729],[20.8771,49.9754],[20.8805,49.9745],[20.8793,49.979],[20.8825,49.9828],[20.8879,49.9863],[20.8894,49.9894],[20.8876,49.9951],[20.8893,50.0017],[20.892,50.003],[20.8974,50.0003],[20.9035,50.0036]]]},"properties":{"id":"wierzchoslawice","teryt":"1216112","name":"Wierzchosławice","powiatId":"tarnowski","type":"WIEJSKA"}},
{"type":"Feature","geometry":{"type":"Polygon","coordinates":[[[20.9035,50.0036],[20.9044,50.0001],[20.9099,49.9989],[20.9213,49.9977],[20.9202,49.9936],[20.9155,49.9932],[20.9129,49.9885],[20.928,49.9857],[20.9288,49.9874],[20.9348,49.986],[20.9369,49.9903],[20.9399,49.9922],[20.9492,49.9909],[20.9498,49.9877],[20.9588,49.9864],[20.9602,49.9898],[20.9641,49.99],[20.9674,49.9857],[20.9714,49.9882],[20.9788,49.9893],[20.9887,49.9878],[20.997,49.9886],[21.0051,49.9875],[21.0131,49.9883],[21.0156,49.9912],[21.024,49.9892],[21.0247,49.9931],[21.0229,49.9981],[21.022,50.0048],[21.0266,50.0034],[21.0282,50.0066],[21.0379,50.0035],[21.0491,50.0074],[21.0551,50.0138],[21.0601,50.0141],[21.0623,50.0156],[21.0542,50.0193],[21.0395,50.024],[21.035,50.0225],[21.0336,50.0251],[21.033,50.0327],[21.0355,50.0368],[21.0357,50.0409],[21.0341,50.0465],[21.0347,50.0505],[21.0263,50.0552],[21.0087,50.0533],[21.0126,50.0604],[21.0116,50.0622],[20.9975,50.0648],[20.9892,50.0649],[20.9875,50.0622],[20.9792,50.0649],[20.9687,50.0645],[20.9585,50.0653],[20.953,50.0652],[20.9409,50.0666],[20.9286,50.0656],[20.9255,50.0641],[20.9287,50.0585],[20.9312,50.0569],[20.9293,50.0528],[20.9262,50.0505],[20.9315,50.0443],[20.9283,50.0399],[20.9278,50.036],[20.9168,50.0337],[20.9111,50.0363],[20.9097,50.0342],[20.9027,50.0322],[20.8936,50.0272],[20.8974,50.0192],[20.8936,50.0121],[20.897,50.0103],[20.902,50.0135],[20.9057,50.0128],[20.9107,50.0091],[20.9085,50.0049],[20.9035,50.0036]]]},"properties":{"id":"tarnow","teryt":"1263011","name":"Tarnów","powiatId":"m-tarnow","type":"MIEJSKA"}},
{"type":"Feature","geometry":{"type":"Polygon","coordinates":[[[20.8989,50.0744],[20.898,50.0806],[20.8949,50.0835],[20.8913,50.0847],[20.8867,50.0883],[20.886,50.0925],[20.8888,50.0954],[20.8888,50.0987],[20.8854,50.1034],[20.8793,50.1051],[20.8747,50.1053],[20.8677,50.109],[20.8799,50.1117],[20.8844,50.1137],[20.886,50.1167],[20.8724,50.1215],[20.8723,50.1252],[20.8704,50.1286],[20.8662,50.1307],[20.8615,50.1316],[20.8508,50.1352],[20.8478,50.1372],[20.842,50.1435],[20.8406,50.1477],[20.8361,50.1474],[20.8317,50.1497],[20.8285,50.156],[20.8314,50.1587],[20.8303,50.1629],[20.8208,50.1622],[20.8154,50.1628],[20.8048,50.1607],[20.7976,50.1692],[20.7932,50.1676],[20.7906,50.169],[20.7844,50.1698],[20.7809,50.167],[20.785,50.1635],[20.7808,50.1564],[20.7686,50.1493],[20.7636,50.1457],[20.7578,50.1481],[20.7462,50.1477],[20.747,50.1462],[20.7535,50.1417],[20.7554,50.1377],[20.7593,50.1333],[20.7643,50.1301],[20.7531,50.1286],[20.7559,50.1206],[20.7345,50.1174],[20.7351,50.1133],[20.7442,50.1128],[20.744,50.1097],[20.7568,50.1117],[20.7608,50.1025],[20.7694,50.1024],[20.7752,50.0941],[20.7813,50.0914],[20.7742,50.0879],[20.7813,50.0702],[20.7843,50.0706],[20.7886,50.0742],[20.7969,50.0776],[20.7978,50.0739],[20.7928,50.0694],[20.7956,50.0659],[20.8106,50.0602],[20.818,50.0581],[20.8256,50.0541],[20.8303,50.0532],[20.843,50.0473],[20.849,50.0438],[20.8582,50.0423],[20.8652,50.0434],[20.8658,50.0456],[20.8618,50.0488],[20.8596,50.053],[20.8551,50.0571],[20.8572,50.0618],[20.8644,50.0637],[20.8753,50.0653],[20.8793,50.0691],[20.8876,50.0686],[20.8896,50.0725],[20.8989,50.0744]]]},"properties":{"id":"radlow","teryt":"1216053","name":"Radłów","powiatId":"tarnowski","type":"MIEJSKO_WIEJSKA"}},
{"type":"Feature","geometry":{"type":"Polygon","coordinates":[[[21.1068,50.1134],[21.0998,50.1137],[21.0957,50.1127],[21.0878,50.1151],[21.0792,50.1146],[21.074,50.1115],[21.0633,50.1075],[21.0571,50.1066],[21.0536,50.1077],[21.0335,50.1115],[21.0276,50.1114],[21.0297,50.1155],[21.0204,50.1138],[21.02,50.1153],[21.0134,50.1201],[21.0143,50.1238],[21.0099,50.1261],[21.0064,50.1262],[20.9986,50.1229],[21.0002,50.1171],[20.9949,50.1147],[20.9905,50.1147],[20.9867,50.1168],[20.9831,50.1157],[20.9811,50.1116],[20.9784,50.1104],[20.9714,50.111],[20.9685,50.1135],[20.9621,50.1121],[20.9566,50.1122],[20.943,50.1121],[20.942,50.1078],[20.9395,50.1054],[20.9422,50.0981],[20.9421,50.0848],[20.9459,50.0786],[20.9509,50.0778],[20.9587,50.0724],[20.9595,50.069],[20.9585,50.0653],[20.9687,50.0645],[20.9792,50.0649],[20.9875,50.0622],[20.9892,50.0649],[20.9975,50.0648],[21.0116,50.0622],[21.0126,50.0604],[21.0087,50.0533],[21.0263,50.0552],[21.0347,50.0505],[21.0341,50.0465],[21.0415,50.05],[21.0472,50.0509],[21.0534,50.0537],[21.0683,50.0539],[21.0751,50.0546],[21.0798,50.0525],[21.1071,50.058],[21.1047,50.0631],[21.1095,50.0651],[21.1146,50.0654],[21.1199,50.0679],[21.1235,50.066],[21.1274,50.0689],[21.1355,50.0707],[21.1485,50.0677],[21.1567,50.0667],[21.1601,50.0678],[21.1653,50.0671],[21.171,50.0674],[21.1715,50.0697],[21.1771,50.0714],[21.1758,50.0731],[21.1803,50.0795],[21.179,50.0807],[21.1692,50.0791],[21.1615,50.0865],[21.1601,50.0895],[21.199,50.095],[21.1962,50.0969],[21.1889,50.0984],[21.1846,50.1003],[21.1871,50.1038],[21.1869,50.1062],[21.1769,50.112],[21.181,50.1178],[21.1857,50.119],[21.1915,50.118],[21.195,50.1198],[21.1485,50.1264],[21.1508,50.1301],[21.1462,50.13],[21.146,50.1345],[21.1525,50.1354],[21.156,50.1372],[21.1642,50.136],[21.1735,50.1407],[21.1758,50.1426],[21.1628,50.1451],[21.1524,50.1476],[21.1315,50.1355],[21.1269,50.129],[21.1279,50.1267],[21.1365,50.124],[21.1392,50.1209],[21.1389,50.115],[21.1068,50.1134]]]},"properties":{"id":"lisia-gora","teryt":"1216032","name":"Lisia Góra","powiatId":"tarnowski","type":"WIEJSKA"}},
{"type":"Feature","geometry":{"type":"Polygon","coordinates":[[[20.7491,50.2139],[20.7477,50.2061],[20.7504,50.2013],[20.7588,50.1984],[20.7731,50.1975],[20.7798,50.1944],[20.7834,50.1873],[20.786,50.1844],[20.7917,50.1811],[20.7969,50.1794],[20.8083,50.1782],[20.8074,50.1755],[20.81,50.174],[20.8098,50.1709],[20.8075,50.1681],[20.8014,50.168],[20.8029,50.1723],[20.7972,50.1715],[20.7976,50.1692],[20.8048,50.1607],[20.8154,50.1628],[20.8208,50.1622],[20.8303,50.1629],[20.8314,50.1587],[20.8285,50.156],[20.8317,50.1497],[20.8361,50.1474],[20.8406,50.1477],[20.842,50.1435],[20.8478,50.1372],[20.8508,50.1352],[20.8615,50.1316],[20.8662,50.1307],[20.8704,50.1286],[20.8723,50.1252],[20.8724,50.1215],[20.886,50.1167],[20.8844,50.1137],[20.8799,50.1117],[20.8677,50.109],[20.8747,50.1053],[20.8793,50.1051],[20.8854,50.1034],[20.8888,50.0987],[20.8888,50.0954],[20.886,50.0925],[20.8867,50.0883],[20.8913,50.0847],[20.8949,50.0835],[20.898,50.0806],[20.8989,50.0744],[20.8984,50.0619],[20.9006,50.0587],[20.904,50.0566],[20.9106,50.0552],[20.9139,50.0535],[20.9159,50.0504],[20.9247,50.0498],[20.9262,50.0505],[20.9293,50.0528],[20.9312,50.0569],[20.9287,50.0585],[20.9255,50.0641],[20.9286,50.0656],[20.9409,50.0666],[20.953,50.0652],[20.9585,50.0653],[20.9595,50.069],[20.9587,50.0724],[20.9509,50.0778],[20.9459,50.0786],[20.9421,50.0848],[20.9422,50.0981],[20.9395,50.1054],[20.942,50.1078],[20.943,50.1121],[20.9566,50.1122],[20.9574,50.1193],[20.9558,50.1214],[20.96,50.1285],[20.9548,50.1313],[20.9547,50.1374],[20.9604,50.1393],[20.9641,50.146],[20.9482,50.1484],[20.932,50.158],[20.9359,50.1605],[20.9344,50.1646],[20.9186,50.1658],[20.9093,50.1621],[20.8999,50.1632],[20.8892,50.1623],[20.8812,50.161],[20.8666,50.1674],[20.8667,50.1694],[20.8722,50.1749],[20.8755,50.1807],[20.8762,50.1842],[20.8743,50.1894],[20.8748,50.1957],[20.8696,50.1974],[20.8691,50.2007],[20.8648,50.2014],[20.8634,50.2045],[20.855,50.2063],[20.8555,50.2148],[20.8482,50.2149],[20.8367,50.2204],[20.8362,50.2221],[20.8311,50.2232],[20.8274,50.2212],[20.8243,50.2169],[20.8199,50.2178],[20.8121,50.2116],[20.8057,50.2125],[20.8005,50.2122],[20.7974,50.2134],[20.7965,50.216],[20.7933,50.2185],[20.7834,50.2174],[20.7769,50.2137],[20.7634,50.2112],[20.7577,50.2096],[20.7491,50.2139]]]},"properties":{"id":"zabno","teryt":"1216153","name":"Żabno","powiatId":"tarnowski","type":"MIEJSKO_WIEJSKA"}},
{"type":"Feature","geometry":{"type":"Polygon","coordinates":[[[20.9566,50.1122],[20.9621,50.1121],[20.9685,50.1135],[20.9714,50.111],[20.9784,50.1104],[20.9811,50.1116],[20.9831,50.1157],[20.9867,50.1168],[20.9905,50.1147],[20.9949,50.1147],[21.0002,50.1171],[20.9986,50.1229],[21.0064,50.1262],[21.0099,50.1261],[21.0143,50.1238],[21.0134,50.1201],[21.02,50.1153],[21.0204,50.1138],[21.0297,50.1155],[21.0276,50.1114],[21.0335,50.1115],[21.0536,50.1077],[21.0571,50.1066],[21.0633,50.1075],[21.074,50.1115],[21.0792,50.1146],[21.0878,50.1151],[21.0957,50.1127],[21.0998,50.1137],[21.1068,50.1134],[21.1083,50.1176],[21.1109,50.1192],[21.0932,50.1257],[21.0742,50.1307],[21.0755,50.1356],[21.0754,50.1456],[21.0717,50.1509],[21.0692,50.1522],[21.0679,50.1557],[21.0748,50.1588],[21.0776,50.1644],[21.0889,50.1667],[21.0905,50.1687],[21.0899,50.173],[21.091,50.1762],[21.0952,50.1771],[21.0899,50.1858],[21.0855,50.1861],[21.0843,50.1896],[21.0736,50.189],[21.0723,50.1929],[21.0784,50.1948],[21.0813,50.1978],[21.0863,50.1994],[21.0873,50.2072],[21.078,50.2089],[21.0757,50.2113],[21.0754,50.2182],[21.0721,50.2202],[21.071,50.2269],[21.069,50.2333],[21.0661,50.2362],[21.0522,50.2432],[21.0454,50.2408],[21.0427,50.2416],[21.0345,50.2411],[21.0339,50.2387],[21.0369,50.2346],[21.0226,50.2347],[21.0229,50.2365],[21.0172,50.2376],[21.0111,50.2362],[21.0063,50.2396],[21.0118,50.2444],[21.013,50.25],[21.0011,50.251],[20.9977,50.2491],[20.9926,50.2439],[20.9871,50.2399],[20.9841,50.236],[20.987,50.2317],[20.9859,50.2276],[20.9909,50.2241],[20.9912,50.2165],[20.9883,50.2134],[20.9908,50.2086],[20.9892,50.2032],[20.9837,50.2029],[20.9846,50.2005],[20.9827,50.1938],[20.971,50.1936],[20.9624,50.1926],[20.9579,50.1876],[20.9487,50.1863],[20.953,50.1821],[20.9557,50.1828],[20.9598,50.1804],[20.9593,50.1763],[20.9626,50.1739],[20.9614,50.1719],[20.954,50.1699],[20.9424,50.168],[20.9426,50.1655],[20.9344,50.1646],[20.9359,50.1605],[20.932,50.158],[20.9482,50.1484],[20.9641,50.146],[20.9604,50.1393],[20.9547,50.1374],[20.9548,50.1313],[20.96,50.1285],[20.9558,50.1214],[20.9574,50.1193],[20.9566,50.1122]]]},"properties":{"id":"dabrowa-tarnowska","teryt":"1204023","name":"Dąbrowa Tarnowska","powiatId":"dabrowski","type":"MIEJSKO_WIEJSKA"}},
{"type":"Feature","geometry":{"type":"Polygon","coordinates":[[[21.1524,50.1476],[21.1679,50.1726],[21.1708,50.1769],[21.1651,50.1809],[21.1678,50.1887],[21.1666,50.2015],[21.17,50.2048],[21.1708,50.2087],[21.1655,50.2135],[21.1629,50.2171],[21.1632,50.2225],[21.1549,50.2255],[21.1535,50.2283],[21.1495,50.2299],[21.1421,50.2377],[21.1472,50.2389],[21.1549,50.2375],[21.1785,50.2382],[21.1776,50.2416],[21.1631,50.2466],[21.1547,50.2528],[21.1457,50.2571],[21.1388,50.2559],[21.133,50.2583],[21.1264,50.259],[21.1095,50.2494],[21.1039,50.2479],[21.0944,50.256],[21.088,50.2594],[21.0789,50.2625],[21.0756,50.2579],[21.0725,50.2557],[21.0631,50.2524],[21.055,50.248],[21.0522,50.2432],[21.0661,50.2362],[21.069,50.2333],[21.071,50.2269],[21.0721,50.2202],[21.0754,50.2182],[21.0757,50.2113],[21.078,50.2089],[21.0873,50.2072],[21.0863,50.1994],[21.0813,50.1978],[21.0784,50.1948],[21.0723,50.1929],[21.0736,50.189],[21.0843,50.1896],[21.0855,50.1861],[21.0899,50.1858],[21.0952,50.1771],[21.091,50.1762],[21.0899,50.173],[21.0905,50.1687],[21.0889,50.1667],[21.0776,50.1644],[21.0748,50.1588],[21.0679,50.1557],[21.0692,50.1522],[21.0717,50.1509],[21.0754,50.1456],[21.0755,50.1356],[21.0742,50.1307],[21.0932,50.1257],[21.1109,50.1192],[21.1083,50.1176],[21.1068,50.1134],[21.1389,50.115],[21.1392,50.1209],[21.1365,50.124],[21.1279,50.1267],[21.1269,50.129],[21.1315,50.1355],[21.1524,50.1476]]]},"properties":{"id":"radgoszcz","teryt":"1204062","name":"Radgoszcz","powiatId":"dabrowski","type":"WIEJSKA"}},
{"type":"Feature","geometry":{"type":"Polygon","coordinates":[[[20.9344,50.1646],[20.9426,50.1655],[20.9424,50.168],[20.954,50.1699],[20.9614,50.1719],[20.9626,50.1739],[20.9593,50.1763],[20.9598,50.1804],[20.9557,50.1828],[20.953,50.1821],[20.9487,50.1863],[20.9579,50.1876],[20.9624,50.1926],[20.971,50.1936],[20.9827,50.1938],[20.9846,50.2005],[20.9837,50.2029],[20.9892,50.2032],[20.9908,50.2086],[20.9883,50.2134],[20.9912,50.2165],[20.9909,50.2241],[20.9859,50.2276],[20.987,50.2317],[20.9841,50.236],[20.9871,50.2399],[20.9926,50.2439],[20.9977,50.2491],[21.0011,50.251],[20.9978,50.2545],[20.992,50.2546],[20.9846,50.2529],[20.9782,50.2526],[20.9731,50.2512],[20.9685,50.2521],[20.9607,50.2523],[20.9483,50.2496],[20.9433,50.249],[20.9366,50.2458],[20.9253,50.2431],[20.9234,50.2421],[20.9071,50.2377],[20.8944,50.2372],[20.891,50.2414],[20.8808,50.2441],[20.8615,50.2438],[20.8481,50.2466],[20.8441,50.2451],[20.8397,50.2455],[20.8381,50.2404],[20.8421,50.2312],[20.8346,50.23],[20.8365,50.2259],[20.8362,50.2221],[20.8367,50.2204],[20.8482,50.2149],[20.8555,50.2148],[20.855,50.2063],[20.8634,50.2045],[20.8648,50.2014],[20.8691,50.2007],[20.8696,50.1974],[20.8748,50.1957],[20.8743,50.1894],[20.8762,50.1842],[20.8755,50.1807],[20.8722,50.1749],[20.8667,50.1694],[20.8666,50.1674],[20.8812,50.161],[20.8892,50.1623],[20.8999,50.1632],[20.9093,50.1621],[20.9186,50.1658],[20.9344,50.1646]]]},"properties":{"id":"olesno","teryt":"1204052","name":"Olesno","powiatId":"dabrowski","type":"WIEJSKA"}},
{"type":"Feature","geometry":{"type":"Polygon","coordinates":[[[20.9253,50.2431],[20.9225,50.2489],[20.9113,50.2631],[20.9073,50.2675],[20.9096,50.2696],[20.9138,50.269],[20.9175,50.2702],[20.9184,50.276],[20.9177,50.2803],[20.9193,50.2831],[20.9182,50.286],[20.9232,50.2872],[20.9265,50.285],[20.9311,50.2868],[20.9319,50.291],[20.9311,50.2981],[20.9244,50.299],[20.9099,50.3028],[20.9032,50.3055],[20.8973,50.3067],[20.8913,50.3052],[20.8824,50.2969],[20.8763,50.2948],[20.8685,50.2946],[20.86,50.2965],[20.8549,50.2961],[20.8499,50.2918],[20.85,50.2837],[20.8482,50.2789],[20.8445,50.2762],[20.8358,50.2733],[20.8304,50.2739],[20.8281,50.2694],[20.8353,50.2593],[20.8441,50.2554],[20.8473,50.2531],[20.8405,50.2489],[20.8397,50.2455],[20.8441,50.2451],[20.8481,50.2466],[20.8615,50.2438],[20.8808,50.2441],[20.891,50.2414],[20.8944,50.2372],[20.9071,50.2377],[20.9234,50.2421],[20.9253,50.2431]]]},"properties":{"id":"boleslaw-dabrowski","teryt":"1204012","name":"Bolesław (pow. dąbrowski)","powiatId":"dabrowski","type":"WIEJSKA"}},
{"type":"Feature","geometry":{"type":"Polygon","coordinates":[[[21.1457,50.2571],[21.1495,50.2574],[21.1511,50.2608],[21.1558,50.2628],[21.1593,50.2679],[21.1775,50.2798],[21.1832,50.2868],[21.1838,50.298],[21.1885,50.2986],[21.1932,50.3036],[21.2025,50.3049],[21.2108,50.3082],[21.2218,50.3103],[21.2186,50.3173],[21.2174,50.3221],[21.2195,50.3228],[21.2146,50.3271],[21.2133,50.3312],[21.2194,50.3357],[21.2177,50.3381],[21.2189,50.3413],[21.2152,50.3435],[21.2083,50.3549],[21.1936,50.3538],[21.188,50.3504],[21.187,50.3478],[21.1865,50.3373],[21.183,50.332],[21.1766,50.3298],[21.1687,50.3316],[21.1667,50.3331],[21.1667,50.3388],[21.1657,50.3423],[21.1569,50.3495],[21.1491,50.3534],[21.1377,50.3545],[21.1302,50.354],[21.1224,50.3514],[21.1192,50.3484],[21.1166,50.3416],[21.113,50.3384],[21.1044,50.3374],[21.094,50.3386],[21.0868,50.3379],[21.0795,50.3334],[21.0741,50.3244],[21.0678,50.3198],[21.0617,50.317],[21.0555,50.3155],[21.0487,50.3151],[21.0365,50.3191],[21.0295,50.3192],[21.0255,50.3183],[21.0142,50.3133],[21.0079,50.3128],[21.0112,50.3047],[21.0086,50.3029],[21.0053,50.304],[21.0006,50.3021],[21.0018,50.2992],[21.0091,50.2997],[21.0101,50.2915],[21.0147,50.2912],[21.0166,50.2856],[20.9916,50.2843],[20.9974,50.2772],[21.0019,50.2753],[21.0127,50.2731],[21.0185,50.2704],[21.0232,50.2656],[21.026,50.2649],[21.0259,50.2549],[21.024,50.2513],[21.013,50.25],[21.0118,50.2444],[21.0063,50.2396],[21.0111,50.2362],[21.0172,50.2376],[21.0229,50.2365],[21.0226,50.2347],[21.0369,50.2346],[21.0339,50.2387],[21.0345,50.2411],[21.0427,50.2416],[21.0454,50.2408],[21.0522,50.2432],[21.055,50.248],[21.0631,50.2524],[21.0725,50.2557],[21.0756,50.2579],[21.0789,50.2625],[21.088,50.2594],[21.0944,50.256],[21.1039,50.2479],[21.1095,50.2494],[21.1264,50.259],[21.133,50.2583],[21.1388,50.2559],[21.1457,50.2571]]]},"properties":{"id":"szczucin","teryt":"1204073","name":"Szczucin","powiatId":"dabrowski","type":"MIEJSKO_WIEJSKA"}},
{"type":"Feature","geometry":{"type":"Polygon","coordinates":[[[21.013,50.25],[21.024,50.2513],[21.0259,50.2549],[21.026,50.2649],[21.0232,50.2656],[21.0185,50.2704],[21.0127,50.2731],[21.0019,50.2753],[20.9974,50.2772],[20.9916,50.2843],[21.0166,50.2856],[21.0147,50.2912],[21.0101,50.2915],[21.0091,50.2997],[21.0018,50.2992],[21.0006,50.3021],[21.0053,50.304],[21.0086,50.3029],[21.0112,50.3047],[21.0079,50.3128],[20.9946,50.3151],[20.9866,50.3151],[20.9719,50.314],[20.9621,50.3159],[20.9552,50.316],[20.9467,50.3136],[20.9413,50.3074],[20.9388,50.3005],[20.9311,50.2981],[20.9319,50.291],[20.9311,50.2868],[20.9265,50.285],[20.9232,50.2872],[20.9182,50.286],[20.9193,50.2831],[20.9177,50.2803],[20.9184,50.276],[20.9175,50.2702],[20.9138,50.269],[20.9096,50.2696],[20.9073,50.2675],[20.9113,50.2631],[20.9225,50.2489],[20.9253,50.2431],[20.9366,50.2458],[20.9433,50.249],[20.9483,50.2496],[20.9607,50.2523],[20.9685,50.2521],[20.9731,50.2512],[20.9782,50.2526],[20.9846,50.2529],[20.992,50.2546],[20.9978,50.2545],[21.0011,50.251],[21.013,50.25]]]},"properties":{"id":"medrzechow","teryt":"1204042","name":"Mędrzechów","powiatId":"dabrowski","type":"WIEJSKA"}},
{"type":"Feature","geometry":{"type":"Polygon","coordinates":[[[19.3681,50.0991],[19.3687,50.1033],[19.3747,50.1041],[19.3775,50.103],[19.3817,50.104],[19.3847,50.102],[19.3932,50.1026],[19.3985,50.1042],[19.4114,50.0972],[19.4154,50.0943],[19.4209,50.0928],[19.4232,50.0899],[19.4217,50.087],[19.4344,50.0814],[19.441,50.0815],[19.4466,50.0802],[19.4505,50.0805],[19.4544,50.0788],[19.4577,50.0809],[19.4624,50.0814],[19.4652,50.0831],[19.4711,50.0849],[19.476,50.0841],[19.4886,50.0851],[19.4911,50.0867],[19.4994,50.0877],[19.4947,50.0915],[19.4927,50.0966],[19.4948,50.0987],[19.4887,50.0995],[19.4912,50.104],[19.4829,50.1037],[19.4707,50.1071],[19.4674,50.1091],[19.4639,50.1141],[19.4589,50.1153],[19.4559,50.1179],[19.4576,50.1194],[19.4495,50.1206],[19.4417,50.1156],[19.4374,50.1194],[19.4409,50.124],[19.4445,50.1259],[19.4462,50.1324],[19.4483,50.1353],[19.4408,50.1379],[19.4346,50.1388],[19.4404,50.1427],[19.4414,50.1473],[19.4362,50.1492],[19.4309,50.1485],[19.4218,50.1509],[19.4203,50.1525],[19.423,50.1557],[19.4246,50.1607],[19.4281,50.1661],[19.4244,50.1722],[19.4224,50.1793],[19.4171,50.1814],[19.4152,50.1836],[19.4036,50.1856],[19.4008,50.1886],[19.397,50.1885],[19.3877,50.1915],[19.39,50.1945],[19.4004,50.1923],[19.3986,50.1956],[19.3874,50.1999],[19.3833,50.1976],[19.3752,50.196],[19.3734,50.1924],[19.3645,50.1906],[19.3544,50.1905],[19.3491,50.1914],[19.3452,50.1899],[19.337,50.1897],[19.3342,50.1864],[19.3391,50.1817],[19.3518,50.177],[19.3605,50.1777],[19.3623,50.18],[19.367,50.1797],[19.3666,50.1732],[19.3617,50.1714],[19.3556,50.173],[19.3487,50.1733],[19.3451,50.1647],[19.3499,50.165],[19.3489,50.1611],[19.3538,50.1539],[19.3499,50.1505],[19.3449,50.1501],[19.3316,50.1442],[19.3225,50.1439],[19.3128,50.1425],[19.3016,50.1424],[19.293,50.1417],[19.288,50.1404],[19.2853,50.1423],[19.2775,50.1436],[19.2705,50.1435],[19.2746,50.1366],[19.2752,50.1328],[19.2807,50.1306],[19.2888,50.1316],[19.2937,50.1273],[19.3183,50.1284],[19.3588,50.1296],[19.3577,50.1272],[19.3643,50.1219],[19.3718,50.1202],[19.3759,50.1184],[19.3681,50.1073],[19.3661,50.0996],[19.3681,50.0991]]]},"properties":{"id":"chrzanow","teryt":"1203033","name":"Chrzanów","powiatId":"chrzanowski","type":"MIEJSKO_WIEJSKA"}},
{"type":"Feature","geometry":{"type":"Polygon","coordinates":[[[19.4177,49.8778],[19.413,49.8786],[19.4061,49.8821],[19.3973,49.8841],[19.3803,49.875],[19.3752,49.8701],[19.3749,49.8678],[19.3708,49.8614],[19.3604,49.8637],[19.36,49.8652],[19.3514,49.8653],[19.3434,49.8679],[19.339,49.8682],[19.3241,49.8711],[19.3161,49.8716],[19.3157,49.8692],[19.2982,49.8568],[19.29,49.8506],[19.2946,49.8499],[19.2889,49.8386],[19.2889,49.8298],[19.2877,49.8283],[19.2884,49.8237],[19.2859,49.8208],[19.2866,49.8164],[19.2918,49.815],[19.297,49.8093],[19.2945,49.8074],[19.2985,49.803],[19.3032,49.796],[19.3081,49.7932],[19.3158,49.7845],[19.3155,49.7801],[19.3168,49.7779],[19.322,49.7772],[19.3309,49.7743],[19.3349,49.7744],[19.3387,49.7726],[19.3428,49.7739],[19.3498,49.7714],[19.3533,49.7722],[19.3579,49.7752],[19.3661,49.7777],[19.3725,49.7711],[19.3816,49.7686],[19.3867,49.7696],[19.3948,49.7661],[19.3971,49.7627],[19.4,49.7617],[19.4091,49.7644],[19.4108,49.771],[19.4101,49.7732],[19.415,49.7753],[19.4304,49.7839],[19.4382,49.7873],[19.4435,49.7887],[19.4461,49.792],[19.4457,49.7957],[19.4425,49.7979],[19.4425,49.801],[19.4374,49.8049],[19.4313,49.8059],[19.4226,49.8106],[19.4189,49.8101],[19.416,49.8157],[19.4135,49.8173],[19.4119,49.8222],[19.4178,49.8322],[19.4186,49.8366],[19.4215,49.8376],[19.4154,49.8447],[19.4144,49.8476],[19.4247,49.8569],[19.4262,49.8616],[19.4251,49.8672],[19.4208,49.8747],[19.4177,49.8778]]]},"properties":{"id":"andrychow","teryt":"1218013","name":"Andrychów","powiatId":"wadowicki","type":"MIEJSKO_WIEJSKA"}},
{"type":"Feature","geometry":{"type":"Polygon","coordinates":[[[19.452,49.9366],[19.4446,49.9409],[19.4312,49.9457],[19.4213,49.9502],[19.4193,49.9543],[19.423,49.9566],[19.4205,49.9587],[19.4152,49.9549],[19.4121,49.9612],[19.4085,49.9636],[19.4004,49.9614],[19.3912,49.9587],[19.3854,49.959],[19.379,49.9577],[19.3715,49.9536],[19.3673,49.9492],[19.3642,49.9476],[19.354,49.945],[19.3571,49.9422],[19.3576,49.9383],[19.3557,49.927],[19.3565,49.9204],[19.3472,49.9195],[19.3461,49.9221],[19.3309,49.9228],[19.3253,49.9183],[19.3188,49.9156],[19.3147,49.9155],[19.3116,49.9194],[19.308,49.9194],[19.3089,49.9126],[19.3019,49.9059],[19.3031,49.8991],[19.2983,49.8938],[19.3083,49.8891],[19.3112,49.8858],[19.3161,49.884],[19.3149,49.882],[19.3166,49.8741],[19.3161,49.8716],[19.3241,49.8711],[19.339,49.8682],[19.3434,49.8679],[19.3514,49.8653],[19.36,49.8652],[19.3604,49.8637],[19.3708,49.8614],[19.3749,49.8678],[19.3752,49.8701],[19.3803,49.875],[19.3973,49.8841],[19.4061,49.8821],[19.413,49.8786],[19.4177,49.8778],[19.4242,49.8794],[19.4286,49.8841],[19.4351,49.8893],[19.4415,49.8922],[19.4476,49.8983],[19.4523,49.9105],[19.4457,49.9139],[19.4472,49.9199],[19.4452,49.9241],[19.449,49.9277],[19.452,49.9366]]]},"properties":{"id":"wieprz","teryt":"1218102","name":"Wieprz","powiatId":"wadowicki","type":"WIEJSKA"}},
{"type":"Feature","geometry":{"type":"Polygon","coordinates":[[[19.4923,50.227],[19.4953,50.2273],[19.4994,50.2247],[19.4983,50.2405],[19.5108,50.2409],[19.5087,50.2723],[19.5033,50.2713],[19.4982,50.276],[19.4887,50.2704],[19.4855,50.2729],[19.4887,50.2771],[19.4866,50.2784],[19.4782,50.2795],[19.4731,50.2819],[19.472,50.2861],[19.468,50.2871],[19.4494,50.2891],[19.4467,50.2848],[19.4062,50.292],[19.4092,50.2968],[19.4041,50.297],[19.4008,50.2974],[19.3995,50.2934],[19.3952,50.2901],[19.3881,50.2893],[19.384,50.2822],[19.3869,50.2785],[19.3825,50.2744],[19.3774,50.2721],[19.3695,50.2716],[19.3715,50.2683],[19.3607,50.2635],[19.3632,50.2606],[19.3591,50.2592],[19.3531,50.2653],[19.3491,50.2657],[19.3343,50.2616],[19.3278,50.2616],[19.3237,50.2591],[19.3401,50.2496],[19.3898,50.2344],[19.397,50.2316],[19.4071,50.2321],[19.4111,50.2333],[19.4219,50.2291],[19.4287,50.2255],[19.4326,50.2253],[19.442,50.2266],[19.4513,50.2246],[19.4613,50.226],[19.4655,50.2273],[19.4831,50.2291],[19.4923,50.227]]]},"properties":{"id":"bukowno","teryt":"1212011","name":"Bukowno","powiatId":"olkuski","type":"MIEJSKA"}},
{"type":"Feature","geometry":{"type":"Polygon","coordinates":[[[19.3987,50.028],[19.3983,50.0352],[19.3952,50.0378],[19.3899,50.0381],[19.3828,50.0358],[19.3787,50.0359],[19.3748,50.0385],[19.3733,50.0442],[19.3685,50.0463],[19.3642,50.0437],[19.3585,50.0426],[19.3538,50.0437],[19.3543,50.0374],[19.3533,50.0303],[19.3502,50.024],[19.3508,50.0183],[19.3438,50.0124],[19.3434,50.0102],[19.3377,50.0068],[19.3367,50.0031],[19.3454,49.9961],[19.3499,49.9937],[19.3546,49.9895],[19.3511,49.9876],[19.3483,49.9841],[19.3464,49.976],[19.347,49.971],[19.3459,49.9629],[19.3447,49.956],[19.3498,49.949],[19.3504,49.9467],[19.354,49.945],[19.3642,49.9476],[19.3673,49.9492],[19.3715,49.9536],[19.379,49.9577],[19.3854,49.959],[19.3912,49.9587],[19.4004,49.9614],[19.3973,49.9684],[19.3948,49.9708],[19.3913,49.9786],[19.3928,49.9808],[19.3904,49.9836],[19.3905,49.9884],[19.3997,49.9881],[19.4035,49.9948],[19.4052,50.0069],[19.4041,50.0142],[19.3987,50.0197],[19.396,50.0212],[19.3958,50.0269],[19.3987,50.028]]]},"properties":{"id":"przeciszow","teryt":"1213082","name":"Przeciszów","powiatId":"oswiecimski","type":"WIEJSKA"}},
{"type":"Feature","geometry":{"type":"Polygon","coordinates":[[[19.4652,50.0831],[19.4624,50.0814],[19.4577,50.0809],[19.4544,50.0788],[19.4505,50.0805],[19.4466,50.0802],[19.441,50.0815],[19.4344,50.0814],[19.4217,50.087],[19.4232,50.0899],[19.4209,50.0928],[19.4154,50.0943],[19.4114,50.0972],[19.3985,50.1042],[19.3932,50.1026],[19.3847,50.102],[19.3817,50.104],[19.3775,50.103],[19.3747,50.1041],[19.3687,50.1033],[19.3681,50.0991],[19.3655,50.0943],[19.3667,50.0884],[19.3654,50.0851],[19.3682,50.0804],[19.3706,50.074],[19.3735,50.071],[19.372,50.0687],[19.3722,50.0642],[19.3681,50.0615],[19.3637,50.0561],[19.3611,50.0494],[19.3624,50.0465],[19.3585,50.0426],[19.3642,50.0437],[19.3685,50.0463],[19.3733,50.0442],[19.3748,50.0385],[19.3787,50.0359],[19.3828,50.0358],[19.3899,50.0381],[19.3952,50.0378],[19.3983,50.0352],[19.3987,50.028],[19.4061,50.0313],[19.4111,50.0284],[19.415,50.0275],[19.4203,50.0289],[19.4212,50.0335],[19.4268,50.0351],[19.43,50.0313],[19.4315,50.0245],[19.437,50.0252],[19.4377,50.0306],[19.4455,50.0333],[19.4561,50.0302],[19.4618,50.0323],[19.4631,50.0394],[19.468,50.0403],[19.4738,50.0367],[19.4724,50.031],[19.4797,50.0274],[19.4923,50.0274],[19.4948,50.0287],[19.4974,50.0327],[19.5018,50.0358],[19.5072,50.0355],[19.5065,50.039],[19.4988,50.0403],[19.5039,50.0442],[19.5096,50.0444],[19.5139,50.0485],[19.5276,50.0472],[19.5285,50.0492],[19.5228,50.0503],[19.5185,50.0497],[19.5038,50.0541],[19.4987,50.0526],[19.4918,50.0543],[19.4864,50.0519],[19.4766,50.0528],[19.4702,50.0528],[19.4668,50.0591],[19.4746,50.0631],[19.474,50.0659],[19.4628,50.0693],[19.4656,50.0738],[19.4618,50.0753],[19.4652,50.0831]]]},"properties":{"id":"babice","teryt":"1203022","name":"Babice","powiatId":"chrzanowski","type":"WIEJSKA"}},
{"type":"Feature","geometry":{"type":"Polygon","coordinates":[[[19.5887,50.1981],[19.589,50.1997],[19.5856,50.2055],[19.5761,50.2088],[19.5631,50.2108],[19.547,50.2113],[19.5418,50.2103],[19.5378,50.2114],[19.5347,50.2103],[19.5252,50.2168],[19.5309,50.2221],[19.5255,50.2213],[19.5054,50.2224],[19.4987,50.2237],[19.4923,50.227],[19.4831,50.2291],[19.4655,50.2273],[19.4613,50.226],[19.4513,50.2246],[19.442,50.2266],[19.4165,50.2106],[19.4136,50.2056],[19.4055,50.2069],[19.4015,50.2052],[19.3983,50.2008],[19.3933,50.2016],[19.3874,50.1999],[19.3986,50.1956],[19.4004,50.1923],[19.39,50.1945],[19.3877,50.1915],[19.397,50.1885],[19.4008,50.1886],[19.4036,50.1856],[19.4152,50.1836],[19.4171,50.1814],[19.4224,50.1793],[19.4244,50.1722],[19.4281,50.1661],[19.4246,50.1607],[19.423,50.1557],[19.4203,50.1525],[19.4218,50.1509],[19.4309,50.1485],[19.4362,50.1492],[19.4414,50.1473],[19.4404,50.1427],[19.4346,50.1388],[19.4408,50.1379],[19.4483,50.1353],[19.4462,50.1324],[19.4445,50.1259],[19.4409,50.124],[19.4374,50.1194],[19.4417,50.1156],[19.4495,50.1206],[19.4576,50.1194],[19.4559,50.1179],[19.4589,50.1153],[19.4639,50.1141],[19.4674,50.1091],[19.4707,50.1071],[19.4829,50.1037],[19.4912,50.104],[19.4989,50.1088],[19.5162,50.1184],[19.5207,50.1161],[19.5264,50.1165],[19.5388,50.1158],[19.5363,50.1184],[19.54,50.1228],[19.5366,50.1279],[19.5365,50.1299],[19.5328,50.1334],[19.5319,50.1407],[19.5394,50.1406],[19.5442,50.1392],[19.5446,50.1463],[19.5418,50.1547],[19.541,50.1604],[19.537,50.1625],[19.5425,50.1699],[19.5527,50.1687],[19.5595,50.1694],[19.5599,50.1716],[19.5507,50.1779],[19.5466,50.1829],[19.5467,50.1846],[19.5286,50.1889],[19.5225,50.1887],[19.525,50.1925],[19.5308,50.1939],[19.529,50.197],[19.5247,50.1987],[19.5253,50.2007],[19.5359,50.2011],[19.5387,50.2019],[19.5515,50.1997],[19.5524,50.2005],[19.5634,50.1993],[19.5684,50.2007],[19.5757,50.1994],[19.5783,50.2017],[19.5814,50.1996],[19.5887,50.1981]]]},"properties":{"id":"trzebinia","teryt":"1203053","name":"Trzebinia","powiatId":"chrzanowski","type":"MIEJSKO_WIEJSKA"}},
{"type":"Feature","geometry":{"type":"Polygon","coordinates":[[[19.4004,49.9614],[19.4085,49.9636],[19.4121,49.9612],[19.4152,49.9549],[19.4205,49.9587],[19.423,49.9566],[19.4193,49.9543],[19.4213,49.9502],[19.4312,49.9457],[19.4446,49.9409],[19.452,49.9366],[19.4599,49.9386],[19.4622,49.9384],[19.4679,49.9426],[19.4636,49.9444],[19.4668,49.9514],[19.4768,49.949],[19.4726,49.9525],[19.4644,49.9569],[19.4711,49.9702],[19.4671,49.972],[19.4701,49.9765],[19.4722,49.9768],[19.4701,49.9884],[19.4747,49.992],[19.4723,49.9948],[19.4748,49.9982],[19.4761,50.006],[19.4815,50.0086],[19.4807,50.0135],[19.4831,50.0201],[19.4884,50.0198],[19.4933,50.021],[19.4951,50.0252],[19.4995,50.0231],[19.5047,50.0242],[19.506,50.0269],[19.5103,50.0257],[19.5065,50.0352],[19.5018,50.0358],[19.4974,50.0327],[19.4948,50.0287],[19.4923,50.0274],[19.4797,50.0274],[19.4724,50.031],[19.4738,50.0367],[19.468,50.0403],[19.4631,50.0394],[19.4618,50.0323],[19.4561,50.0302],[19.4455,50.0333],[19.4377,50.0306],[19.437,50.0252],[19.4315,50.0245],[19.43,50.0313],[19.4268,50.0351],[19.4212,50.0335],[19.4203,50.0289],[19.415,50.0275],[19.4111,50.0284],[19.4061,50.0313],[19.3987,50.028],[19.3958,50.0269],[19.396,50.0212],[19.3987,50.0197],[19.4041,50.0142],[19.4052,50.0069],[19.4035,49.9948],[19.3997,49.9881],[19.3905,49.9884],[19.3904,49.9836],[19.3928,49.9808],[19.3913,49.9786],[19.3948,49.9708],[19.3973,49.9684],[19.4004,49.9614]]]},"properties":{"id":"zator","teryt":"1213093","name":"Zator","powiatId":"oswiecimski","type":"MIEJSKO_WIEJSKA"}},
{"type":"Feature","geometry":{"type":"Polygon","coordinates":[[[19.4839,50.3236],[19.4744,50.3248],[19.4668,50.3226],[19.4584,50.3226],[19.455,50.3193],[19.451,50.3189],[19.4473,50.3208],[19.4398,50.3227],[19.4276,50.3288],[19.4238,50.3285],[19.4217,50.3303],[19.4154,50.3318],[19.4136,50.3284],[19.4147,50.3228],[19.4066,50.3174],[19.4044,50.3144],[19.3993,50.3129],[19.3984,50.3084],[19.4027,50.3076],[19.4014,50.3049],[19.406,50.3046],[19.4106,50.3026],[19.4092,50.2994],[19.4041,50.2989],[19.4041,50.297],[19.4092,50.2968],[19.4062,50.292],[19.4467,50.2848],[19.4494,50.2891],[19.468,50.2871],[19.472,50.2861],[19.4731,50.2819],[19.4782,50.2795],[19.4866,50.2784],[19.4887,50.2771],[19.4855,50.2729],[19.4887,50.2704],[19.4982,50.276],[19.5033,50.2713],[19.5087,50.2723],[19.5219,50.2747],[19.5216,50.286],[19.5166,50.2869],[19.5173,50.2895],[19.522,50.2919],[19.5366,50.2912],[19.5428,50.2925],[19.5353,50.2975],[19.5416,50.3016],[19.545,50.3095],[19.5466,50.3106],[19.5269,50.3181],[19.5162,50.3169],[19.5012,50.3226],[19.4996,50.3216],[19.4921,50.3223],[19.4883,50.321],[19.4839,50.3236]]]},"properties":{"id":"boleslaw-olkuski","teryt":"1212032","name":"Bolesław (pow. olkuski)","powiatId":"olkuski","type":"WIEJSKA"}},
{"type":"Feature","geometry":{"type":"Polygon","coordinates":[[[19.461,49.7986],[19.4708,49.8044],[19.473,49.808],[19.4759,49.8097],[19.4782,49.818],[19.4717,49.8232],[19.4733,49.8266],[19.4784,49.8308],[19.4837,49.8325],[19.4966,49.832],[19.5047,49.8371],[19.5144,49.8382],[19.5188,49.8421],[19.5259,49.8403],[19.5309,49.8369],[19.5399,49.839],[19.5421,49.8412],[19.5433,49.8464],[19.5451,49.8479],[19.5511,49.8486],[19.5776,49.8489],[19.5783,49.8538],[19.5811,49.8583],[19.5827,49.864],[19.5833,49.8715],[19.589,49.8727],[19.5884,49.8745],[19.5953,49.8814],[19.6014,49.89],[19.6094,49.8883],[19.615,49.885],[19.621,49.8847],[19.6311,49.8975],[19.64,49.9017],[19.6419,49.9034],[19.6436,49.9081],[19.6467,49.9128],[19.6481,49.9179],[19.6423,49.9202],[19.6359,49.9241],[19.6287,49.9235],[19.6239,49.9246],[19.6182,49.9232],[19.6157,49.9188],[19.6132,49.9195],[19.6028,49.9191],[19.5948,49.9233],[19.5889,49.9222],[19.586,49.9208],[19.5786,49.9202],[19.5778,49.9156],[19.572,49.9143],[19.5681,49.9178],[19.5623,49.9156],[19.5519,49.9153],[19.5456,49.9137],[19.5374,49.9082],[19.5329,49.9062],[19.526,49.906],[19.5187,49.9015],[19.5154,49.9035],[19.5008,49.9006],[19.4908,49.8973],[19.4862,49.8942],[19.482,49.893],[19.469,49.8934],[19.4636,49.8922],[19.4577,49.8938],[19.4537,49.8965],[19.4476,49.8983],[19.4415,49.8922],[19.4351,49.8893],[19.4286,49.8841],[19.4242,49.8794],[19.4177,49.8778],[19.4208,49.8747],[19.4251,49.8672],[19.4262,49.8616],[19.4247,49.8569],[19.4144,49.8476],[19.4154,49.8447],[19.4215,49.8376],[19.4186,49.8366],[19.4178,49.8322],[19.4119,49.8222],[19.4135,49.8173],[19.416,49.8157],[19.4189,49.8101],[19.4226,49.8106],[19.4313,49.8059],[19.4374,49.8049],[19.4425,49.801],[19.4425,49.7979],[19.4457,49.7957],[19.4485,49.7956],[19.4559,49.7979],[19.461,49.7986]]]},"properties":{"id":"wadowice","teryt":"1218093","name":"Wadowice","powiatId":"wadowicki","type":"MIEJSKO_WIEJSKA"}},
{"type":"Feature","geometry":{"type":"Polygon","coordinates":[[[19.4476,49.8983],[19.4537,49.8965],[19.4577,49.8938],[19.4636,49.8922],[19.469,49.8934],[19.482,49.893],[19.4862,49.8942],[19.4908,49.8973],[19.5008,49.9006],[19.5154,49.9035],[19.5187,49.9015],[19.526,49.906],[19.5329,49.9062],[19.5374,49.9082],[19.5456,49.9137],[19.5519,49.9153],[19.5623,49.9156],[19.5681,49.9178],[19.572,49.9143],[19.5778,49.9156],[19.5786,49.9202],[19.586,49.9208],[19.5889,49.9222],[19.5857,49.9224],[19.5796,49.9257],[19.5779,49.9291],[19.5715,49.9343],[19.5702,49.9367],[19.5666,49.9365],[19.5643,49.9332],[19.552,49.9327],[19.5422,49.9316],[19.5406,49.9323],[19.5401,49.9408],[19.5473,49.9469],[19.545,49.9491],[19.5408,49.9501],[19.5371,49.9548],[19.5367,49.9583],[19.5341,49.9567],[19.5238,49.9577],[19.5233,49.9547],[19.5181,49.9446],[19.5156,49.9443],[19.5054,49.9483],[19.499,49.9463],[19.4927,49.9455],[19.4839,49.9485],[19.4768,49.949],[19.4668,49.9514],[19.4636,49.9444],[19.4679,49.9426],[19.4622,49.9384],[19.4599,49.9386],[19.452,49.9366],[19.449,49.9277],[19.4452,49.9241],[19.4472,49.9199],[19.4457,49.9139],[19.4523,49.9105],[19.4476,49.8983]]]},"properties":{"id":"tomice","teryt":"1218082","name":"Tomice","powiatId":"wadowicki","type":"WIEJSKA"}},
{"type":"Feature","geometry":{"type":"Polygon","coordinates":[[[19.5103,50.0257],[19.5171,50.0223],[19.525,50.0233],[19.5317,50.0221],[19.5376,50.024],[19.5487,50.0198],[19.5549,50.0137],[19.5603,50.0121],[19.5593,50.0198],[19.5751,50.0214],[19.5849,50.0212],[19.5923,50.0284],[19.6022,50.0331],[19.6066,50.0343],[19.6229,50.0291],[19.6282,50.0323],[19.6289,50.0355],[19.6271,50.038],[19.6137,50.0465],[19.6124,50.0483],[19.6064,50.0493],[19.6054,50.0524],[19.6072,50.0545],[19.6046,50.059],[19.6054,50.0621],[19.598,50.0665],[19.5973,50.0703],[19.5906,50.0746],[19.5872,50.0799],[19.5885,50.0816],[19.5781,50.0918],[19.5698,50.0958],[19.5605,50.0987],[19.5506,50.0998],[19.5457,50.1062],[19.5402,50.1103],[19.5388,50.1158],[19.5264,50.1165],[19.5207,50.1161],[19.5162,50.1184],[19.4989,50.1088],[19.4912,50.104],[19.4887,50.0995],[19.4948,50.0987],[19.4927,50.0966],[19.4947,50.0915],[19.4994,50.0877],[19.4911,50.0867],[19.4886,50.0851],[19.476,50.0841],[19.4711,50.0849],[19.4652,50.0831],[19.4618,50.0753],[19.4656,50.0738],[19.4628,50.0693],[19.474,50.0659],[19.4746,50.0631],[19.4668,50.0591],[19.4702,50.0528],[19.4766,50.0528],[19.4864,50.0519],[19.4918,50.0543],[19.4987,50.0526],[19.5038,50.0541],[19.5185,50.0497],[19.5228,50.0503],[19.5285,50.0492],[19.5276,50.0472],[19.5139,50.0485],[19.5096,50.0444],[19.5039,50.0442],[19.4988,50.0403],[19.5065,50.039],[19.5072,50.0355],[19.5018,50.0358],[19.5065,50.0352],[19.5103,50.0257]]]},"properties":{"id":"alwernia","teryt":"1203013","name":"Alwernia","powiatId":"chrzanowski","type":"MIEJSKO_WIEJSKA"}},
{"type":"Feature","geometry":{"type":"Polygon","coordinates":[[[19.461,49.7986],[19.4633,49.7982],[19.4704,49.7939],[19.4754,49.789],[19.4832,49.7896],[19.489,49.7865],[19.492,49.7863],[19.5043,49.7905],[19.5085,49.787],[19.5277,49.7929],[19.5276,49.7985],[19.5393,49.8018],[19.5473,49.7986],[19.5572,49.8],[19.5588,49.7962],[19.5678,49.7976],[19.582,49.7967],[19.5855,49.7942],[19.5941,49.7966],[19.5894,49.8039],[19.587,49.8097],[19.5819,49.8127],[19.5797,49.8176],[19.5748,49.8177],[19.5739,49.8203],[19.5772,49.8255],[19.572,49.8298],[19.5716,49.8327],[19.5629,49.8338],[19.5551,49.8331],[19.5564,49.836],[19.5525,49.8412],[19.5511,49.8486],[19.5451,49.8479],[19.5433,49.8464],[19.5421,49.8412],[19.5399,49.839],[19.5309,49.8369],[19.5259,49.8403],[19.5188,49.8421],[19.5144,49.8382],[19.5047,49.8371],[19.4966,49.832],[19.4837,49.8325],[19.4784,49.8308],[19.4733,49.8266],[19.4717,49.8232],[19.4782,49.818],[19.4759,49.8097],[19.473,49.808],[19.4708,49.8044],[19.461,49.7986]]]},"properties":{"id":"mucharz","teryt":"1218052","name":"Mucharz","powiatId":"wadowicki","type":"WIEJSKA"}},
{"type":"Feature","geometry":{"type":"Polygon","coordinates":[[[19.5603,50.0121],[19.5549,50.0137],[19.5487,50.0198],[19.5376,50.024],[19.5317,50.0221],[19.525,50.0233],[19.5171,50.0223],[19.5103,50.0257],[19.506,50.0269],[19.5047,50.0242],[19.4995,50.0231],[19.4951,50.0252],[19.4933,50.021],[19.4884,50.0198],[19.4831,50.0201],[19.4807,50.0135],[19.4815,50.0086],[19.4761,50.006],[19.4748,49.9982],[19.4723,49.9948],[19.4747,49.992],[19.4701,49.9884],[19.4722,49.9768],[19.4701,49.9765],[19.4671,49.972],[19.4711,49.9702],[19.4644,49.9569],[19.4726,49.9525],[19.4768,49.949],[19.4839,49.9485],[19.4927,49.9455],[19.499,49.9463],[19.5054,49.9483],[19.5156,49.9443],[19.5181,49.9446],[19.5233,49.9547],[19.5238,49.9577],[19.5341,49.9567],[19.5367,49.9583],[19.5364,49.961],[19.5474,49.9669],[19.5527,49.9617],[19.5613,49.9661],[19.5754,49.9657],[19.5779,49.9681],[19.5826,49.9692],[19.585,49.9731],[19.5616,49.9818],[19.5656,49.9819],[19.5726,49.9854],[19.57,49.9897],[19.5714,49.9958],[19.5741,49.9968],[19.5662,50.0019],[19.5643,50.0075],[19.5603,50.0121]]]},"properties":{"id":"spytkowice-wadowicki","teryt":"1218062","name":"Spytkowice (pow. wadowicki)","powiatId":"wadowicki","type":"WIEJSKA"}},
{"type":"Feature","geometry":{"type":"Polygon","coordinates":[[[19.6729,50.2967],[19.6716,50.297],[19.6732,50.3037],[19.6796,50.3148],[19.6784,50.3321],[19.6721,50.3314],[19.6568,50.3373],[19.6597,50.3412],[19.6376,50.3461],[19.634,50.3459],[19.6252,50.3433],[19.6138,50.3382],[19.6087,50.3303],[19.6054,50.3237],[19.6037,50.3157],[19.5918,50.3203],[19.571,50.3167],[19.562,50.3168],[19.5631,50.3138],[19.5515,50.3141],[19.5466,50.3106],[19.545,50.3095],[19.5416,50.3016],[19.5353,50.2975],[19.5428,50.2925],[19.5366,50.2912],[19.522,50.2919],[19.5173,50.2895],[19.5166,50.2869],[19.5216,50.286],[19.5219,50.2747],[19.5087,50.2723],[19.5108,50.2409],[19.4983,50.2405],[19.4994,50.2247],[19.4953,50.2273],[19.4923,50.227],[19.4987,50.2237],[19.5054,50.2224],[19.5255,50.2213],[19.5309,50.2221],[19.5252,50.2168],[19.5347,50.2103],[19.5378,50.2114],[19.5418,50.2103],[19.547,50.2113],[19.5631,50.2108],[19.5761,50.2088],[19.5856,50.2055],[19.589,50.1997],[19.5887,50.1981],[19.5885,50.1943],[19.5954,50.1895],[19.5998,50.189],[19.6098,50.1919],[19.6156,50.1917],[19.6264,50.1925],[19.6294,50.1919],[19.6375,50.1958],[19.6481,50.2],[19.6453,50.2033],[19.6444,50.2085],[19.6516,50.2135],[19.6563,50.2152],[19.6561,50.219],[19.6576,50.2253],[19.6635,50.2325],[19.6688,50.231],[19.6759,50.2395],[19.6767,50.2425],[19.6814,50.2484],[19.6845,50.2551],[19.686,50.262],[19.6758,50.2651],[19.6734,50.269],[19.6735,50.2773],[19.6779,50.2825],[19.6765,50.2918],[19.6729,50.2967]]]},"properties":{"id":"olkusz","teryt":"1212053","name":"Olkusz","powiatId":"olkuski","type":"MIEJSKO_WIEJSKA"}},
{"type":"Feature","geometry":{"type":"Polygon","coordinates":[[[19.6054,50.0621],[19.6089,50.0636],[19.6352,50.0647],[19.6502,50.0646],[19.6582,50.0655],[19.6611,50.0645],[19.6657,50.0665],[19.6671,50.0739],[19.6733,50.0754],[19.6793,50.08],[19.6714,50.0881],[19.6656,50.0867],[19.665,50.0896],[19.6751,50.0934],[19.6788,50.093],[19.6865,50.0902],[19.6867,50.091],[19.6973,50.0958],[19.6983,50.0985],[19.6906,50.1003],[19.6816,50.0998],[19.6786,50.0984],[19.6717,50.0989],[19.668,50.1016],[19.6804,50.1074],[19.6753,50.1077],[19.6776,50.1121],[19.6825,50.1119],[19.6887,50.1157],[19.691,50.1235],[19.678,50.1276],[19.6786,50.1318],[19.6828,50.1331],[19.6832,50.1361],[19.6909,50.1394],[19.689,50.1434],[19.6943,50.1453],[19.6937,50.1486],[19.6951,50.1513],[19.7021,50.1548],[19.7082,50.1561],[19.7094,50.1578],[19.7164,50.1617],[19.7017,50.1683],[19.7003,50.1833],[19.6972,50.185],[19.6902,50.1854],[19.689,50.1837],[19.6826,50.1843],[19.681,50.1832],[19.674,50.184],[19.6651,50.1887],[19.6612,50.1929],[19.6534,50.1954],[19.6481,50.2],[19.6375,50.1958],[19.6294,50.1919],[19.6264,50.1925],[19.6156,50.1917],[19.6098,50.1919],[19.5998,50.189],[19.5954,50.1895],[19.5885,50.1943],[19.5887,50.1981],[19.5814,50.1996],[19.5783,50.2017],[19.5757,50.1994],[19.5684,50.2007],[19.5634,50.1993],[19.5524,50.2005],[19.5515,50.1997],[19.5387,50.2019],[19.5359,50.2011],[19.5253,50.2007],[19.5247,50.1987],[19.529,50.197],[19.5308,50.1939],[19.525,50.1925],[19.5225,50.1887],[19.5286,50.1889],[19.5467,50.1846],[19.5466,50.1829],[19.5507,50.1779],[19.5599,50.1716],[19.5595,50.1694],[19.5527,50.1687],[19.5425,50.1699],[19.537,50.1625],[19.541,50.1604],[19.5418,50.1547],[19.5446,50.1463],[19.5442,50.1392],[19.5394,50.1406],[19.5319,50.1407],[19.5328,50.1334],[19.5365,50.1299],[19.5366,50.1279],[19.54,50.1228],[19.5363,50.1184],[19.5388,50.1158],[19.5402,50.1103],[19.5457,50.1062],[19.5506,50.0998],[19.5605,50.0987],[19.5698,50.0958],[19.5781,50.0918],[19.5885,50.0816],[19.5872,50.0799],[19.5906,50.0746],[19.5973,50.0703],[19.598,50.0665],[19.6054,50.0621]]]},"properties":{"id":"krzeszowice","teryt":"1206063","name":"Krzeszowice","powiatId":"krakowski","type":"MIEJSKO_WIEJSKA"}},
{"type":"Feature","geometry":{"type":"Polygon","coordinates":[[[19.5741,49.9968],[19.5714,49.9958],[19.57,49.9897],[19.5726,49.9854],[19.5656,49.9819],[19.5616,49.9818],[19.585,49.9731],[19.5826,49.9692],[19.5779,49.9681],[19.5754,49.9657],[19.5613,49.9661],[19.5527,49.9617],[19.5474,49.9669],[19.5364,49.961],[19.5367,49.9583],[19.5371,49.9548],[19.5408,49.9501],[19.545,49.9491],[19.5473,49.9469],[19.5401,49.9408],[19.5406,49.9323],[19.5422,49.9316],[19.552,49.9327],[19.5643,49.9332],[19.5666,49.9365],[19.5702,49.9367],[19.5715,49.9343],[19.5779,49.9291],[19.5796,49.9257],[19.5857,49.9224],[19.5889,49.9222],[19.5948,49.9233],[19.6028,49.9191],[19.6132,49.9195],[19.6157,49.9188],[19.6182,49.9232],[19.6239,49.9246],[19.6287,49.9235],[19.6359,49.9241],[19.6423,49.9202],[19.6481,49.9179],[19.6508,49.918],[19.6595,49.9128],[19.6619,49.9152],[19.6617,49.9206],[19.6648,49.9227],[19.6697,49.9232],[19.681,49.9262],[19.6823,49.9244],[19.6868,49.9256],[19.6965,49.9319],[19.7055,49.9343],[19.7124,49.9269],[19.7177,49.9281],[19.7199,49.9254],[19.7288,49.9245],[19.7331,49.926],[19.7272,49.9315],[19.7246,49.9358],[19.7235,49.9407],[19.72,49.9463],[19.7176,49.9475],[19.7193,49.9581],[19.7129,49.9575],[19.7075,49.9587],[19.698,49.957],[19.6994,49.9534],[19.6972,49.9502],[19.6941,49.9488],[19.6855,49.9492],[19.6762,49.9486],[19.676,49.9515],[19.6689,49.9531],[19.662,49.9532],[19.6569,49.9562],[19.6591,49.961],[19.6533,49.9665],[19.6524,49.9688],[19.656,49.9732],[19.6615,49.9762],[19.6691,49.9787],[19.6648,49.9809],[19.6553,49.9806],[19.6516,49.9823],[19.6501,49.9885],[19.6465,49.991],[19.6394,49.9896],[19.6366,49.9804],[19.6316,49.9793],[19.624,49.9848],[19.6121,49.9817],[19.6056,49.981],[19.6007,49.9823],[19.6046,49.9876],[19.6028,49.9922],[19.6029,49.9971],[19.5987,50.0005],[19.5959,50.0004],[19.5949,49.9972],[19.592,49.9973],[19.5914,49.9891],[19.5809,49.9889],[19.5774,49.9904],[19.5741,49.9968]]]},"properties":{"id":"brzeznica","teryt":"1218022","name":"Brzeźnica","powiatId":"wadowicki","type":"WIEJSKA"}},
{"type":"Feature","geometry":{"type":"Polygon","coordinates":[[[19.6838,49.8124],[19.6868,49.8131],[19.6852,49.8164],[19.6877,49.8207],[19.6861,49.8221],[19.6952,49.8298],[19.7016,49.8289],[19.7029,49.8319],[19.7072,49.8333],[19.7056,49.8366],[19.6986,49.8403],[19.6915,49.8487],[19.684,49.8481],[19.6765,49.8454],[19.6683,49.8446],[19.6637,49.8468],[19.6603,49.8498],[19.6556,49.8581],[19.6565,49.8595],[19.6526,49.8646],[19.644,49.8695],[19.6469,49.8631],[19.642,49.8578],[19.6409,49.8546],[19.6351,49.8497],[19.6261,49.8459],[19.6176,49.8449],[19.6162,49.8438],[19.6096,49.8467],[19.6037,49.8473],[19.6025,49.8486],[19.595,49.8486],[19.5897,49.8496],[19.5776,49.8489],[19.5511,49.8486],[19.5525,49.8412],[19.5564,49.836],[19.5551,49.8331],[19.5629,49.8338],[19.5716,49.8327],[19.572,49.8298],[19.5772,49.8255],[19.5739,49.8203],[19.5748,49.8177],[19.5797,49.8176],[19.5819,49.8127],[19.587,49.8097],[19.5894,49.8039],[19.5941,49.7966],[19.599,49.7961],[19.606,49.7927],[19.6092,49.7943],[19.6161,49.7952],[19.6281,49.7982],[19.6349,49.7978],[19.6441,49.7955],[19.6471,49.7958],[19.6436,49.7989],[19.6431,49.8022],[19.6441,49.8078],[19.6626,49.809],[19.6618,49.8139],[19.6684,49.8141],[19.6736,49.8129],[19.6838,49.8124]]]},"properties":{"id":"stryszow","teryt":"1218072","name":"Stryszów","powiatId":"wadowicki","type":"WIEJSKA"}},
{"type":"Feature","geometry":{"type":"Polygon","coordinates":[[[19.7611,49.9803],[19.7622,49.9837],[19.7606,49.9874],[19.7577,49.9894],[19.7543,49.9977],[19.7554,49.9998],[19.7518,50.0047],[19.7421,50.0055],[19.7442,50.0089],[19.7346,50.0107],[19.7307,50.0134],[19.7215,50.0162],[19.7154,50.0156],[19.7152,50.0208],[19.7119,50.0349],[19.7087,50.0343],[19.7049,50.0362],[19.7023,50.0495],[19.6979,50.0512],[19.6934,50.0499],[19.6888,50.0513],[19.6851,50.0503],[19.68,50.0515],[19.6794,50.0563],[19.6766,50.0593],[19.667,50.0618],[19.6611,50.0645],[19.6582,50.0655],[19.6502,50.0646],[19.6352,50.0647],[19.6089,50.0636],[19.6054,50.0621],[19.6046,50.059],[19.6072,50.0545],[19.6054,50.0524],[19.6064,50.0493],[19.6124,50.0483],[19.6137,50.0465],[19.6271,50.038],[19.6289,50.0355],[19.6282,50.0323],[19.6229,50.0291],[19.6066,50.0343],[19.6022,50.0331],[19.5923,50.0284],[19.5849,50.0212],[19.5751,50.0214],[19.5593,50.0198],[19.5603,50.0121],[19.5643,50.0075],[19.5662,50.0019],[19.5741,49.9968],[19.5774,49.9904],[19.5809,49.9889],[19.5914,49.9891],[19.592,49.9973],[19.5949,49.9972],[19.5959,50.0004],[19.5987,50.0005],[19.6029,49.9971],[19.6028,49.9922],[19.6046,49.9876],[19.6007,49.9823],[19.6056,49.981],[19.6121,49.9817],[19.624,49.9848],[19.6316,49.9793],[19.6366,49.9804],[19.6394,49.9896],[19.6465,49.991],[19.6501,49.9885],[19.6516,49.9823],[19.6553,49.9806],[19.6648,49.9809],[19.6691,49.9787],[19.6731,49.9761],[19.678,49.9756],[19.6807,49.9785],[19.6794,49.9846],[19.6837,49.9865],[19.6883,49.9849],[19.6904,49.9797],[19.6927,49.9782],[19.6985,49.9784],[19.7011,49.98],[19.7053,49.9852],[19.7099,49.9866],[19.7152,49.9843],[19.7165,49.9811],[19.7207,49.9761],[19.7261,49.975],[19.7325,49.9772],[19.7421,49.9763],[19.7459,49.9774],[19.7506,49.9822],[19.7538,49.9834],[19.7584,49.9826],[19.7611,49.9803]]]},"properties":{"id":"czernichow","teryt":"1206012","name":"Czernichów","powiatId":"krakowski","type":"WIEJSKA"}},
{"type":"Feature","geometry":{"type":"Polygon","coordinates":[[[19.7288,49.9245],[19.7199,49.9254],[19.7177,49.9281],[19.7124,49.9269],[19.7055,49.9343],[19.6965,49.9319],[19.6868,49.9256],[19.6823,49.9244],[19.681,49.9262],[19.6697,49.9232],[19.6648,49.9227],[19.6617,49.9206],[19.6619,49.9152],[19.6595,49.9128],[19.6508,49.918],[19.6481,49.9179],[19.6467,49.9128],[19.6436,49.9081],[19.6419,49.9034],[19.64,49.9017],[19.6311,49.8975],[19.621,49.8847],[19.615,49.885],[19.6094,49.8883],[19.6014,49.89],[19.5953,49.8814],[19.5884,49.8745],[19.589,49.8727],[19.5833,49.8715],[19.5827,49.864],[19.5811,49.8583],[19.5783,49.8538],[19.5776,49.8489],[19.5897,49.8496],[19.595,49.8486],[19.6025,49.8486],[19.6037,49.8473],[19.6096,49.8467],[19.6162,49.8438],[19.6176,49.8449],[19.6261,49.8459],[19.6351,49.8497],[19.6409,49.8546],[19.642,49.8578],[19.6469,49.8631],[19.644,49.8695],[19.6526,49.8646],[19.6565,49.8595],[19.6556,49.8581],[19.6603,49.8498],[19.6637,49.8468],[19.6683,49.8446],[19.6765,49.8454],[19.684,49.8481],[19.6915,49.8487],[19.704,49.8509],[19.7127,49.854],[19.7145,49.8641],[19.7168,49.8662],[19.7219,49.8673],[19.7257,49.8712],[19.7291,49.8718],[19.7309,49.8766],[19.7296,49.878],[19.7323,49.8809],[19.7375,49.8814],[19.7408,49.8851],[19.7398,49.8877],[19.7426,49.8896],[19.7481,49.8892],[19.7497,49.892],[19.7605,49.8888],[19.7708,49.8871],[19.7732,49.8897],[19.7581,49.895],[19.7569,49.8981],[19.7627,49.8993],[19.7656,49.9026],[19.7577,49.9111],[19.7588,49.9136],[19.7567,49.9165],[19.7479,49.9161],[19.7431,49.9105],[19.7407,49.9188],[19.7359,49.9171],[19.7288,49.9245]]]},"properties":{"id":"kalwaria-zebrzydowska","teryt":"1218033","name":"Kalwaria Zebrzydowska","powiatId":"wadowicki","type":"MIEJSKO_WIEJSKA"}},
{"type":"Feature","geometry":{"type":"Polygon","coordinates":[[[19.7576,49.8301],[19.7546,49.8318],[19.7507,49.8304],[19.7449,49.8306],[19.7394,49.8291],[19.7388,49.8267],[19.731,49.821],[19.7317,49.8169],[19.7282,49.8154],[19.7294,49.812],[19.7259,49.8074],[19.7196,49.8065],[19.7079,49.8036],[19.7053,49.8056],[19.6974,49.806],[19.6969,49.8073],[19.684,49.8109],[19.6838,49.8124],[19.6736,49.8129],[19.6684,49.8141],[19.6618,49.8139],[19.6626,49.809],[19.6441,49.8078],[19.6431,49.8022],[19.6436,49.7989],[19.6471,49.7958],[19.6485,49.7938],[19.6438,49.7868],[19.6444,49.7843],[19.6423,49.7806],[19.6396,49.779],[19.6289,49.7777],[19.6214,49.7735],[19.6197,49.7715],[19.6199,49.7652],[19.6173,49.7615],[19.6214,49.7594],[19.6246,49.7598],[19.633,49.757],[19.6448,49.7544],[19.6507,49.7604],[19.6538,49.7573],[19.6608,49.753],[19.6698,49.75],[19.6745,49.7514],[19.6817,49.7495],[19.6896,49.7455],[19.6937,49.7422],[19.7038,49.7423],[19.7072,49.7395],[19.7154,49.7387],[19.7227,49.7433],[19.7273,49.745],[19.7297,49.7478],[19.7411,49.7479],[19.7487,49.7499],[19.7516,49.7514],[19.7622,49.7546],[19.7722,49.7525],[19.7729,49.7543],[19.7776,49.755],[19.7913,49.7629],[19.8018,49.7633],[19.8045,49.7672],[19.8032,49.7755],[19.8034,49.7823],[19.7997,49.7883],[19.7992,49.7907],[19.7863,49.7912],[19.783,49.7898],[19.7768,49.79],[19.7677,49.7872],[19.7593,49.788],[19.751,49.7862],[19.7431,49.7905],[19.7457,49.7937],[19.7502,49.7955],[19.7519,49.8002],[19.7556,49.8036],[19.754,49.8091],[19.7497,49.8134],[19.7572,49.8181],[19.7574,49.82],[19.7688,49.8201],[19.7678,49.825],[19.7577,49.8246],[19.7555,49.8263],[19.7576,49.8301]]]},"properties":{"id":"budzow","teryt":"1215032","name":"Budzów","powiatId":"suski","type":"WIEJSKA"}},
{"type":"Feature","geometry":{"type":"Polygon","coordinates":[[[19.8011,50.2216],[19.7958,50.2259],[19.7908,50.2249],[19.7888,50.2267],[19.7912,50.2288],[19.7869,50.2307],[19.7818,50.2312],[19.7806,50.235],[19.7855,50.2359],[19.7816,50.2393],[19.7699,50.2452],[19.7681,50.2422],[19.7624,50.2365],[19.7555,50.2419],[19.7412,50.2367],[19.7377,50.2342],[19.73,50.2366],[19.7301,50.239],[19.7198,50.2427],[19.7216,50.2481],[19.7179,50.2492],[19.7047,50.2576],[19.7001,50.2577],[19.6962,50.2601],[19.686,50.262],[19.6845,50.2551],[19.6814,50.2484],[19.6767,50.2425],[19.6759,50.2395],[19.6688,50.231],[19.6635,50.2325],[19.6576,50.2253],[19.6561,50.219],[19.6563,50.2152],[19.6516,50.2135],[19.6444,50.2085],[19.6453,50.2033],[19.6481,50.2],[19.6534,50.1954],[19.6612,50.1929],[19.6651,50.1887],[19.674,50.184],[19.681,50.1832],[19.6826,50.1843],[19.689,50.1837],[19.6902,50.1854],[19.6972,50.185],[19.7003,50.1833],[19.7017,50.1683],[19.7164,50.1617],[19.7241,50.1611],[19.7268,50.1677],[19.7243,50.1688],[19.7216,50.1775],[19.7251,50.1784],[19.7281,50.1762],[19.7412,50.1764],[19.7438,50.1755],[19.7532,50.1816],[19.7666,50.1867],[19.7678,50.1897],[19.7735,50.1918],[19.7791,50.1925],[19.7889,50.1974],[19.7873,50.1994],[19.7824,50.2044],[19.7861,50.2074],[19.7917,50.2059],[19.8092,50.2093],[19.8042,50.2127],[19.8015,50.2163],[19.8011,50.2216]]]},"properties":{"id":"jerzmanowice-przeginia","teryt":"1206042","name":"Jerzmanowice-Przeginia","powiatId":"krakowski","type":"WIEJSKA"}},
{"type":"Feature","geometry":{"type":"Polygon","coordinates":[[[19.8103,49.8852],[19.8137,49.8889],[19.8181,49.8888],[19.8239,49.8938],[19.8259,49.9004],[19.8325,49.9019],[19.8351,49.9062],[19.8387,49.9096],[19.8474,49.9111],[19.8533,49.9137],[19.8546,49.9165],[19.8505,49.9194],[19.8482,49.9225],[19.8496,49.9313],[19.8397,49.9319],[19.8397,49.936],[19.8364,49.9396],[19.8299,49.9441],[19.8289,49.9488],[19.8311,49.9547],[19.8354,49.9588],[19.8397,49.9581],[19.8418,49.9504],[19.8494,49.9505],[19.851,49.9546],[19.8572,49.9644],[19.8606,49.9675],[19.864,49.9685],[19.8627,49.9726],[19.8688,49.9726],[19.8677,49.9745],[19.8622,49.9752],[19.8624,49.9798],[19.8645,49.9832],[19.8624,49.9847],[19.8566,49.9855],[19.8488,49.9852],[19.8483,49.9898],[19.8495,49.9947],[19.844,49.9945],[19.8193,49.997],[19.8122,49.9947],[19.8095,49.9922],[19.8017,49.9934],[19.8002,49.9957],[19.7957,49.9953],[19.7886,49.9917],[19.7846,49.9848],[19.7806,49.9834],[19.7727,49.9829],[19.768,49.9796],[19.7636,49.9788],[19.7611,49.9803],[19.7584,49.9826],[19.7538,49.9834],[19.7506,49.9822],[19.7459,49.9774],[19.7421,49.9763],[19.7325,49.9772],[19.7261,49.975],[19.7207,49.9761],[19.7165,49.9811],[19.7152,49.9843],[19.7099,49.9866],[19.7053,49.9852],[19.7011,49.98],[19.6985,49.9784],[19.6927,49.9782],[19.6904,49.9797],[19.6883,49.9849],[19.6837,49.9865],[19.6794,49.9846],[19.6807,49.9785],[19.678,49.9756],[19.6731,49.9761],[19.6691,49.9787],[19.6615,49.9762],[19.656,49.9732],[19.6524,49.9688],[19.6533,49.9665],[19.6591,49.961],[19.6569,49.9562],[19.662,49.9532],[19.6689,49.9531],[19.676,49.9515],[19.6762,49.9486],[19.6855,49.9492],[19.6941,49.9488],[19.6972,49.9502],[19.6994,49.9534],[19.698,49.957],[19.7075,49.9587],[19.7129,49.9575],[19.7193,49.9581],[19.7176,49.9475],[19.72,49.9463],[19.7235,49.9407],[19.7246,49.9358],[19.7272,49.9315],[19.7331,49.926],[19.7288,49.9245],[19.7359,49.9171],[19.7407,49.9188],[19.7431,49.9105],[19.7479,49.9161],[19.7567,49.9165],[19.7588,49.9136],[19.7577,49.9111],[19.7656,49.9026],[19.7658,49.901],[19.7702,49.8946],[19.7732,49.893],[19.7864,49.8922],[19.7983,49.8893],[19.8103,49.8852]]]},"properties":{"id":"skawina","teryt":"1206113","name":"Skawina","powiatId":"krakowski","type":"MIEJSKO_WIEJSKA"}},
{"type":"Feature","geometry":{"type":"Polygon","coordinates":[[[19.8045,50.0623],[19.7984,50.0635],[19.7918,50.0663],[19.7789,50.0692],[19.7641,50.0744],[19.7633,50.079],[19.7594,50.0813],[19.7486,50.0853],[19.74,50.0841],[19.7363,50.0827],[19.7306,50.0828],[19.7277,50.088],[19.7205,50.0856],[19.718,50.0877],[19.7075,50.0865],[19.7092,50.0839],[19.7092,50.0801],[19.7046,50.0792],[19.7066,50.0744],[19.6933,50.078],[19.6938,50.0817],[19.6861,50.0836],[19.6865,50.0902],[19.6788,50.093],[19.6751,50.0934],[19.665,50.0896],[19.6656,50.0867],[19.6714,50.0881],[19.6793,50.08],[19.6733,50.0754],[19.6671,50.0739],[19.6657,50.0665],[19.6611,50.0645],[19.667,50.0618],[19.6766,50.0593],[19.6794,50.0563],[19.68,50.0515],[19.6851,50.0503],[19.6888,50.0513],[19.6934,50.0499],[19.6979,50.0512],[19.7023,50.0495],[19.7049,50.0362],[19.7087,50.0343],[19.7119,50.0349],[19.7152,50.0208],[19.7154,50.0156],[19.7215,50.0162],[19.7307,50.0134],[19.7346,50.0107],[19.7442,50.0089],[19.7421,50.0055],[19.7518,50.0047],[19.7554,49.9998],[19.7543,49.9977],[19.7577,49.9894],[19.7606,49.9874],[19.7622,49.9837],[19.7611,49.9803],[19.7636,49.9788],[19.768,49.9796],[19.7727,49.9829],[19.7806,49.9834],[19.7846,49.9848],[19.7886,49.9917],[19.7957,49.9953],[19.7966,49.9974],[19.7943,50.0072],[19.7922,50.0118],[19.7947,50.0148],[19.8004,50.0183],[19.8031,50.0242],[19.8059,50.0261],[19.8124,50.0254],[19.8149,50.0218],[19.8218,50.0209],[19.8277,50.0238],[19.829,50.0269],[19.8263,50.0324],[19.8186,50.0324],[19.8134,50.0354],[19.811,50.0429],[19.8195,50.0515],[19.8214,50.0578],[19.8159,50.0594],[19.8111,50.0585],[19.8093,50.061],[19.8045,50.0623]]]},"properties":{"id":"liszki","teryt":"1206072","name":"Liszki","powiatId":"krakowski","type":"WIEJSKA"}},
{"type":"Feature","geometry":{"type":"Polygon","coordinates":[[[19.8643,50.1017],[19.8514,50.1061],[19.8445,50.1053],[19.8361,50.1064],[19.8336,50.108],[19.8325,50.1124],[19.835,50.1203],[19.8334,50.125],[19.8354,50.1308],[19.828,50.1312],[19.8227,50.1352],[19.8266,50.1416],[19.8198,50.1425],[19.8156,50.1452],[19.8133,50.1505],[19.8177,50.154],[19.8247,50.1558],[19.8295,50.1594],[19.8272,50.1618],[19.821,50.1622],[19.817,50.1647],[19.8108,50.1638],[19.805,50.1646],[19.8016,50.163],[19.7968,50.1651],[19.7836,50.173],[19.7794,50.172],[19.7712,50.1743],[19.7653,50.1711],[19.7653,50.164],[19.7644,50.1587],[19.752,50.1581],[19.7458,50.1586],[19.7366,50.1612],[19.7363,50.1643],[19.7339,50.1663],[19.7304,50.1716],[19.7249,50.1743],[19.7216,50.1775],[19.7243,50.1688],[19.7268,50.1677],[19.7241,50.1611],[19.7164,50.1617],[19.7094,50.1578],[19.7082,50.1561],[19.7021,50.1548],[19.6951,50.1513],[19.6937,50.1486],[19.6943,50.1453],[19.689,50.1434],[19.6909,50.1394],[19.6832,50.1361],[19.6828,50.1331],[19.6786,50.1318],[19.678,50.1276],[19.691,50.1235],[19.6887,50.1157],[19.6825,50.1119],[19.6776,50.1121],[19.6753,50.1077],[19.6804,50.1074],[19.668,50.1016],[19.6717,50.0989],[19.6786,50.0984],[19.6816,50.0998],[19.6906,50.1003],[19.6983,50.0985],[19.6973,50.0958],[19.6867,50.091],[19.6865,50.0902],[19.6861,50.0836],[19.6938,50.0817],[19.6933,50.078],[19.7066,50.0744],[19.7046,50.0792],[19.7092,50.0801],[19.7092,50.0839],[19.7075,50.0865],[19.718,50.0877],[19.7205,50.0856],[19.7277,50.088],[19.7306,50.0828],[19.7363,50.0827],[19.74,50.0841],[19.7486,50.0853],[19.7594,50.0813],[19.7633,50.079],[19.7641,50.0744],[19.7789,50.0692],[19.7918,50.0663],[19.7984,50.0635],[19.8045,50.0623],[19.8046,50.0645],[19.8017,50.0692],[19.8062,50.0724],[19.8108,50.08],[19.8185,50.0811],[19.8233,50.0826],[19.8293,50.0877],[19.8431,50.0924],[19.8519,50.0944],[19.8616,50.0927],[19.8674,50.0992],[19.8643,50.1017]]]},"properties":{"id":"zabierzow","teryt":"1206162","name":"Zabierzów","powiatId":"krakowski","type":"WIEJSKA"}},
{"type":"Feature","geometry":{"type":"Polygon","coordinates":[[[19.9014,50.2761],[19.9005,50.2846],[19.9066,50.2883],[19.9209,50.2985],[19.9083,50.3044],[19.9075,50.3055],[19.8921,50.31],[19.8829,50.3087],[19.8674,50.3147],[19.8609,50.3158],[19.851,50.3156],[19.8398,50.3212],[19.8408,50.3228],[19.8253,50.3274],[19.8287,50.3397],[19.8178,50.342],[19.808,50.3412],[19.792,50.3443],[19.7855,50.3422],[19.7786,50.3411],[19.7655,50.3441],[19.7622,50.3454],[19.756,50.3457],[19.7551,50.343],[19.7515,50.3433],[19.7459,50.3406],[19.7415,50.3402],[19.7407,50.3369],[19.7431,50.3302],[19.7216,50.3383],[19.7155,50.3321],[19.7129,50.335],[19.7054,50.3355],[19.701,50.3306],[19.688,50.3356],[19.6815,50.3308],[19.6784,50.3321],[19.6796,50.3148],[19.6732,50.3037],[19.6716,50.297],[19.6729,50.2967],[19.683,50.2971],[19.6909,50.2954],[19.6941,50.2982],[19.7043,50.2995],[19.7182,50.2924],[19.7286,50.2925],[19.7399,50.2907],[19.7468,50.2886],[19.7497,50.2915],[19.7556,50.2892],[19.7525,50.285],[19.7603,50.2811],[19.7776,50.2761],[19.7746,50.2714],[19.7855,50.2702],[19.7894,50.2703],[19.7894,50.2732],[19.7935,50.2736],[19.7958,50.2708],[19.8024,50.2691],[19.8051,50.2722],[19.8077,50.2724],[19.8126,50.2781],[19.815,50.2772],[19.8178,50.2726],[19.825,50.2706],[19.827,50.2665],[19.8342,50.2635],[19.8337,50.2583],[19.8375,50.2579],[19.8375,50.251],[19.8461,50.2499],[19.848,50.2569],[19.8503,50.2568],[19.8607,50.2663],[19.8662,50.2699],[19.8733,50.2785],[19.879,50.275],[19.8775,50.2718],[19.8887,50.2688],[19.8882,50.2667],[19.8936,50.2655],[19.8954,50.2702],[19.9014,50.2761]]]},"properties":{"id":"trzyciaz","teryt":"1212062","name":"Trzyciąż","powiatId":"olkuski","type":"WIEJSKA"}},
{"type":"Feature","geometry":{"type":"Polygon","coordinates":[[[19.686,50.262],[19.6962,50.2601],[19.7001,50.2577],[19.7047,50.2576],[19.7179,50.2492],[19.7216,50.2481],[19.7198,50.2427],[19.7301,50.239],[19.73,50.2366],[19.7377,50.2342],[19.7412,50.2367],[19.7555,50.2419],[19.7624,50.2365],[19.7681,50.2422],[19.7699,50.2452],[19.7816,50.2393],[19.7855,50.2359],[19.7806,50.235],[19.7818,50.2312],[19.7869,50.2307],[19.7912,50.2288],[19.7888,50.2267],[19.7908,50.2249],[19.7958,50.2259],[19.8011,50.2216],[19.8045,50.2226],[19.8171,50.2197],[19.8193,50.2187],[19.8299,50.2177],[19.833,50.2194],[19.8317,50.223],[19.8284,50.2247],[19.8216,50.2305],[19.8163,50.2371],[19.8176,50.2407],[19.8201,50.2415],[19.8136,50.2488],[19.8303,50.2448],[19.8338,50.2466],[19.8337,50.2583],[19.8342,50.2635],[19.827,50.2665],[19.825,50.2706],[19.8178,50.2726],[19.815,50.2772],[19.8126,50.2781],[19.8077,50.2724],[19.8051,50.2722],[19.8024,50.2691],[19.7958,50.2708],[19.7935,50.2736],[19.7894,50.2732],[19.7894,50.2703],[19.7855,50.2702],[19.7746,50.2714],[19.7776,50.2761],[19.7603,50.2811],[19.7525,50.285],[19.7556,50.2892],[19.7497,50.2915],[19.7468,50.2886],[19.7399,50.2907],[19.7286,50.2925],[19.7182,50.2924],[19.7043,50.2995],[19.6941,50.2982],[19.6909,50.2954],[19.683,50.2971],[19.6729,50.2967],[19.6765,50.2918],[19.6779,50.2825],[19.6735,50.2773],[19.6734,50.269],[19.6758,50.2651],[19.686,50.262]]]},"properties":{"id":"suloszowa","teryt":"1206132","name":"Sułoszowa","powiatId":"krakowski","type":"WIEJSKA"}},
{"type":"Feature","geometry":{"type":"Polygon","coordinates":[[[19.7576,49.8301],[19.7585,49.8317],[19.764,49.8315],[19.7644,49.8417],[19.7664,49.844],[19.7756,49.8467],[19.7771,49.8524],[19.7759,49.8621],[19.7769,49.8671],[19.7816,49.8673],[19.7867,49.8709],[19.7892,49.8768],[19.7946,49.8778],[19.8116,49.8824],[19.8103,49.8852],[19.7983,49.8893],[19.7864,49.8922],[19.7732,49.893],[19.7702,49.8946],[19.7658,49.901],[19.7656,49.9026],[19.7627,49.8993],[19.7569,49.8981],[19.7581,49.895],[19.7732,49.8897],[19.7708,49.8871],[19.7605,49.8888],[19.7497,49.892],[19.7481,49.8892],[19.7426,49.8896],[19.7398,49.8877],[19.7408,49.8851],[19.7375,49.8814],[19.7323,49.8809],[19.7296,49.878],[19.7309,49.8766],[19.7291,49.8718],[19.7257,49.8712],[19.7219,49.8673],[19.7168,49.8662],[19.7145,49.8641],[19.7127,49.854],[19.704,49.8509],[19.6915,49.8487],[19.6986,49.8403],[19.7056,49.8366],[19.7072,49.8333],[19.7029,49.8319],[19.7016,49.8289],[19.6952,49.8298],[19.6861,49.8221],[19.6877,49.8207],[19.6852,49.8164],[19.6868,49.8131],[19.6838,49.8124],[19.684,49.8109],[19.6969,49.8073],[19.6974,49.806],[19.7053,49.8056],[19.7079,49.8036],[19.7196,49.8065],[19.7259,49.8074],[19.7294,49.812],[19.7282,49.8154],[19.7317,49.8169],[19.731,49.821],[19.7388,49.8267],[19.7394,49.8291],[19.7449,49.8306],[19.7507,49.8304],[19.7546,49.8318],[19.7576,49.8301]]]},"properties":{"id":"lanckorona","teryt":"1218042","name":"Lanckorona","powiatId":"wadowicki","type":"WIEJSKA"}},
{"type":"Feature","geometry":{"type":"Polygon","coordinates":[[[19.7216,50.1775],[19.7249,50.1743],[19.7304,50.1716],[19.7339,50.1663],[19.7363,50.1643],[19.7366,50.1612],[19.7458,50.1586],[19.752,50.1581],[19.7644,50.1587],[19.7653,50.164],[19.7653,50.1711],[19.7712,50.1743],[19.7794,50.172],[19.7836,50.173],[19.7968,50.1651],[19.8016,50.163],[19.805,50.1646],[19.8108,50.1638],[19.817,50.1647],[19.821,50.1622],[19.8272,50.1618],[19.8295,50.1594],[19.8247,50.1558],[19.8177,50.154],[19.8133,50.1505],[19.8156,50.1452],[19.8198,50.1425],[19.8266,50.1416],[19.8227,50.1352],[19.828,50.1312],[19.8354,50.1308],[19.8334,50.125],[19.835,50.1203],[19.8325,50.1124],[19.8336,50.108],[19.8361,50.1064],[19.8445,50.1053],[19.8514,50.1061],[19.8643,50.1017],[19.8618,50.1059],[19.8674,50.1074],[19.8765,50.1123],[19.8794,50.119],[19.8822,50.1214],[19.8905,50.124],[19.8893,50.1274],[19.8903,50.1317],[19.8939,50.1338],[19.8922,50.136],[19.8959,50.139],[19.8944,50.1424],[19.8917,50.1423],[19.8902,50.1481],[19.892,50.1504],[19.8866,50.1508],[19.8746,50.1561],[19.8745,50.1587],[19.8703,50.1592],[19.8608,50.165],[19.8599,50.1693],[19.8569,50.1727],[19.8516,50.1726],[19.848,50.1766],[19.8426,50.1779],[19.8377,50.1808],[19.8405,50.183],[19.8393,50.1856],[19.8329,50.1871],[19.8281,50.1856],[19.8193,50.1802],[19.8154,50.1836],[19.8118,50.1914],[19.8186,50.1967],[19.8168,50.1999],[19.8116,50.1997],[19.8078,50.1977],[19.8054,50.1992],[19.8011,50.1985],[19.7984,50.2],[19.7951,50.1989],[19.7907,50.2016],[19.7873,50.1994],[19.7889,50.1974],[19.7791,50.1925],[19.7735,50.1918],[19.7678,50.1897],[19.7666,50.1867],[19.7532,50.1816],[19.7438,50.1755],[19.7412,50.1764],[19.7281,50.1762],[19.7251,50.1784],[19.7216,50.1775]]]},"properties":{"id":"wielka-wies","teryt":"1206152","name":"Wielka Wieś","powiatId":"krakowski","type":"WIEJSKA"}},
{"type":"Feature","geometry":{"type":"Polygon","coordinates":[[[19.8245,49.8032],[19.8199,49.8038],[19.8166,49.8082],[19.8208,49.8154],[19.8215,49.8212],[19.8197,49.8223],[19.8214,49.8258],[19.8307,49.8328],[19.8367,49.8318],[19.8472,49.8321],[19.8561,49.8357],[19.8637,49.836],[19.8692,49.8343],[19.8732,49.8381],[19.8683,49.8492],[19.8676,49.8562],[19.8623,49.8596],[19.8592,49.8635],[19.8598,49.8671],[19.8568,49.8677],[19.8517,49.8665],[19.8438,49.8674],[19.8421,49.8688],[19.8329,49.8678],[19.8378,49.8712],[19.8374,49.8738],[19.8422,49.875],[19.8448,49.8811],[19.8577,49.8882],[19.858,49.8923],[19.851,49.8958],[19.8508,49.8996],[19.84,49.9031],[19.8351,49.9062],[19.8325,49.9019],[19.8259,49.9004],[19.8239,49.8938],[19.8181,49.8888],[19.8137,49.8889],[19.8103,49.8852],[19.8116,49.8824],[19.7946,49.8778],[19.7892,49.8768],[19.7867,49.8709],[19.7816,49.8673],[19.7769,49.8671],[19.7759,49.8621],[19.7771,49.8524],[19.7756,49.8467],[19.7664,49.844],[19.7644,49.8417],[19.764,49.8315],[19.7585,49.8317],[19.7576,49.8301],[19.7555,49.8263],[19.7577,49.8246],[19.7678,49.825],[19.7688,49.8201],[19.7574,49.82],[19.7572,49.8181],[19.7497,49.8134],[19.754,49.8091],[19.7556,49.8036],[19.7519,49.8002],[19.7502,49.7955],[19.7457,49.7937],[19.7431,49.7905],[19.751,49.7862],[19.7593,49.788],[19.7677,49.7872],[19.7768,49.79],[19.783,49.7898],[19.7863,49.7912],[19.7992,49.7907],[19.8072,49.7902],[19.813,49.792],[19.8167,49.7943],[19.8243,49.7969],[19.8245,49.8032]]]},"properties":{"id":"sulkowice","teryt":"1209073","name":"Sułkowice","powiatId":"myslenicki","type":"MIEJSKO_WIEJSKA"}},
{"type":"Feature","geometry":{"type":"Polygon","coordinates":[[[19.1321,50.017],[19.1291,50.0177],[19.1275,50.0139],[19.1238,50.011],[19.119,50.0092],[19.122,50.0059],[19.1176,50.0038],[19.1175,49.9997],[19.1126,49.9977],[19.1132,49.9955],[19.1199,49.9922],[19.1206,49.9892],[19.1181,49.9822],[19.1099,49.9779],[19.114,49.9752],[19.1128,49.9718],[19.1201,49.9729],[19.1202,49.9703],[19.1176,49.9681],[19.1238,49.9672],[19.1242,49.9642],[19.1159,49.9585],[19.1077,49.96],[19.1025,49.9577],[19.0995,49.9584],[19.0952,49.9565],[19.0908,49.9565],[19.0863,49.954],[19.0832,49.95],[19.0876,49.9493],[19.091,49.951],[19.098,49.9522],[19.0983,49.9504],[19.1037,49.9466],[19.1046,49.9427],[19.1135,49.9434],[19.114,49.9413],[19.1189,49.9389],[19.1265,49.9383],[19.1315,49.9399],[19.141,49.9396],[19.1409,49.938],[19.1515,49.9399],[19.1609,49.9396],[19.1604,49.9423],[19.1659,49.9448],[19.1663,49.9468],[19.1748,49.9474],[19.1794,49.9488],[19.1845,49.9499],[19.1853,49.9505],[19.1865,49.9505],[19.1866,49.9509],[19.187,49.9512],[19.1876,49.9521],[19.1885,49.9522],[19.195,49.9513],[19.1998,49.9574],[19.2035,49.9589],[19.2072,49.9632],[19.2098,49.9641],[19.2096,49.967],[19.2065,49.9695],[19.2027,49.9713],[19.2019,49.9735],[19.2039,49.9768],[19.2081,49.9802],[19.209,49.9833],[19.2062,49.9884],[19.2051,49.9958],[19.1996,49.9944],[19.1943,49.9966],[19.19,49.9949],[19.1803,49.9939],[19.1817,49.9991],[19.177,50.0011],[19.1756,50.005],[19.1723,50.0042],[19.169,50.0081],[19.1603,50.0086],[19.149,50.0111],[19.1337,50.0152],[19.1321,50.017]]]},"properties":{"id":"brzeszcze","teryt":"1213023","name":"Brzeszcze","powiatId":"oswiecimski","type":"MIEJSKO_WIEJSKA"}},
{"type":"Feature","geometry":{"type":"Polygon","coordinates":[[[19.2571,49.975],[19.2572,49.979],[19.2605,49.9837],[19.2671,49.9902],[19.2697,49.9917],[19.2801,49.9927],[19.2915,49.9973],[19.3004,49.9994],[19.3075,49.9996],[19.3142,50.001],[19.327,50.0009],[19.3367,50.0031],[19.3377,50.0068],[19.3434,50.0102],[19.3438,50.0124],[19.3508,50.0183],[19.3502,50.024],[19.3533,50.0303],[19.3543,50.0374],[19.3538,50.0437],[19.3501,50.0467],[19.3514,50.0509],[19.348,50.0533],[19.3424,50.0512],[19.3414,50.0474],[19.3346,50.0465],[19.3327,50.0506],[19.3288,50.0532],[19.319,50.0502],[19.3137,50.0461],[19.3101,50.0471],[19.3087,50.0445],[19.3147,50.0428],[19.319,50.0432],[19.3344,50.0406],[19.3314,50.0372],[19.3237,50.0243],[19.3115,50.0294],[19.3081,50.0272],[19.3081,50.0221],[19.3014,50.0221],[19.3007,50.0191],[19.2953,50.0199],[19.2957,50.0239],[19.2909,50.0223],[19.2852,50.0228],[19.2853,50.0266],[19.2779,50.0262],[19.2652,50.0239],[19.2568,50.0263],[19.2395,50.0266],[19.2316,50.0136],[19.2231,50.0176],[19.2184,50.0182],[19.2132,50.0168],[19.2083,50.0106],[19.2038,50.0113],[19.2043,50.0156],[19.1896,50.021],[19.1878,50.0181],[19.1801,50.0179],[19.1782,50.0217],[19.1846,50.0234],[19.1941,50.0388],[19.1977,50.0437],[19.2057,50.0459],[19.214,50.0509],[19.2206,50.0486],[19.2235,50.0497],[19.2258,50.0552],[19.2307,50.0525],[19.231,50.0485],[19.2348,50.0464],[19.2402,50.0545],[19.2449,50.0552],[19.2384,50.0597],[19.2336,50.0657],[19.2298,50.0675],[19.2233,50.0657],[19.2166,50.0618],[19.2144,50.0648],[19.2096,50.0641],[19.2075,50.0617],[19.2019,50.064],[19.1994,50.0632],[19.1953,50.0652],[19.1823,50.0602],[19.179,50.0577],[19.1712,50.0588],[19.169,50.0604],[19.1632,50.0572],[19.1599,50.0506],[19.156,50.0515],[19.1501,50.0499],[19.1479,50.047],[19.1494,50.0408],[19.1445,50.0394],[19.1451,50.0362],[19.1388,50.0288],[19.143,50.0278],[19.1391,50.0231],[19.133,50.0194],[19.1321,50.017],[19.1337,50.0152],[19.149,50.0111],[19.1603,50.0086],[19.169,50.0081],[19.1723,50.0042],[19.1756,50.005],[19.177,50.0011],[19.1817,49.9991],[19.1803,49.9939],[19.19,49.9949],[19.1943,49.9966],[19.1996,49.9944],[19.2051,49.9958],[19.2062,49.9884],[19.209,49.9833],[19.2081,49.9802],[19.2039,49.9768],[19.2019,49.9735],[19.2027,49.9713],[19.2065,49.9695],[19.209,49.9705],[19.2184,49.9672],[19.2228,49.9654],[19.2274,49.9669],[19.2299,49.963],[19.2333,49.9633],[19.2376,49.9614],[19.241,49.9661],[19.2491,49.9686],[19.2571,49.975]]]},"properties":{"id":"oswiecim-wies","teryt":"1213062","name":"Oświęcim – gmina wiejska","powiatId":"oswiecimski","type":"WIEJSKA"}},
{"type":"Feature","geometry":{"type":"Polygon","coordinates":[[[19.308,49.9194],[19.3062,49.9206],[19.292,49.9243],[19.2792,49.926],[19.2706,49.9279],[19.2613,49.9315],[19.2522,49.9292],[19.2419,49.9313],[19.2391,49.9334],[19.225,49.935],[19.2204,49.9377],[19.2198,49.9406],[19.2209,49.9467],[19.2251,49.9508],[19.2257,49.9551],[19.2237,49.9584],[19.219,49.961],[19.2184,49.9672],[19.209,49.9705],[19.2065,49.9695],[19.2096,49.967],[19.2098,49.9641],[19.2072,49.9632],[19.2035,49.9589],[19.1998,49.9574],[19.195,49.9513],[19.1885,49.9522],[19.1867,49.9509],[19.1866,49.9504],[19.1849,49.95],[19.1853,49.9481],[19.1862,49.9468],[19.1861,49.9452],[19.1837,49.9443],[19.1871,49.9389],[19.184,49.9366],[19.1827,49.9324],[19.1856,49.932],[19.1847,49.9269],[19.1862,49.9228],[19.186,49.9191],[19.1908,49.9177],[19.1945,49.9133],[19.1931,49.9088],[19.1968,49.901],[19.1953,49.8992],[19.1939,49.8912],[19.1962,49.8874],[19.1942,49.886],[19.1803,49.8812],[19.1729,49.8799],[19.1658,49.8749],[19.1669,49.8723],[19.1643,49.8698],[19.1572,49.8663],[19.1709,49.853],[19.1819,49.8562],[19.1899,49.8574],[19.1969,49.8606],[19.1932,49.8661],[19.1935,49.8682],[19.1982,49.8693],[19.2026,49.8716],[19.2062,49.8716],[19.2122,49.8686],[19.2212,49.8687],[19.2207,49.863],[19.2235,49.8632],[19.2374,49.8619],[19.2374,49.8648],[19.2506,49.8636],[19.2548,49.8624],[19.2641,49.8625],[19.2709,49.8607],[19.279,49.8562],[19.2811,49.8543],[19.29,49.8506],[19.2982,49.8568],[19.3157,49.8692],[19.3161,49.8716],[19.3166,49.8741],[19.3149,49.882],[19.3161,49.884],[19.3112,49.8858],[19.3083,49.8891],[19.2983,49.8938],[19.3031,49.8991],[19.3019,49.9059],[19.3089,49.9126],[19.308,49.9194]]]},"properties":{"id":"kety","teryt":"1213043","name":"Kęty","powiatId":"oswiecimski","type":"MIEJSKO_WIEJSKA"}},
{"type":"Feature","geometry":{"type":"Polygon","coordinates":[[[19.2449,50.0552],[19.2402,50.0545],[19.2348,50.0464],[19.231,50.0485],[19.2307,50.0525],[19.2258,50.0552],[19.2235,50.0497],[19.2206,50.0486],[19.214,50.0509],[19.2057,50.0459],[19.1977,50.0437],[19.1941,50.0388],[19.1846,50.0234],[19.1782,50.0217],[19.1801,50.0179],[19.1878,50.0181],[19.1896,50.021],[19.2043,50.0156],[19.2038,50.0113],[19.2083,50.0106],[19.2132,50.0168],[19.2184,50.0182],[19.2231,50.0176],[19.2316,50.0136],[19.2395,50.0266],[19.2568,50.0263],[19.2652,50.0239],[19.2779,50.0262],[19.2853,50.0266],[19.2852,50.0228],[19.2909,50.0223],[19.2957,50.0239],[19.2953,50.0199],[19.3007,50.0191],[19.3014,50.0221],[19.3081,50.0221],[19.3081,50.0272],[19.3115,50.0294],[19.3237,50.0243],[19.3314,50.0372],[19.3344,50.0406],[19.319,50.0432],[19.3147,50.0428],[19.3087,50.0445],[19.3101,50.0471],[19.3035,50.0499],[19.3002,50.0556],[19.2961,50.0571],[19.2922,50.0557],[19.2876,50.0514],[19.2763,50.0475],[19.2682,50.0464],[19.2596,50.0513],[19.2493,50.0512],[19.2449,50.0552]]]},"properties":{"id":"oswiecim-miasto","teryt":"1213011","name":"Oświęcim – gmina miejska","powiatId":"oswiecimski","type":"MIEJSKA"}},
{"type":"Feature","geometry":{"type":"Polygon","coordinates":[[[19.2763,50.0475],[19.2732,50.0488],[19.2729,50.0524],[19.2796,50.0602],[19.2816,50.0649],[19.2898,50.0636],[19.2907,50.0699],[19.2849,50.0688],[19.2856,50.0732],[19.2816,50.0771],[19.2904,50.0781],[19.2891,50.0811],[19.286,50.0833],[19.2802,50.0848],[19.2793,50.0891],[19.2863,50.0956],[19.2748,50.0985],[19.2767,50.1019],[19.263,50.1071],[19.2592,50.1169],[19.2547,50.1288],[19.2544,50.1341],[19.2494,50.1307],[19.2408,50.1177],[19.2407,50.1133],[19.2392,50.1108],[19.2337,50.1085],[19.2306,50.102],[19.2235,50.096],[19.2232,50.0881],[19.2151,50.0817],[19.212,50.0765],[19.2139,50.0739],[19.2193,50.0726],[19.2248,50.0726],[19.2306,50.0703],[19.2336,50.0657],[19.2384,50.0597],[19.2449,50.0552],[19.2493,50.0512],[19.2596,50.0513],[19.2682,50.0464],[19.2763,50.0475]]]},"properties":{"id":"chelmek","teryt":"1213033","name":"Chełmek","powiatId":"oswiecimski","type":"MIEJSKO_WIEJSKA"}},
{"type":"Feature","geometry":{"type":"Polygon","coordinates":[[[19.308,49.9194],[19.3116,49.9194],[19.3147,49.9155],[19.3188,49.9156],[19.3253,49.9183],[19.3309,49.9228],[19.3461,49.9221],[19.3472,49.9195],[19.3565,49.9204],[19.3557,49.927],[19.3576,49.9383],[19.3571,49.9422],[19.354,49.945],[19.3504,49.9467],[19.3498,49.949],[19.3447,49.956],[19.3459,49.9629],[19.3334,49.964],[19.3239,49.9624],[19.3151,49.9625],[19.3101,49.9605],[19.3032,49.9596],[19.2892,49.9614],[19.286,49.9631],[19.2751,49.9653],[19.2625,49.9707],[19.2576,49.9734],[19.2571,49.975],[19.2491,49.9686],[19.241,49.9661],[19.2376,49.9614],[19.2333,49.9633],[19.2299,49.963],[19.2274,49.9669],[19.2228,49.9654],[19.2184,49.9672],[19.219,49.961],[19.2237,49.9584],[19.2257,49.9551],[19.2251,49.9508],[19.2209,49.9467],[19.2198,49.9406],[19.2204,49.9377],[19.225,49.935],[19.2391,49.9334],[19.2419,49.9313],[19.2522,49.9292],[19.2613,49.9315],[19.2706,49.9279],[19.2792,49.926],[19.292,49.9243],[19.3062,49.9206],[19.308,49.9194]]]},"properties":{"id":"osiek","teryt":"1213052","name":"Osiek","powiatId":"oswiecimski","type":"WIEJSKA"}},
{"type":"Feature","geometry":{"type":"Polygon","coordinates":[[[19.3367,50.0031],[19.327,50.0009],[19.3142,50.001],[19.3075,49.9996],[19.3004,49.9994],[19.2915,49.9973],[19.2801,49.9927],[19.2697,49.9917],[19.2671,49.9902],[19.2605,49.9837],[19.2572,49.979],[19.2571,49.975],[19.2576,49.9734],[19.2625,49.9707],[19.2751,49.9653],[19.286,49.9631],[19.2892,49.9614],[19.3032,49.9596],[19.3101,49.9605],[19.3151,49.9625],[19.3239,49.9624],[19.3334,49.964],[19.3459,49.9629],[19.347,49.971],[19.3464,49.976],[19.3483,49.9841],[19.3511,49.9876],[19.3546,49.9895],[19.3499,49.9937],[19.3454,49.9961],[19.3367,50.0031]]]},"properties":{"id":"polanka-wielka","teryt":"1213072","name":"Polanka Wielka","powiatId":"oswiecimski","type":"WIEJSKA"}},
{"type":"Feature","geometry":{"type":"Polygon","coordinates":[[[19.3681,50.0991],[19.3661,50.0996],[19.3681,50.1073],[19.3759,50.1184],[19.3718,50.1202],[19.3643,50.1219],[19.3577,50.1272],[19.3588,50.1296],[19.3183,50.1284],[19.2937,50.1273],[19.2888,50.1316],[19.2807,50.1306],[19.2752,50.1328],[19.2734,50.132],[19.2778,50.1197],[19.2592,50.1169],[19.263,50.1071],[19.2767,50.1019],[19.2748,50.0985],[19.2863,50.0956],[19.2793,50.0891],[19.2802,50.0848],[19.286,50.0833],[19.2891,50.0811],[19.2904,50.0781],[19.2816,50.0771],[19.2856,50.0732],[19.2849,50.0688],[19.2907,50.0699],[19.2898,50.0636],[19.2816,50.0649],[19.2796,50.0602],[19.2729,50.0524],[19.2732,50.0488],[19.2763,50.0475],[19.2876,50.0514],[19.2922,50.0557],[19.2961,50.0571],[19.3002,50.0556],[19.3035,50.0499],[19.3101,50.0471],[19.3137,50.0461],[19.319,50.0502],[19.3288,50.0532],[19.3327,50.0506],[19.3346,50.0465],[19.3414,50.0474],[19.3424,50.0512],[19.348,50.0533],[19.3514,50.0509],[19.3501,50.0467],[19.3538,50.0437],[19.3585,50.0426],[19.3624,50.0465],[19.3611,50.0494],[19.3637,50.0561],[19.3681,50.0615],[19.3722,50.0642],[19.372,50.0687],[19.3735,50.071],[19.3706,50.074],[19.3682,50.0804],[19.3654,50.0851],[19.3667,50.0884],[19.3655,50.0943],[19.3681,50.0991]]]},"properties":{"id":"libiaz","teryt":"1203043","name":"Libiąż","powiatId":"chrzanowski","type":"MIEJSKO_WIEJSKA"}},
{"type":"Feature","geometry":{"type":"Polygon","coordinates":[[[19.7763,49.4123],[19.7792,49.4241],[19.771,49.4336],[19.753,49.4586],[19.746,49.4612],[19.7471,49.4667],[19.7423,49.4738],[19.7392,49.4813],[19.7412,49.4873],[19.7442,49.4896],[19.745,49.4926],[19.7497,49.4968],[19.7578,49.4989],[19.7524,49.5034],[19.7578,49.5096],[19.7566,49.512],[19.7621,49.5164],[19.7622,49.5187],[19.7564,49.528],[19.7636,49.5292],[19.7585,49.5361],[19.7567,49.5427],[19.7634,49.5502],[19.7649,49.5563],[19.7569,49.5571],[19.7525,49.56],[19.7514,49.5623],[19.7527,49.5676],[19.7517,49.5716],[19.7472,49.5724],[19.7349,49.5721],[19.7297,49.5759],[19.7202,49.5771],[19.712,49.5768],[19.7064,49.5753],[19.6994,49.5785],[19.6953,49.5788],[19.6846,49.5745],[19.6782,49.5746],[19.6769,49.5775],[19.6737,49.5782],[19.6728,49.5813],[19.6661,49.5847],[19.6563,49.5908],[19.6566,49.5948],[19.6411,49.603],[19.636,49.6072],[19.6271,49.6134],[19.6246,49.6181],[19.6216,49.6199],[19.6193,49.6237],[19.6093,49.6221],[19.6025,49.6222],[19.5945,49.6232],[19.5903,49.6225],[19.5891,49.6176],[19.5866,49.6127],[19.5939,49.6044],[19.5959,49.5994],[19.592,49.5929],[19.5818,49.5878],[19.5889,49.5842],[19.5915,49.5797],[19.6001,49.575],[19.6028,49.5708],[19.6074,49.5679],[19.5826,49.5633],[19.577,49.5613],[19.5717,49.561],[19.5652,49.556],[19.5668,49.5514],[19.5737,49.5496],[19.5766,49.5455],[19.5757,49.543],[19.5793,49.5409],[19.5908,49.5402],[19.5923,49.536],[19.5971,49.5331],[19.6013,49.5278],[19.5986,49.5236],[19.6013,49.5211],[19.6092,49.5172],[19.6141,49.5116],[19.6207,49.5058],[19.6241,49.5043],[19.6276,49.4995],[19.6326,49.4946],[19.6385,49.4866],[19.6465,49.4797],[19.6512,49.4744],[19.6519,49.4701],[19.6483,49.4648],[19.6451,49.4619],[19.6453,49.4592],[19.6411,49.4576],[19.6429,49.4546],[19.6416,49.4495],[19.6378,49.4481],[19.6386,49.4439],[19.6378,49.4405],[19.6428,49.4373],[19.6463,49.437],[19.6479,49.4336],[19.6438,49.4307],[19.6383,49.4219],[19.6378,49.4188],[19.6346,49.4125],[19.6384,49.4087],[19.6426,49.4106],[19.6461,49.4089],[19.6509,49.4099],[19.654,49.4078],[19.6594,49.4083],[19.665,49.4063],[19.6808,49.4021],[19.6855,49.4034],[19.6914,49.3997],[19.6996,49.3997],[19.7033,49.3953],[19.7068,49.3949],[19.7134,49.3914],[19.7165,49.3909],[19.7172,49.3865],[19.7296,49.3917],[19.7378,49.3993],[19.7421,49.4055],[19.7463,49.4079],[19.7676,49.413],[19.7763,49.4123]]]},"properties":{"id":"jablonka","teryt":"1211052","name":"Jabłonka","powiatId":"nowotarski","type":"WIEJSKA"}},
{"type":"Feature","geometry":{"type":"Polygon","coordinates":[[[19.6411,49.4576],[19.6453,49.4592],[19.6451,49.4619],[19.6483,49.4648],[19.6519,49.4701],[19.6512,49.4744],[19.6465,49.4797],[19.6385,49.4866],[19.6326,49.4946],[19.6276,49.4995],[19.6241,49.5043],[19.6207,49.5058],[19.6141,49.5116],[19.6092,49.5172],[19.6013,49.5211],[19.5986,49.5236],[19.6013,49.5278],[19.5971,49.5331],[19.5923,49.536],[19.5908,49.5402],[19.5793,49.5409],[19.5757,49.543],[19.5766,49.5455],[19.5737,49.5496],[19.5668,49.5514],[19.5652,49.556],[19.5717,49.561],[19.577,49.5613],[19.5826,49.5633],[19.6074,49.5679],[19.6028,49.5708],[19.6001,49.575],[19.5915,49.5797],[19.5889,49.5842],[19.5818,49.5878],[19.5765,49.5855],[19.5698,49.5868],[19.5632,49.5846],[19.5601,49.5801],[19.5488,49.5766],[19.5441,49.5762],[19.5293,49.573],[19.5296,49.5705],[19.5274,49.5612],[19.5299,49.5492],[19.5292,49.5388],[19.5304,49.5358],[19.5356,49.5305],[19.5351,49.5263],[19.54,49.5247],[19.5424,49.5191],[19.5481,49.5132],[19.5516,49.5076],[19.5544,49.4987],[19.5536,49.4899],[19.5594,49.4862],[19.562,49.4822],[19.5656,49.4805],[19.5691,49.4745],[19.5671,49.4711],[19.5705,49.4694],[19.5751,49.4642],[19.5782,49.4629],[19.5813,49.4596],[19.5815,49.4554],[19.5891,49.4581],[19.5974,49.4586],[19.6049,49.4542],[19.6068,49.4508],[19.6114,49.4469],[19.6254,49.4496],[19.6411,49.4576]]]},"properties":{"id":"lipnica-wielka","teryt":"1211072","name":"Lipnica Wielka","powiatId":"nowotarski","type":"WIEJSKA"}},
{"type":"Feature","geometry":{"type":"Polygon","coordinates":[[[19.7649,49.5563],[19.7711,49.5557],[19.788,49.5601],[19.7999,49.5604],[19.8005,49.5581],[19.8068,49.5548],[19.8114,49.5545],[19.814,49.5526],[19.8259,49.5506],[19.8282,49.5478],[19.8326,49.5465],[19.8371,49.5436],[19.8427,49.5448],[19.8449,49.5511],[19.8448,49.5569],[19.8491,49.5611],[19.8493,49.5646],[19.8533,49.5675],[19.8559,49.5721],[19.862,49.575],[19.8631,49.5771],[19.8669,49.5778],[19.87,49.5813],[19.8749,49.5836],[19.8718,49.5888],[19.8713,49.5939],[19.8652,49.5942],[19.8649,49.5985],[19.8627,49.5993],[19.8527,49.5993],[19.852,49.5954],[19.844,49.5957],[19.8333,49.5941],[19.8254,49.5922],[19.82,49.5939],[19.8138,49.5924],[19.8092,49.5949],[19.7987,49.5939],[19.7926,49.5908],[19.7864,49.5895],[19.7757,49.5855],[19.7699,49.5862],[19.7666,49.5907],[19.7608,49.5879],[19.7548,49.5864],[19.7543,49.5843],[19.7635,49.5804],[19.7604,49.577],[19.7545,49.5743],[19.7517,49.5716],[19.7527,49.5676],[19.7514,49.5623],[19.7525,49.56],[19.7569,49.5571],[19.7649,49.5563]]]},"properties":{"id":"spytkowice-nowotarski","teryt":"1211132","name":"Spytkowice (pow. nowotarski)","powiatId":"nowotarski","type":"WIEJSKA"}},
{"type":"Feature","geometry":{"type":"Polygon","coordinates":[[[19.5818,49.5878],[19.592,49.5929],[19.5959,49.5994],[19.5939,49.6044],[19.5866,49.6127],[19.5891,49.6176],[19.5903,49.6225],[19.5945,49.6232],[19.6025,49.6222],[19.6093,49.6221],[19.6193,49.6237],[19.6278,49.6258],[19.6365,49.6256],[19.6441,49.6282],[19.656,49.6271],[19.6618,49.6323],[19.6653,49.6334],[19.676,49.641],[19.6688,49.645],[19.6694,49.6492],[19.6669,49.6499],[19.6666,49.654],[19.6701,49.657],[19.666,49.6576],[19.6628,49.6599],[19.6728,49.661],[19.6697,49.6655],[19.671,49.6713],[19.6687,49.6773],[19.6692,49.6794],[19.6663,49.6816],[19.6698,49.6881],[19.6515,49.6814],[19.6441,49.6797],[19.6427,49.6781],[19.6362,49.6801],[19.6292,49.6809],[19.6245,49.6845],[19.6178,49.6856],[19.6126,49.6875],[19.6175,49.6923],[19.6097,49.6962],[19.6035,49.6961],[19.5922,49.6987],[19.58,49.6974],[19.5733,49.6949],[19.5721,49.6924],[19.5666,49.689],[19.5631,49.6858],[19.551,49.6822],[19.5435,49.6784],[19.5376,49.6782],[19.532,49.6731],[19.5241,49.6717],[19.5198,49.6731],[19.5086,49.6677],[19.501,49.6685],[19.4934,49.6671],[19.4861,49.6617],[19.4778,49.6608],[19.4773,49.6564],[19.4689,49.648],[19.4685,49.6439],[19.471,49.6405],[19.4748,49.6392],[19.4797,49.6316],[19.4808,49.6244],[19.475,49.6212],[19.4726,49.6178],[19.4674,49.6138],[19.4707,49.6087],[19.4746,49.6047],[19.4737,49.6016],[19.4684,49.5965],[19.473,49.5939],[19.4784,49.588],[19.4846,49.5855],[19.4926,49.5843],[19.4972,49.5816],[19.5043,49.582],[19.5102,49.5814],[19.5182,49.5734],[19.522,49.5722],[19.5293,49.573],[19.5441,49.5762],[19.5488,49.5766],[19.5601,49.5801],[19.5632,49.5846],[19.5698,49.5868],[19.5765,49.5855],[19.5818,49.5878]]]},"properties":{"id":"zawoja","teryt":"1215082","name":"Zawoja","powiatId":"suski","type":"WIEJSKA"}},
{"type":"Feature","geometry":{"type":"Polygon","coordinates":[[[19.7666,49.5907],[19.7732,49.5934],[19.7751,49.6011],[19.771,49.6033],[19.7686,49.6074],[19.7642,49.6095],[19.7593,49.6153],[19.7511,49.618],[19.753,49.6192],[19.7644,49.6214],[19.7748,49.6258],[19.784,49.6312],[19.7946,49.6328],[19.801,49.6372],[19.8009,49.6387],[19.8063,49.6432],[19.8099,49.6449],[19.8116,49.6478],[19.8089,49.6509],[19.8077,49.6561],[19.7997,49.6558],[19.8003,49.6577],[19.8064,49.6591],[19.8063,49.6614],[19.8016,49.6632],[19.7983,49.6699],[19.7941,49.6694],[19.793,49.6673],[19.7798,49.6685],[19.7736,49.6655],[19.7723,49.6615],[19.7648,49.6615],[19.7482,49.6559],[19.7403,49.6578],[19.7329,49.6554],[19.7214,49.6561],[19.719,49.6551],[19.7122,49.6542],[19.7036,49.648],[19.6977,49.6453],[19.6883,49.6455],[19.6794,49.6434],[19.676,49.641],[19.6653,49.6334],[19.6618,49.6323],[19.656,49.6271],[19.6441,49.6282],[19.6365,49.6256],[19.6278,49.6258],[19.6193,49.6237],[19.6216,49.6199],[19.6246,49.6181],[19.6271,49.6134],[19.636,49.6072],[19.6411,49.603],[19.6566,49.5948],[19.6563,49.5908],[19.6661,49.5847],[19.6728,49.5813],[19.6737,49.5782],[19.6769,49.5775],[19.6782,49.5746],[19.6846,49.5745],[19.6953,49.5788],[19.6994,49.5785],[19.7064,49.5753],[19.712,49.5768],[19.7202,49.5771],[19.7297,49.5759],[19.7349,49.5721],[19.7472,49.5724],[19.7517,49.5716],[19.7545,49.5743],[19.7604,49.577],[19.7635,49.5804],[19.7543,49.5843],[19.7548,49.5864],[19.7608,49.5879],[19.7666,49.5907]]]},"properties":{"id":"bystra-sidzina","teryt":"1215042","name":"Bystra-Sidzina","powiatId":"suski","type":"WIEJSKA"}},
{"type":"Feature","geometry":{"type":"MultiPolygon","coordinates":[[[[19.8627,49.5993],[19.8658,49.6037],[19.8689,49.6122],[19.8744,49.6163],[19.872,49.6234],[19.8729,49.629],[19.8708,49.6318],[19.8675,49.6322],[19.861,49.6301],[19.8504,49.6295],[19.8451,49.6313],[19.8394,49.6252],[19.8349,49.6252],[19.8319,49.6233],[19.833,49.6212],[19.8297,49.6192],[19.8277,49.622],[19.8256,49.6351],[19.817,49.6385],[19.8151,49.6409],[19.8096,49.6427],[19.8099,49.6449],[19.8063,49.6432],[19.8009,49.6387],[19.801,49.6372],[19.7946,49.6328],[19.784,49.6312],[19.7748,49.6258],[19.7644,49.6214],[19.753,49.6192],[19.7511,49.618],[19.7593,49.6153],[19.7642,49.6095],[19.7686,49.6074],[19.771,49.6033],[19.7751,49.6011],[19.7732,49.5934],[19.7666,49.5907],[19.7699,49.5862],[19.7757,49.5855],[19.7864,49.5895],[19.7926,49.5908],[19.7987,49.5939],[19.8092,49.5949],[19.8138,49.5924],[19.82,49.5939],[19.8254,49.5922],[19.8333,49.5941],[19.844,49.5957],[19.852,49.5954],[19.8527,49.5993],[19.8627,49.5993]]],[[[19.9121,49.7135],[19.9079,49.7126],[19.9004,49.7138],[19.8948,49.7112],[19.8842,49.7118],[19.8766,49.7135],[19.8699,49.7127],[19.8685,49.7151],[19.8624,49.7123],[19.8578,49.7121],[19.8488,49.7093],[19.8408,49.7097],[19.8335,49.7094],[19.8279,49.7074],[19.8183,49.7076],[19.8108,49.706],[19.8088,49.7065],[19.7971,49.7045],[19.7954,49.7066],[19.7957,49.7159],[19.7942,49.7211],[19.7907,49.724],[19.7861,49.7226],[19.7846,49.7154],[19.7862,49.7078],[19.7769,49.7064],[19.7775,49.7015],[19.7755,49.7006],[19.7672,49.7],[19.7615,49.7016],[19.7573,49.6956],[19.7502,49.6927],[19.7437,49.6872],[19.742,49.6832],[19.7381,49.6832],[19.7365,49.6809],[19.7296,49.6761],[19.7286,49.6742],[19.7236,49.672],[19.7193,49.6649],[19.723,49.663],[19.7186,49.6569],[19.719,49.6551],[19.7214,49.6561],[19.7329,49.6554],[19.7403,49.6578],[19.7482,49.6559],[19.7648,49.6615],[19.7723,49.6615],[19.7736,49.6655],[19.7798,49.6685],[19.793,49.6673],[19.7941,49.6694],[19.7983,49.6699],[19.7997,49.6742],[19.7989,49.6764],[19.802,49.6784],[19.8159,49.6768],[19.8192,49.6774],[19.825,49.6759],[19.8439,49.675],[19.855,49.676],[19.853,49.6728],[19.8486,49.6696],[19.8507,49.6657],[19.858,49.6617],[19.8633,49.6571],[19.8662,49.6507],[19.8736,49.6424],[19.8761,49.6368],[19.8885,49.6354],[19.8937,49.6376],[19.9008,49.6416],[19.9028,49.6448],[19.9063,49.6469],[19.9041,49.6495],[19.9052,49.6592],[19.9022,49.6605],[19.8993,49.6667],[19.893,49.6754],[19.8895,49.6775],[19.8858,49.6833],[19.8894,49.6855],[19.8881,49.6917],[19.8958,49.6919],[19.893,49.6946],[19.8977,49.6955],[19.9017,49.6999],[19.9085,49.706],[19.9085,49.7097],[19.9121,49.7135]]]]},"properties":{"id":"jordanow-wies","teryt":"1215052","name":"Jordanów – gmina wiejska","powiatId":"suski","type":"WIEJSKA"}},
{"type":"Feature","geometry":{"type":"Polygon","coordinates":[[[19.6138,49.7602],[19.6122,49.7494],[19.6193,49.7485],[19.6213,49.7363],[19.6127,49.7274],[19.6159,49.7221],[19.6089,49.7198],[19.6024,49.7193],[19.5971,49.7178],[19.5938,49.7156],[19.5893,49.7094],[19.5769,49.7047],[19.5721,49.7021],[19.5721,49.699],[19.5733,49.6949],[19.58,49.6974],[19.5922,49.6987],[19.6035,49.6961],[19.6097,49.6962],[19.6175,49.6923],[19.6126,49.6875],[19.6178,49.6856],[19.6245,49.6845],[19.6292,49.6809],[19.6362,49.6801],[19.6427,49.6781],[19.6441,49.6797],[19.6515,49.6814],[19.6698,49.6881],[19.6663,49.6816],[19.6692,49.6794],[19.6687,49.6773],[19.671,49.6713],[19.6697,49.6655],[19.6728,49.661],[19.6628,49.6599],[19.666,49.6576],[19.6701,49.657],[19.6666,49.654],[19.6669,49.6499],[19.6694,49.6492],[19.6688,49.645],[19.676,49.641],[19.6794,49.6434],[19.6883,49.6455],[19.6977,49.6453],[19.7036,49.648],[19.7122,49.6542],[19.719,49.6551],[19.7186,49.6569],[19.723,49.663],[19.7193,49.6649],[19.7236,49.672],[19.7286,49.6742],[19.7296,49.6761],[19.7365,49.6809],[19.7381,49.6832],[19.742,49.6832],[19.7437,49.6872],[19.7502,49.6927],[19.7573,49.6956],[19.7615,49.7016],[19.7672,49.7],[19.7755,49.7006],[19.7775,49.7015],[19.7769,49.7064],[19.7862,49.7078],[19.7846,49.7154],[19.7861,49.7226],[19.7907,49.724],[19.7981,49.7275],[19.7947,49.7311],[19.7905,49.7306],[19.7863,49.7325],[19.7844,49.7363],[19.7883,49.7423],[19.7818,49.7469],[19.7802,49.7503],[19.7721,49.751],[19.7722,49.7525],[19.7622,49.7546],[19.7516,49.7514],[19.7487,49.7499],[19.7411,49.7479],[19.7297,49.7478],[19.7273,49.745],[19.7227,49.7433],[19.7154,49.7387],[19.7072,49.7395],[19.7038,49.7423],[19.6937,49.7422],[19.6896,49.7455],[19.6817,49.7495],[19.6745,49.7514],[19.6698,49.75],[19.6608,49.753],[19.6538,49.7573],[19.6507,49.7604],[19.6448,49.7544],[19.633,49.757],[19.6246,49.7598],[19.6214,49.7594],[19.6173,49.7615],[19.6138,49.7602]]]},"properties":{"id":"makow-podhalanski","teryt":"1215063","name":"Maków Podhalański","powiatId":"suski","type":"MIEJSKO_WIEJSKA"}},
{"type":"Feature","geometry":{"type":"Polygon","coordinates":[[[19.415,49.7753],[19.4202,49.7722],[19.4264,49.7643],[19.4314,49.7622],[19.4364,49.7571],[19.441,49.7506],[19.446,49.7421],[19.4446,49.7349],[19.4413,49.7333],[19.4374,49.729],[19.4282,49.7275],[19.4297,49.7202],[19.4185,49.7149],[19.4191,49.7139],[19.4105,49.7101],[19.4022,49.711],[19.3946,49.7058],[19.3911,49.6972],[19.3825,49.6964],[19.3792,49.6948],[19.3725,49.6955],[19.371,49.693],[19.3769,49.6914],[19.3827,49.6863],[19.3898,49.6835],[19.3918,49.6773],[19.396,49.6764],[19.3976,49.6784],[19.4071,49.6786],[19.4101,49.6737],[19.4138,49.6728],[19.418,49.6746],[19.4231,49.6739],[19.4266,49.6756],[19.4364,49.6782],[19.4411,49.6805],[19.4493,49.6793],[19.4541,49.677],[19.4594,49.6764],[19.465,49.6679],[19.4709,49.666],[19.4778,49.6608],[19.4861,49.6617],[19.4934,49.6671],[19.501,49.6685],[19.5086,49.6677],[19.5198,49.6731],[19.5241,49.6717],[19.532,49.6731],[19.5376,49.6782],[19.5435,49.6784],[19.551,49.6822],[19.5631,49.6858],[19.5666,49.689],[19.5721,49.6924],[19.5733,49.6949],[19.5721,49.699],[19.5652,49.7005],[19.5601,49.7095],[19.5551,49.7142],[19.5533,49.7173],[19.5478,49.7224],[19.5487,49.7278],[19.5454,49.7367],[19.5417,49.74],[19.5464,49.7443],[19.548,49.7487],[19.5433,49.7512],[19.5407,49.7568],[19.534,49.763],[19.5338,49.7643],[19.5294,49.7627],[19.5277,49.7604],[19.5233,49.7593],[19.5226,49.7634],[19.5182,49.7638],[19.5174,49.7726],[19.5139,49.7792],[19.5066,49.7788],[19.4974,49.7769],[19.4913,49.7796],[19.4815,49.7804],[19.4674,49.7824],[19.4582,49.7824],[19.4536,49.7868],[19.4493,49.7886],[19.4474,49.7947],[19.4485,49.7956],[19.4457,49.7957],[19.4461,49.792],[19.4435,49.7887],[19.4382,49.7873],[19.4304,49.7839],[19.415,49.7753]]]},"properties":{"id":"stryszawa","teryt":"1215072","name":"Stryszawa","powiatId":"suski","type":"WIEJSKA"}},
{"type":"Feature","geometry":{"type":"Polygon","coordinates":[[[19.5721,49.699],[19.5721,49.7021],[19.5769,49.7047],[19.5893,49.7094],[19.5938,49.7156],[19.5971,49.7178],[19.6024,49.7193],[19.6089,49.7198],[19.6159,49.7221],[19.6127,49.7274],[19.6213,49.7363],[19.6193,49.7485],[19.6122,49.7494],[19.6138,49.7602],[19.6061,49.7593],[19.6042,49.757],[19.5936,49.7541],[19.5888,49.7543],[19.5719,49.7605],[19.5654,49.7641],[19.565,49.7667],[19.5615,49.7673],[19.5566,49.7655],[19.5491,49.7669],[19.5421,49.7651],[19.5338,49.7643],[19.534,49.763],[19.5407,49.7568],[19.5433,49.7512],[19.548,49.7487],[19.5464,49.7443],[19.5417,49.74],[19.5454,49.7367],[19.5487,49.7278],[19.5478,49.7224],[19.5533,49.7173],[19.5551,49.7142],[19.5601,49.7095],[19.5652,49.7005],[19.5721,49.699]]]},"properties":{"id":"sucha-beskidzka","teryt":"1215021","name":"Sucha Beskidzka","powiatId":"suski","type":"MIEJSKA"}},
{"type":"Feature","geometry":{"type":"Polygon","coordinates":[[[19.4485,49.7956],[19.4474,49.7947],[19.4493,49.7886],[19.4536,49.7868],[19.4582,49.7824],[19.4674,49.7824],[19.4815,49.7804],[19.4913,49.7796],[19.4974,49.7769],[19.5066,49.7788],[19.5139,49.7792],[19.5174,49.7726],[19.5182,49.7638],[19.5226,49.7634],[19.5233,49.7593],[19.5277,49.7604],[19.5294,49.7627],[19.5338,49.7643],[19.5421,49.7651],[19.5491,49.7669],[19.5566,49.7655],[19.5615,49.7673],[19.565,49.7667],[19.5654,49.7641],[19.5719,49.7605],[19.5888,49.7543],[19.5936,49.7541],[19.6042,49.757],[19.6061,49.7593],[19.6138,49.7602],[19.6173,49.7615],[19.6199,49.7652],[19.6197,49.7715],[19.6214,49.7735],[19.6289,49.7777],[19.6396,49.779],[19.6423,49.7806],[19.6444,49.7843],[19.6438,49.7868],[19.6485,49.7938],[19.6471,49.7958],[19.6441,49.7955],[19.6349,49.7978],[19.6281,49.7982],[19.6161,49.7952],[19.6092,49.7943],[19.606,49.7927],[19.599,49.7961],[19.5941,49.7966],[19.5855,49.7942],[19.582,49.7967],[19.5678,49.7976],[19.5588,49.7962],[19.5572,49.8],[19.5473,49.7986],[19.5393,49.8018],[19.5276,49.7985],[19.5277,49.7929],[19.5085,49.787],[19.5043,49.7905],[19.492,49.7863],[19.489,49.7865],[19.4832,49.7896],[19.4754,49.789],[19.4704,49.7939],[19.4633,49.7982],[19.461,49.7986],[19.4559,49.7979],[19.4485,49.7956]]]},"properties":{"id":"zembrzyce","teryt":"1215092","name":"Zembrzyce","powiatId":"suski","type":"WIEJSKA"}},
{"type":"Feature","geometry":{"type":"Polygon","coordinates":[[[20.253,49.5651],[20.2466,49.5612],[20.2386,49.5579],[20.2243,49.5559],[20.2136,49.5509],[20.2038,49.5503],[20.1989,49.5513],[20.1931,49.5502],[20.1833,49.5501],[20.1766,49.549],[20.1704,49.5468],[20.1576,49.5478],[20.1492,49.5426],[20.1453,49.5298],[20.1469,49.5234],[20.1513,49.5146],[20.156,49.5146],[20.1618,49.5128],[20.1672,49.5122],[20.1797,49.5076],[20.1874,49.5054],[20.1938,49.4985],[20.1974,49.5007],[20.2024,49.4983],[20.2107,49.4985],[20.2122,49.4952],[20.2171,49.4938],[20.224,49.4935],[20.2252,49.4918],[20.2299,49.4914],[20.2403,49.4907],[20.2501,49.493],[20.2595,49.4969],[20.2665,49.4968],[20.2701,49.493],[20.2762,49.4922],[20.2791,49.4904],[20.2829,49.491],[20.289,49.4901],[20.297,49.4905],[20.2997,49.4924],[20.3101,49.4913],[20.323,49.4916],[20.3385,49.4903],[20.3453,49.4872],[20.3484,49.487],[20.3601,49.4807],[20.3737,49.477],[20.3798,49.4742],[20.3845,49.4733],[20.3893,49.4688],[20.3994,49.468],[20.4021,49.4654],[20.4113,49.4677],[20.4233,49.4681],[20.4326,49.4642],[20.4388,49.4661],[20.4538,49.4683],[20.4592,49.4684],[20.4637,49.4709],[20.4701,49.4724],[20.4634,49.4787],[20.4645,49.4823],[20.4596,49.4883],[20.4539,49.4913],[20.4502,49.4911],[20.4443,49.4927],[20.4436,49.497],[20.4472,49.4997],[20.4446,49.5065],[20.4462,49.5119],[20.4447,49.5135],[20.4356,49.5139],[20.4258,49.5155],[20.4198,49.5178],[20.4177,49.514],[20.4085,49.5164],[20.406,49.5177],[20.4035,49.5216],[20.3992,49.5245],[20.3951,49.5258],[20.3912,49.5309],[20.3864,49.5316],[20.3814,49.5341],[20.375,49.5345],[20.3728,49.5359],[20.362,49.5341],[20.3562,49.5376],[20.3506,49.5386],[20.347,49.5374],[20.3439,49.5392],[20.3393,49.5389],[20.332,49.5418],[20.3288,49.5449],[20.3289,49.5497],[20.3256,49.5539],[20.3204,49.5582],[20.3203,49.5613],[20.3123,49.5664],[20.2991,49.5699],[20.2973,49.5732],[20.2925,49.5695],[20.2864,49.5686],[20.2814,49.5665],[20.2754,49.5677],[20.2618,49.5682],[20.253,49.5651]]]},"properties":{"id":"ochotnica-dolna","teryt":"1211102","name":"Ochotnica Dolna","powiatId":"nowotarski","type":"WIEJSKA"}},
{"type":"Feature","geometry":{"type":"Polygon","coordinates":[[[20.3301,49.819],[20.3312,49.8268],[20.3359,49.8264],[20.3444,49.8292],[20.3463,49.8325],[20.3418,49.8386],[20.3471,49.8401],[20.3484,49.8442],[20.3307,49.8489],[20.3283,49.8503],[20.3289,49.8531],[20.3318,49.8546],[20.3338,49.858],[20.3304,49.8606],[20.3302,49.8631],[20.333,49.8657],[20.3328,49.8687],[20.3533,49.872],[20.3634,49.8693],[20.3698,49.8708],[20.3725,49.878],[20.3781,49.8814],[20.3743,49.8841],[20.3776,49.8889],[20.3772,49.8907],[20.3716,49.8961],[20.3672,49.8986],[20.3621,49.8985],[20.3574,49.9009],[20.3603,49.9057],[20.3587,49.9077],[20.3627,49.9096],[20.3645,49.9124],[20.3551,49.9148],[20.3509,49.913],[20.3432,49.9137],[20.3388,49.9121],[20.3345,49.9147],[20.3303,49.9116],[20.3233,49.9125],[20.3187,49.9146],[20.3147,49.9126],[20.313,49.916],[20.3085,49.9164],[20.3071,49.9189],[20.3056,49.9145],[20.2986,49.9116],[20.2972,49.9092],[20.2916,49.908],[20.2859,49.9044],[20.2876,49.8929],[20.2814,49.8935],[20.2713,49.8924],[20.2683,49.8882],[20.2657,49.887],[20.2612,49.8826],[20.2615,49.8751],[20.2597,49.8716],[20.2565,49.8697],[20.2553,49.8668],[20.2489,49.8636],[20.2366,49.8658],[20.2325,49.8636],[20.237,49.8562],[20.2353,49.8492],[20.2404,49.8478],[20.2404,49.845],[20.245,49.8433],[20.2469,49.8398],[20.2452,49.8364],[20.2475,49.8352],[20.244,49.8321],[20.2443,49.8295],[20.2516,49.8286],[20.2577,49.8309],[20.2653,49.8251],[20.267,49.8205],[20.2725,49.8184],[20.2722,49.813],[20.2771,49.8112],[20.2816,49.8075],[20.285,49.8079],[20.2889,49.806],[20.2952,49.8063],[20.2987,49.8076],[20.3003,49.8113],[20.3126,49.814],[20.3159,49.8174],[20.3133,49.8201],[20.3145,49.8232],[20.3258,49.8189],[20.3301,49.819]]]},"properties":{"id":"lapanow","teryt":"1201052","name":"Łapanów","powiatId":"bochenski","type":"WIEJSKA"}},
{"type":"Feature","geometry":{"type":"Polygon","coordinates":[[[20.3385,49.4903],[20.323,49.4916],[20.3101,49.4913],[20.2997,49.4924],[20.297,49.4905],[20.289,49.4901],[20.2829,49.491],[20.2791,49.4904],[20.2762,49.4922],[20.2701,49.493],[20.2665,49.4968],[20.2595,49.4969],[20.2501,49.493],[20.2403,49.4907],[20.2299,49.4914],[20.2267,49.486],[20.226,49.4784],[20.2236,49.4738],[20.2291,49.461],[20.2354,49.4561],[20.2399,49.4538],[20.2434,49.4504],[20.2495,49.4465],[20.2523,49.4426],[20.2579,49.4393],[20.2683,49.4377],[20.2757,49.4384],[20.2808,49.4408],[20.2845,49.441],[20.2907,49.4385],[20.2947,49.433],[20.2992,49.4326],[20.3061,49.4344],[20.309,49.4338],[20.3088,49.4296],[20.3111,49.4268],[20.3168,49.426],[20.3221,49.4232],[20.3246,49.419],[20.3243,49.4127],[20.3256,49.4111],[20.3341,49.4086],[20.3347,49.4041],[20.3371,49.4023],[20.3443,49.4006],[20.3499,49.4015],[20.3572,49.3985],[20.3617,49.3982],[20.3692,49.4013],[20.37,49.4061],[20.3757,49.4079],[20.3809,49.4033],[20.3807,49.3943],[20.3824,49.391],[20.393,49.3906],[20.4081,49.3932],[20.4123,49.3952],[20.4148,49.3981],[20.4144,49.4038],[20.42,49.4055],[20.428,49.402],[20.4303,49.3968],[20.4348,49.3989],[20.4342,49.4021],[20.4369,49.4069],[20.434,49.4081],[20.4297,49.4078],[20.4293,49.4147],[20.4322,49.4175],[20.4277,49.4185],[20.4186,49.4192],[20.3986,49.4186],[20.3895,49.4176],[20.3868,49.4186],[20.3821,49.4177],[20.3774,49.4196],[20.3683,49.4219],[20.3628,49.4195],[20.3601,49.4224],[20.3456,49.4254],[20.3338,49.4287],[20.3312,49.4334],[20.331,49.4361],[20.3341,49.4386],[20.3319,49.4423],[20.3287,49.4391],[20.3222,49.4396],[20.3271,49.4458],[20.3247,49.4474],[20.3256,49.4555],[20.3225,49.4593],[20.3241,49.4633],[20.3261,49.4735],[20.3288,49.4785],[20.3296,49.4827],[20.3385,49.4903]]]},"properties":{"id":"czorsztyn","teryt":"1211042","name":"Czorsztyn","powiatId":"nowotarski","type":"WIEJSKA"}},
{"type":"Feature","geometry":{"type":"Polygon","coordinates":[[[20.3695,49.7271],[20.3647,49.7276],[20.3584,49.7301],[20.3511,49.7317],[20.3521,49.7366],[20.3588,49.7368],[20.3613,49.7402],[20.3609,49.747],[20.3623,49.7499],[20.3522,49.7511],[20.3468,49.7537],[20.3449,49.7571],[20.3409,49.7561],[20.3389,49.7534],[20.3339,49.7527],[20.3299,49.7575],[20.3262,49.7555],[20.3211,49.7502],[20.3161,49.7511],[20.3072,49.7544],[20.3021,49.7556],[20.3009,49.7577],[20.2949,49.7605],[20.2775,49.7479],[20.2738,49.7469],[20.2724,49.7419],[20.2653,49.7413],[20.2518,49.7416],[20.2495,49.7374],[20.2527,49.7343],[20.2599,49.7332],[20.2661,49.7295],[20.2717,49.7278],[20.2787,49.7287],[20.2794,49.7247],[20.2757,49.7176],[20.2773,49.7106],[20.2808,49.7033],[20.2855,49.6987],[20.2959,49.7001],[20.3024,49.7042],[20.3122,49.7054],[20.3213,49.7093],[20.3265,49.7102],[20.3295,49.7121],[20.3401,49.7162],[20.3523,49.7167],[20.3663,49.7191],[20.3703,49.7187],[20.3707,49.7214],[20.3686,49.7239],[20.3695,49.7271]]]},"properties":{"id":"tymbark","teryt":"1207122","name":"Tymbark","powiatId":"limanowski","type":"WIEJSKA"}},
{"type":"Feature","geometry":{"type":"Polygon","coordinates":[[[20.253,49.5651],[20.2618,49.5682],[20.2754,49.5677],[20.2814,49.5665],[20.2864,49.5686],[20.2925,49.5695],[20.2973,49.5732],[20.2991,49.5699],[20.3123,49.5664],[20.3203,49.5613],[20.3204,49.5582],[20.3256,49.5539],[20.3289,49.5497],[20.3288,49.5449],[20.332,49.5418],[20.3393,49.5389],[20.3439,49.5392],[20.347,49.5374],[20.3506,49.5386],[20.3562,49.5376],[20.362,49.5341],[20.3647,49.5386],[20.3635,49.543],[20.3677,49.5474],[20.3787,49.5522],[20.3813,49.5565],[20.3856,49.5611],[20.383,49.5626],[20.3827,49.5654],[20.3757,49.5663],[20.3733,49.5685],[20.3698,49.5754],[20.3622,49.578],[20.3654,49.5803],[20.3603,49.5841],[20.3566,49.5852],[20.3565,49.5874],[20.3619,49.5879],[20.3674,49.5871],[20.3695,49.5893],[20.369,49.5969],[20.3672,49.6024],[20.3684,49.6071],[20.368,49.6135],[20.3654,49.6156],[20.3693,49.6207],[20.3761,49.6212],[20.3779,49.6241],[20.3772,49.633],[20.3755,49.6378],[20.3759,49.6427],[20.3754,49.6428],[20.3512,49.6383],[20.3495,49.6343],[20.3418,49.6337],[20.3361,49.6344],[20.3348,49.6358],[20.327,49.6372],[20.3228,49.6354],[20.3117,49.636],[20.3042,49.6338],[20.3008,49.6288],[20.3052,49.6247],[20.3091,49.6241],[20.311,49.6209],[20.314,49.6193],[20.3238,49.6186],[20.3224,49.6143],[20.3192,49.6097],[20.3242,49.6104],[20.3299,49.6059],[20.3272,49.6003],[20.3303,49.5979],[20.3207,49.5905],[20.3152,49.5924],[20.3093,49.5957],[20.2994,49.5914],[20.2953,49.5917],[20.287,49.5885],[20.2798,49.5897],[20.2742,49.5849],[20.2717,49.588],[20.2627,49.5924],[20.2592,49.5919],[20.2511,49.5888],[20.2548,49.5816],[20.2586,49.5795],[20.2472,49.5717],[20.2502,49.5695],[20.2482,49.5678],[20.253,49.5651]]]},"properties":{"id":"kamienica","teryt":"1207052","name":"Kamienica","powiatId":"limanowski","type":"WIEJSKA"}},
{"type":"Feature","geometry":{"type":"Polygon","coordinates":[[[20.3703,49.7187],[20.3663,49.7191],[20.3523,49.7167],[20.3401,49.7162],[20.3295,49.7121],[20.3265,49.7102],[20.3213,49.7093],[20.3122,49.7054],[20.3024,49.7042],[20.2959,49.7001],[20.2855,49.6987],[20.2878,49.6929],[20.2867,49.6881],[20.2908,49.6819],[20.2868,49.6772],[20.2849,49.672],[20.2845,49.6646],[20.2806,49.659],[20.2787,49.6546],[20.2794,49.6508],[20.2829,49.6458],[20.2841,49.6413],[20.2825,49.6393],[20.2777,49.6378],[20.2768,49.6325],[20.2955,49.6331],[20.2999,49.6343],[20.3042,49.6338],[20.3117,49.636],[20.3228,49.6354],[20.327,49.6372],[20.3348,49.6358],[20.3361,49.6344],[20.3418,49.6337],[20.3495,49.6343],[20.3512,49.6383],[20.3754,49.6428],[20.3763,49.6459],[20.3742,49.648],[20.3741,49.6527],[20.3757,49.6561],[20.3736,49.6603],[20.3765,49.6707],[20.3803,49.675],[20.3891,49.6811],[20.3863,49.6873],[20.3844,49.6985],[20.376,49.7003],[20.3761,49.7039],[20.3726,49.7067],[20.3742,49.7117],[20.3801,49.7173],[20.3703,49.7187]]]},"properties":{"id":"slopnice","teryt":"1207112","name":"Słopnice","powiatId":"limanowski","type":"WIEJSKA"}},
{"type":"Feature","geometry":{"type":"Polygon","coordinates":[[[20.5918,49.6957],[20.5903,49.7001],[20.5858,49.7021],[20.5768,49.7035],[20.5557,49.7131],[20.552,49.7164],[20.5465,49.7165],[20.5404,49.7177],[20.535,49.7178],[20.5259,49.7199],[20.5214,49.7208],[20.5173,49.7195],[20.51,49.7203],[20.4967,49.7207],[20.4886,49.7219],[20.4783,49.725],[20.4726,49.7279],[20.4644,49.7269],[20.4549,49.732],[20.4379,49.7341],[20.4376,49.7376],[20.435,49.7427],[20.4363,49.7468],[20.4346,49.7487],[20.4373,49.7521],[20.4362,49.7549],[20.4388,49.7568],[20.4379,49.7592],[20.4321,49.7607],[20.4245,49.7597],[20.4177,49.7642],[20.4079,49.7751],[20.4035,49.7779],[20.4024,49.7802],[20.398,49.7801],[20.3922,49.7785],[20.385,49.7779],[20.3803,49.7816],[20.3765,49.7812],[20.3734,49.779],[20.3641,49.7789],[20.3597,49.7832],[20.3515,49.7883],[20.3528,49.7914],[20.3529,49.7967],[20.349,49.802],[20.3502,49.8042],[20.3471,49.8074],[20.3521,49.8113],[20.3441,49.8122],[20.3436,49.8157],[20.3316,49.8175],[20.3301,49.819],[20.3258,49.8189],[20.3145,49.8232],[20.3133,49.8201],[20.3159,49.8174],[20.3126,49.814],[20.3003,49.8113],[20.2987,49.8076],[20.2952,49.8063],[20.3021,49.8053],[20.3055,49.8027],[20.3184,49.7978],[20.3137,49.7858],[20.313,49.7813],[20.3056,49.7751],[20.3015,49.7707],[20.2936,49.7699],[20.2927,49.7626],[20.2949,49.7605],[20.3009,49.7577],[20.3021,49.7556],[20.3072,49.7544],[20.3161,49.7511],[20.3211,49.7502],[20.3262,49.7555],[20.3299,49.7575],[20.3339,49.7527],[20.3389,49.7534],[20.3409,49.7561],[20.3449,49.7571],[20.3468,49.7537],[20.3522,49.7511],[20.3623,49.7499],[20.3609,49.747],[20.3613,49.7402],[20.3588,49.7368],[20.3521,49.7366],[20.3511,49.7317],[20.3584,49.7301],[20.3647,49.7276],[20.3695,49.7271],[20.3745,49.7264],[20.3817,49.7274],[20.3819,49.7308],[20.3802,49.735],[20.3734,49.7367],[20.3762,49.7401],[20.3809,49.7419],[20.3895,49.7418],[20.3955,49.7408],[20.4081,49.7444],[20.4076,49.7416],[20.4026,49.7374],[20.4059,49.7355],[20.4044,49.7301],[20.409,49.7279],[20.4116,49.7229],[20.418,49.7254],[20.4297,49.7234],[20.4355,49.7237],[20.4405,49.7203],[20.4473,49.721],[20.4512,49.7195],[20.4489,49.7138],[20.452,49.7119],[20.45,49.7094],[20.449,49.7051],[20.4498,49.7021],[20.4457,49.7007],[20.4446,49.6975],[20.4479,49.6963],[20.4362,49.6885],[20.4278,49.6879],[20.4213,49.6861],[20.4162,49.6856],[20.4137,49.6907],[20.4028,49.6972],[20.3983,49.7005],[20.3981,49.7034],[20.4029,49.709],[20.3976,49.7094],[20.3953,49.7123],[20.396,49.7191],[20.3801,49.7173],[20.3742,49.7117],[20.3726,49.7067],[20.3761,49.7039],[20.376,49.7003],[20.3844,49.6985],[20.3863,49.6873],[20.3891,49.6811],[20.3803,49.675],[20.3765,49.6707],[20.3736,49.6603],[20.3757,49.6561],[20.3741,49.6527],[20.3742,49.648],[20.3763,49.6459],[20.3754,49.6428],[20.3759,49.6427],[20.3852,49.6416],[20.3884,49.643],[20.3935,49.6432],[20.4056,49.6407],[20.4138,49.6403],[20.4235,49.6379],[20.4312,49.6354],[20.4376,49.6381],[20.4455,49.6479],[20.447,49.651],[20.4537,49.6543],[20.4559,49.6568],[20.4603,49.6586],[20.4692,49.6682],[20.4688,49.6708],[20.4713,49.6733],[20.4813,49.6669],[20.4857,49.6681],[20.5003,49.6594],[20.5076,49.6573],[20.5196,49.6516],[20.526,49.6508],[20.5261,49.6472],[20.5301,49.6461],[20.5336,49.6471],[20.5423,49.64],[20.5495,49.635],[20.5524,49.6372],[20.5562,49.6377],[20.5627,49.6432],[20.5649,49.6407],[20.5681,49.6439],[20.5728,49.6443],[20.576,49.6429],[20.5788,49.6453],[20.5771,49.6525],[20.5686,49.6532],[20.5582,49.6561],[20.5547,49.6585],[20.5638,49.6758],[20.5698,49.6762],[20.5761,49.6751],[20.5793,49.6755],[20.5859,49.6954],[20.5918,49.6957]]]},"properties":{"id":"limanowa-wies","teryt":"1207072","name":"Limanowa – gmina wiejska","powiatId":"limanowski","type":"WIEJSKA"}},
{"type":"Feature","geometry":{"type":"Polygon","coordinates":[[[20.4268,49.8488],[20.4123,49.8519],[20.4116,49.8549],[20.4131,49.8593],[20.4128,49.8651],[20.4085,49.8665],[20.404,49.8708],[20.3944,49.8722],[20.3893,49.872],[20.3871,49.877],[20.384,49.8766],[20.3805,49.8821],[20.3781,49.8814],[20.3725,49.878],[20.3698,49.8708],[20.3634,49.8693],[20.3533,49.872],[20.3328,49.8687],[20.333,49.8657],[20.3302,49.8631],[20.3304,49.8606],[20.3338,49.858],[20.3318,49.8546],[20.3289,49.8531],[20.3283,49.8503],[20.3307,49.8489],[20.3484,49.8442],[20.3471,49.8401],[20.3418,49.8386],[20.3463,49.8325],[20.3444,49.8292],[20.3359,49.8264],[20.3312,49.8268],[20.3301,49.819],[20.3316,49.8175],[20.3436,49.8157],[20.3441,49.8122],[20.3521,49.8113],[20.3471,49.8074],[20.3502,49.8042],[20.349,49.802],[20.3529,49.7967],[20.3528,49.7914],[20.3515,49.7883],[20.3597,49.7832],[20.3641,49.7789],[20.3734,49.779],[20.3765,49.7812],[20.3803,49.7816],[20.385,49.7779],[20.3922,49.7785],[20.398,49.7801],[20.3965,49.7861],[20.3918,49.7886],[20.3858,49.7937],[20.3866,49.7956],[20.385,49.8026],[20.3814,49.8084],[20.3864,49.8106],[20.3936,49.8178],[20.3855,49.8221],[20.3872,49.8234],[20.3945,49.8236],[20.3962,49.8298],[20.3989,49.8323],[20.4057,49.8294],[20.4092,49.8358],[20.4154,49.8349],[20.4236,49.8367],[20.4251,49.8386],[20.4268,49.8488]]]},"properties":{"id":"trzciana","teryt":"1201082","name":"Trzciana","powiatId":"bochenski","type":"WIEJSKA"}},
{"type":"Feature","geometry":{"type":"Polygon","coordinates":[[[20.3385,49.4903],[20.3296,49.4827],[20.3288,49.4785],[20.3261,49.4735],[20.3241,49.4633],[20.3225,49.4593],[20.3256,49.4555],[20.3247,49.4474],[20.3271,49.4458],[20.3222,49.4396],[20.3287,49.4391],[20.3319,49.4423],[20.3341,49.4386],[20.331,49.4361],[20.3312,49.4334],[20.3338,49.4287],[20.3456,49.4254],[20.3601,49.4224],[20.3628,49.4195],[20.3683,49.4219],[20.3774,49.4196],[20.3821,49.4177],[20.3868,49.4186],[20.3895,49.4176],[20.3986,49.4186],[20.4186,49.4192],[20.4277,49.4185],[20.4322,49.4175],[20.4367,49.4175],[20.4382,49.4148],[20.4464,49.4119],[20.4499,49.4122],[20.4461,49.4163],[20.4556,49.4189],[20.4591,49.4233],[20.4553,49.4249],[20.4483,49.4243],[20.4416,49.4269],[20.4433,49.4322],[20.4493,49.4364],[20.4565,49.4377],[20.4582,49.4418],[20.4617,49.4437],[20.4644,49.4531],[20.4676,49.4554],[20.468,49.4607],[20.47,49.4647],[20.4742,49.4665],[20.4729,49.4703],[20.4701,49.4724],[20.4637,49.4709],[20.4592,49.4684],[20.4538,49.4683],[20.4388,49.4661],[20.4326,49.4642],[20.4233,49.4681],[20.4113,49.4677],[20.4021,49.4654],[20.3994,49.468],[20.3893,49.4688],[20.3845,49.4733],[20.3798,49.4742],[20.3737,49.477],[20.3601,49.4807],[20.3484,49.487],[20.3453,49.4872],[20.3385,49.4903]]]},"properties":{"id":"kroscienko-nad-dunajcem","teryt":"1211062","name":"Krościenko nad Dunajcem","powiatId":"nowotarski","type":"WIEJSKA"}},
{"type":"Feature","geometry":{"type":"Polygon","coordinates":[[[20.568,49.5473],[20.5574,49.5507],[20.5411,49.5483],[20.5329,49.5485],[20.5265,49.55],[20.5256,49.5477],[20.5199,49.5492],[20.5128,49.555],[20.5116,49.5602],[20.5033,49.5674],[20.4948,49.5693],[20.4764,49.5689],[20.4716,49.5701],[20.4733,49.5735],[20.4784,49.5736],[20.4874,49.5787],[20.4938,49.586],[20.4696,49.5945],[20.4635,49.5921],[20.4571,49.5907],[20.4481,49.5926],[20.4432,49.5926],[20.4411,49.598],[20.4387,49.5991],[20.4358,49.6049],[20.4328,49.6084],[20.4281,49.6108],[20.4212,49.6126],[20.4171,49.612],[20.4122,49.6146],[20.3941,49.6179],[20.392,49.6188],[20.3819,49.6195],[20.3761,49.6212],[20.3693,49.6207],[20.3654,49.6156],[20.368,49.6135],[20.3684,49.6071],[20.3672,49.6024],[20.369,49.5969],[20.3695,49.5893],[20.3674,49.5871],[20.3619,49.5879],[20.3565,49.5874],[20.3566,49.5852],[20.3603,49.5841],[20.3654,49.5803],[20.3622,49.578],[20.3698,49.5754],[20.3733,49.5685],[20.3757,49.5663],[20.3827,49.5654],[20.383,49.5626],[20.3856,49.5611],[20.3813,49.5565],[20.3787,49.5522],[20.3677,49.5474],[20.3635,49.543],[20.3647,49.5386],[20.362,49.5341],[20.3728,49.5359],[20.375,49.5345],[20.3814,49.5341],[20.3864,49.5316],[20.3912,49.5309],[20.3951,49.5258],[20.3992,49.5245],[20.4035,49.5216],[20.406,49.5177],[20.4085,49.5164],[20.4177,49.514],[20.4198,49.5178],[20.4258,49.5155],[20.4356,49.5139],[20.4447,49.5135],[20.4462,49.5119],[20.4446,49.5065],[20.4472,49.4997],[20.4436,49.497],[20.4443,49.4927],[20.4502,49.4911],[20.4539,49.4913],[20.4596,49.4883],[20.4645,49.4823],[20.4634,49.4787],[20.4701,49.4724],[20.4729,49.4703],[20.4742,49.4665],[20.4814,49.4648],[20.484,49.4662],[20.4943,49.4673],[20.4984,49.4705],[20.4987,49.4726],[20.5084,49.4717],[20.5131,49.4732],[20.5267,49.472],[20.5359,49.473],[20.5393,49.4727],[20.5431,49.4845],[20.5402,49.4864],[20.5395,49.4917],[20.5369,49.5012],[20.5402,49.5018],[20.5463,49.5063],[20.5464,49.517],[20.541,49.5161],[20.5364,49.5188],[20.5353,49.5223],[20.5354,49.5287],[20.5381,49.5315],[20.5437,49.5323],[20.5455,49.5338],[20.554,49.5346],[20.5569,49.536],[20.5594,49.5414],[20.568,49.5473]]]},"properties":{"id":"lacko","teryt":"1210092","name":"Łącko","powiatId":"nowosadecki","type":"WIEJSKA"}},
{"type":"Feature","geometry":{"type":"Polygon","coordinates":[[[20.3801,49.7173],[20.396,49.7191],[20.3953,49.7123],[20.3976,49.7094],[20.4029,49.709],[20.3981,49.7034],[20.3983,49.7005],[20.4028,49.6972],[20.4137,49.6907],[20.4162,49.6856],[20.4213,49.6861],[20.4278,49.6879],[20.4362,49.6885],[20.4479,49.6963],[20.4446,49.6975],[20.4457,49.7007],[20.4498,49.7021],[20.449,49.7051],[20.45,49.7094],[20.452,49.7119],[20.4489,49.7138],[20.4512,49.7195],[20.4473,49.721],[20.4405,49.7203],[20.4355,49.7237],[20.4297,49.7234],[20.418,49.7254],[20.4116,49.7229],[20.409,49.7279],[20.4044,49.7301],[20.4059,49.7355],[20.4026,49.7374],[20.4076,49.7416],[20.4081,49.7444],[20.3955,49.7408],[20.3895,49.7418],[20.3809,49.7419],[20.3762,49.7401],[20.3734,49.7367],[20.3802,49.735],[20.3819,49.7308],[20.3817,49.7274],[20.3745,49.7264],[20.3695,49.7271],[20.3686,49.7239],[20.3707,49.7214],[20.3703,49.7187],[20.3801,49.7173]]]},"properties":{"id":"limanowa-miasto","teryt":"1207011","name":"Limanowa – gmina miejska","powiatId":"limanowski","type":"MIEJSKA"}},
{"type":"Feature","geometry":{"type":"Polygon","coordinates":[[[20.5665,49.916],[20.5582,49.917],[20.5539,49.9135],[20.5497,49.9211],[20.5416,49.9231],[20.5417,49.9253],[20.537,49.9305],[20.5325,49.9339],[20.5251,49.9353],[20.5235,49.94],[20.5222,49.9379],[20.5145,49.9383],[20.5103,49.9376],[20.5068,49.9402],[20.4997,49.9427],[20.4927,49.9443],[20.4831,49.948],[20.4813,49.9526],[20.4765,49.9508],[20.4724,49.952],[20.4693,49.9496],[20.4708,49.9465],[20.4655,49.9439],[20.461,49.943],[20.4571,49.9397],[20.4505,49.9415],[20.4367,49.9429],[20.4276,49.938],[20.4227,49.9378],[20.4221,49.9416],[20.4182,49.9416],[20.4133,49.9391],[20.4102,49.9357],[20.4101,49.9336],[20.416,49.9309],[20.4186,49.9219],[20.4172,49.9185],[20.4176,49.914],[20.4229,49.9042],[20.4199,49.9],[20.4035,49.8961],[20.3992,49.8961],[20.3934,49.8926],[20.388,49.8831],[20.3805,49.8821],[20.384,49.8766],[20.3871,49.877],[20.3893,49.872],[20.3944,49.8722],[20.404,49.8708],[20.4085,49.8665],[20.4128,49.8651],[20.4131,49.8593],[20.4116,49.8549],[20.4123,49.8519],[20.4268,49.8488],[20.4333,49.8467],[20.4401,49.8474],[20.4507,49.8444],[20.4541,49.8423],[20.4619,49.8408],[20.4653,49.8411],[20.4703,49.845],[20.4741,49.8464],[20.4766,49.8503],[20.475,49.8552],[20.4702,49.8566],[20.4684,49.8592],[20.4701,49.8609],[20.4668,49.8647],[20.4695,49.8681],[20.4682,49.8767],[20.4686,49.885],[20.4834,49.8878],[20.4972,49.8866],[20.4956,49.8903],[20.4976,49.8942],[20.5052,49.8919],[20.5122,49.8928],[20.5169,49.8916],[20.5185,49.8946],[20.5223,49.8978],[20.5285,49.8951],[20.526,49.89],[20.5355,49.8899],[20.5436,49.8886],[20.5533,49.8889],[20.5573,49.8869],[20.5629,49.8918],[20.5658,49.8957],[20.5686,49.9079],[20.5673,49.91],[20.5665,49.916]]]},"properties":{"id":"nowy-wisnicz","teryt":"1201063","name":"Nowy Wiśnicz","powiatId":"bochenski","type":"MIEJSKO_WIEJSKA"}},
{"type":"Feature","geometry":{"type":"Polygon","coordinates":[[[20.4874,49.5787],[20.5027,49.5777],[20.5108,49.5781],[20.5234,49.5802],[20.5307,49.5802],[20.5395,49.5827],[20.5442,49.5855],[20.5457,49.5895],[20.551,49.5905],[20.541,49.5977],[20.5448,49.6009],[20.5422,49.6048],[20.5473,49.6109],[20.5466,49.6149],[20.5406,49.6193],[20.5387,49.6224],[20.5296,49.6245],[20.5225,49.6288],[20.527,49.638],[20.5248,49.6427],[20.5261,49.6472],[20.526,49.6508],[20.5196,49.6516],[20.5076,49.6573],[20.5003,49.6594],[20.4857,49.6681],[20.4813,49.6669],[20.4713,49.6733],[20.4688,49.6708],[20.4692,49.6682],[20.4603,49.6586],[20.4559,49.6568],[20.4537,49.6543],[20.447,49.651],[20.4455,49.6479],[20.4376,49.6381],[20.4312,49.6354],[20.4235,49.6379],[20.4138,49.6403],[20.4056,49.6407],[20.3935,49.6432],[20.3884,49.643],[20.3852,49.6416],[20.3759,49.6427],[20.3755,49.6378],[20.3772,49.633],[20.3779,49.6241],[20.3761,49.6212],[20.3819,49.6195],[20.392,49.6188],[20.3941,49.6179],[20.4122,49.6146],[20.4171,49.612],[20.4212,49.6126],[20.4281,49.6108],[20.4328,49.6084],[20.4358,49.6049],[20.4387,49.5991],[20.4411,49.598],[20.4432,49.5926],[20.4481,49.5926],[20.4571,49.5907],[20.4635,49.5921],[20.4696,49.5945],[20.4938,49.586],[20.4874,49.5787]]]},"properties":{"id":"lukowica","teryt":"1207082","name":"Łukowica","powiatId":"limanowski","type":"WIEJSKA"}},
{"type":"Feature","geometry":{"type":"Polygon","coordinates":[[[20.4619,49.8408],[20.4541,49.8423],[20.4507,49.8444],[20.4401,49.8474],[20.4333,49.8467],[20.4268,49.8488],[20.4251,49.8386],[20.4236,49.8367],[20.4154,49.8349],[20.4092,49.8358],[20.4057,49.8294],[20.3989,49.8323],[20.3962,49.8298],[20.3945,49.8236],[20.3872,49.8234],[20.3855,49.8221],[20.3936,49.8178],[20.3864,49.8106],[20.3814,49.8084],[20.385,49.8026],[20.3866,49.7956],[20.3858,49.7937],[20.3918,49.7886],[20.3965,49.7861],[20.398,49.7801],[20.4024,49.7802],[20.4132,49.7848],[20.4207,49.7838],[20.4266,49.7845],[20.4438,49.7848],[20.452,49.7822],[20.4667,49.781],[20.4696,49.7841],[20.4742,49.7851],[20.4768,49.792],[20.4731,49.7977],[20.4739,49.8018],[20.4682,49.8007],[20.4688,49.8064],[20.4632,49.8176],[20.4584,49.8242],[20.4588,49.831],[20.462,49.8379],[20.4619,49.8408]]]},"properties":{"id":"zegocina","teryt":"1201092","name":"Żegocina","powiatId":"bochenski","type":"WIEJSKA"}},
{"type":"Feature","geometry":{"type":"Polygon","coordinates":[[[20.5259,49.7199],[20.5384,49.7276],[20.5425,49.7286],[20.5399,49.7322],[20.5508,49.7354],[20.5659,49.7359],[20.5685,49.7409],[20.5685,49.7444],[20.5714,49.7457],[20.5766,49.7515],[20.5905,49.7501],[20.5955,49.7566],[20.5851,49.7619],[20.5804,49.7687],[20.5739,49.7723],[20.5665,49.7753],[20.5554,49.7774],[20.5516,49.7771],[20.545,49.7815],[20.5394,49.7828],[20.5376,49.7849],[20.5293,49.7877],[20.5212,49.7941],[20.5181,49.7982],[20.5162,49.799],[20.4986,49.7981],[20.4939,49.7993],[20.4871,49.7975],[20.4826,49.7982],[20.4786,49.8007],[20.4739,49.8018],[20.4731,49.7977],[20.4768,49.792],[20.4742,49.7851],[20.4696,49.7841],[20.4667,49.781],[20.452,49.7822],[20.4438,49.7848],[20.4266,49.7845],[20.4207,49.7838],[20.4132,49.7848],[20.4024,49.7802],[20.4035,49.7779],[20.4079,49.7751],[20.4177,49.7642],[20.4245,49.7597],[20.4321,49.7607],[20.4379,49.7592],[20.4388,49.7568],[20.4362,49.7549],[20.4373,49.7521],[20.4346,49.7487],[20.4363,49.7468],[20.435,49.7427],[20.4376,49.7376],[20.4379,49.7341],[20.4549,49.732],[20.4644,49.7269],[20.4726,49.7279],[20.4783,49.725],[20.4886,49.7219],[20.4967,49.7207],[20.51,49.7203],[20.5173,49.7195],[20.5214,49.7208],[20.5259,49.7199]]]},"properties":{"id":"laskowa","teryt":"1207062","name":"Laskowa","powiatId":"limanowski","type":"WIEJSKA"}},
{"type":"Feature","geometry":{"type":"Polygon","coordinates":[[[20.5717,49.4672],[20.5599,49.4657],[20.5531,49.4677],[20.5501,49.4698],[20.5456,49.4702],[20.5393,49.4727],[20.5359,49.473],[20.5267,49.472],[20.5131,49.4732],[20.5084,49.4717],[20.4987,49.4726],[20.4984,49.4705],[20.4943,49.4673],[20.484,49.4662],[20.4814,49.4648],[20.4742,49.4665],[20.47,49.4647],[20.468,49.4607],[20.4676,49.4554],[20.4644,49.4531],[20.4617,49.4437],[20.4582,49.4418],[20.4565,49.4377],[20.4493,49.4364],[20.4433,49.4322],[20.4416,49.4269],[20.4483,49.4243],[20.4553,49.4249],[20.4591,49.4233],[20.4556,49.4189],[20.4461,49.4163],[20.4499,49.415],[20.4554,49.4156],[20.4612,49.4148],[20.4642,49.416],[20.472,49.4154],[20.4763,49.4141],[20.4807,49.4103],[20.4886,49.4084],[20.4901,49.4064],[20.5034,49.404],[20.5066,49.402],[20.5062,49.3969],[20.5099,49.3934],[20.5212,49.3922],[20.5317,49.3877],[20.5465,49.3855],[20.5546,49.381],[20.5577,49.3781],[20.5632,49.3795],[20.5686,49.3786],[20.574,49.3764],[20.58,49.3829],[20.5853,49.3854],[20.592,49.3839],[20.601,49.3891],[20.601,49.3944],[20.605,49.3985],[20.6058,49.4013],[20.6091,49.4024],[20.6136,49.4018],[20.6118,49.4073],[20.6113,49.4125],[20.6149,49.4178],[20.6171,49.4203],[20.6051,49.429],[20.6052,49.4335],[20.6097,49.4353],[20.611,49.4394],[20.6052,49.4437],[20.607,49.4484],[20.5951,49.4528],[20.5816,49.4541],[20.5775,49.4595],[20.5774,49.4653],[20.5717,49.4672]]]},"properties":{"id":"szczawnica","teryt":"1211023","name":"Szczawnica","powiatId":"nowotarski","type":"MIEJSKO_WIEJSKA"}},
{"type":"Feature","geometry":{"type":"Polygon","coordinates":[[[20.5181,49.7982],[20.5179,49.8003],[20.5212,49.8025],[20.5262,49.8025],[20.5297,49.8084],[20.5337,49.812],[20.5346,49.8144],[20.5278,49.8188],[20.5274,49.821],[20.5209,49.8257],[20.5225,49.83],[20.5182,49.8341],[20.5343,49.8335],[20.5423,49.8349],[20.5506,49.8351],[20.5653,49.838],[20.5785,49.8379],[20.5805,49.8457],[20.5773,49.8521],[20.5758,49.8529],[20.5631,49.8607],[20.5595,49.8696],[20.5561,49.8749],[20.5572,49.8787],[20.554,49.8812],[20.5547,49.8846],[20.5573,49.8869],[20.5533,49.8889],[20.5436,49.8886],[20.5355,49.8899],[20.526,49.89],[20.5285,49.8951],[20.5223,49.8978],[20.5185,49.8946],[20.5169,49.8916],[20.5122,49.8928],[20.5052,49.8919],[20.4976,49.8942],[20.4956,49.8903],[20.4972,49.8866],[20.4834,49.8878],[20.4686,49.885],[20.4682,49.8767],[20.4695,49.8681],[20.4668,49.8647],[20.4701,49.8609],[20.4684,49.8592],[20.4702,49.8566],[20.475,49.8552],[20.4766,49.8503],[20.4741,49.8464],[20.4703,49.845],[20.4653,49.8411],[20.4619,49.8408],[20.462,49.8379],[20.4588,49.831],[20.4584,49.8242],[20.4632,49.8176],[20.4688,49.8064],[20.4682,49.8007],[20.4739,49.8018],[20.4786,49.8007],[20.4826,49.7982],[20.4871,49.7975],[20.4939,49.7993],[20.4986,49.7981],[20.5162,49.799],[20.5181,49.7982]]]},"properties":{"id":"lipnica-murowana","teryt":"1201042","name":"Lipnica Murowana","powiatId":"bochenski","type":"WIEJSKA"}},
{"type":"Feature","geometry":{"type":"Polygon","coordinates":[[[20.6568,49.5974],[20.6464,49.6036],[20.6428,49.6046],[20.6408,49.6084],[20.6345,49.6107],[20.6208,49.6137],[20.6219,49.6158],[20.6155,49.6158],[20.6022,49.6195],[20.6017,49.6213],[20.5962,49.627],[20.5909,49.6265],[20.5875,49.6317],[20.5788,49.6388],[20.5788,49.6453],[20.576,49.6429],[20.5728,49.6443],[20.5681,49.6439],[20.5649,49.6407],[20.5627,49.6432],[20.5562,49.6377],[20.5524,49.6372],[20.5495,49.635],[20.5423,49.64],[20.5336,49.6471],[20.5301,49.6461],[20.5261,49.6472],[20.5248,49.6427],[20.527,49.638],[20.5225,49.6288],[20.5296,49.6245],[20.5387,49.6224],[20.5406,49.6193],[20.5466,49.6149],[20.5473,49.6109],[20.5422,49.6048],[20.5448,49.6009],[20.541,49.5977],[20.551,49.5905],[20.5457,49.5895],[20.5442,49.5855],[20.5395,49.5827],[20.5307,49.5802],[20.5234,49.5802],[20.5108,49.5781],[20.5027,49.5777],[20.4874,49.5787],[20.4784,49.5736],[20.4733,49.5735],[20.4716,49.5701],[20.4764,49.5689],[20.4948,49.5693],[20.5033,49.5674],[20.5116,49.5602],[20.5128,49.555],[20.5199,49.5492],[20.5256,49.5477],[20.5265,49.55],[20.5329,49.5485],[20.5411,49.5483],[20.5574,49.5507],[20.568,49.5473],[20.5748,49.5533],[20.588,49.5615],[20.5982,49.5639],[20.6082,49.569],[20.6092,49.5736],[20.6139,49.5768],[20.6274,49.5805],[20.6311,49.5826],[20.6427,49.587],[20.6508,49.5891],[20.6536,49.5954],[20.6568,49.5974]]]},"properties":{"id":"podegrodzie","teryt":"1210142","name":"Podegrodzie","powiatId":"nowosadecki","type":"WIEJSKA"}},
{"type":"Feature","geometry":{"type":"Polygon","coordinates":[[[20.6243,49.7892],[20.625,49.7929],[20.6213,49.7972],[20.6181,49.7976],[20.6189,49.8048],[20.6239,49.8056],[20.6232,49.8077],[20.6257,49.8109],[20.6344,49.8166],[20.633,49.82],[20.6283,49.8217],[20.6214,49.8259],[20.6232,49.8292],[20.6228,49.8367],[20.6181,49.8352],[20.6035,49.8329],[20.5976,49.8372],[20.5865,49.8368],[20.5785,49.8379],[20.5653,49.838],[20.5506,49.8351],[20.5423,49.8349],[20.5343,49.8335],[20.5182,49.8341],[20.5225,49.83],[20.5209,49.8257],[20.5274,49.821],[20.5278,49.8188],[20.5346,49.8144],[20.5337,49.812],[20.5297,49.8084],[20.5262,49.8025],[20.5212,49.8025],[20.5179,49.8003],[20.5181,49.7982],[20.5212,49.7941],[20.5293,49.7877],[20.5376,49.7849],[20.5394,49.7828],[20.545,49.7815],[20.5516,49.7771],[20.5554,49.7774],[20.5665,49.7753],[20.5739,49.7723],[20.5804,49.7687],[20.5851,49.7619],[20.5875,49.7642],[20.5985,49.7683],[20.6092,49.7742],[20.6142,49.7785],[20.6136,49.7839],[20.6156,49.7866],[20.6193,49.7886],[20.6243,49.7892]]]},"properties":{"id":"iwkowa","teryt":"1202062","name":"Iwkowa","powiatId":"brzeski","type":"WIEJSKA"}},
{"type":"Feature","geometry":{"type":"Polygon","coordinates":[[[20.5918,49.6957],[20.5974,49.6948],[20.6078,49.689],[20.6132,49.6874],[20.6175,49.685],[20.6223,49.6804],[20.6264,49.6806],[20.6267,49.6854],[20.6341,49.6871],[20.6454,49.6853],[20.6486,49.6895],[20.6532,49.6909],[20.665,49.6996],[20.6714,49.7006],[20.6681,49.7059],[20.6571,49.7111],[20.6529,49.715],[20.6548,49.7188],[20.662,49.7186],[20.6698,49.7202],[20.673,49.7223],[20.6808,49.7232],[20.687,49.7201],[20.6912,49.7209],[20.6934,49.7242],[20.694,49.7283],[20.6976,49.7307],[20.7124,49.7324],[20.7174,49.7339],[20.7216,49.7388],[20.7182,49.7467],[20.7148,49.752],[20.7103,49.7529],[20.7027,49.7519],[20.6972,49.7504],[20.6911,49.7522],[20.6934,49.7585],[20.6899,49.7623],[20.6825,49.7638],[20.6779,49.7621],[20.6733,49.7566],[20.6696,49.7556],[20.6639,49.7568],[20.6607,49.7605],[20.661,49.7631],[20.6558,49.7669],[20.6628,49.7693],[20.6684,49.7727],[20.6707,49.7753],[20.6782,49.7795],[20.68,49.7813],[20.6794,49.7872],[20.6761,49.7865],[20.6709,49.79],[20.6697,49.7932],[20.6646,49.7947],[20.6578,49.7942],[20.6506,49.7919],[20.6462,49.7952],[20.6299,49.7964],[20.632,49.791],[20.6295,49.7886],[20.6243,49.7892],[20.6193,49.7886],[20.6156,49.7866],[20.6136,49.7839],[20.6142,49.7785],[20.6092,49.7742],[20.5985,49.7683],[20.5875,49.7642],[20.5851,49.7619],[20.5955,49.7566],[20.5905,49.7501],[20.5766,49.7515],[20.5714,49.7457],[20.5685,49.7444],[20.5685,49.7409],[20.5659,49.7359],[20.5508,49.7354],[20.5399,49.7322],[20.5425,49.7286],[20.5384,49.7276],[20.5259,49.7199],[20.535,49.7178],[20.5404,49.7177],[20.5465,49.7165],[20.552,49.7164],[20.5557,49.7131],[20.5768,49.7035],[20.5858,49.7021],[20.5903,49.7001],[20.5918,49.6957]]]},"properties":{"id":"lososina-dolna","teryt":"1210102","name":"Łososina Dolna","powiatId":"nowosadecki","type":"WIEJSKA"}},
{"type":"Feature","geometry":{"type":"Polygon","coordinates":[[[20.5717,49.4672],[20.573,49.4701],[20.5813,49.4755],[20.585,49.4761],[20.5884,49.4797],[20.593,49.4807],[20.6037,49.4805],[20.6158,49.4845],[20.6202,49.4873],[20.6279,49.4879],[20.6324,49.4866],[20.6412,49.4892],[20.645,49.4937],[20.6503,49.4947],[20.6543,49.5005],[20.6583,49.4985],[20.6633,49.5011],[20.6702,49.5005],[20.6747,49.5027],[20.6824,49.5079],[20.6868,49.5073],[20.6902,49.5088],[20.6974,49.5101],[20.7009,49.5126],[20.7119,49.5118],[20.7164,49.5125],[20.7211,49.5105],[20.7206,49.5036],[20.7271,49.5028],[20.7324,49.501],[20.734,49.508],[20.7328,49.5102],[20.7346,49.5132],[20.7234,49.5196],[20.7217,49.5216],[20.714,49.5209],[20.708,49.5228],[20.7054,49.5249],[20.698,49.5268],[20.6982,49.5301],[20.6963,49.5372],[20.6926,49.5436],[20.6829,49.5444],[20.6831,49.5494],[20.6801,49.5613],[20.6823,49.5632],[20.6872,49.5644],[20.696,49.5633],[20.698,49.5655],[20.6959,49.5711],[20.6879,49.571],[20.6785,49.5739],[20.6752,49.5772],[20.6717,49.5763],[20.6699,49.5686],[20.6659,49.5656],[20.66,49.5672],[20.6553,49.572],[20.6546,49.5756],[20.6484,49.5816],[20.6508,49.5891],[20.6427,49.587],[20.6311,49.5826],[20.6274,49.5805],[20.6139,49.5768],[20.6092,49.5736],[20.6082,49.569],[20.5982,49.5639],[20.588,49.5615],[20.5748,49.5533],[20.568,49.5473],[20.5594,49.5414],[20.5569,49.536],[20.554,49.5346],[20.5455,49.5338],[20.5437,49.5323],[20.5381,49.5315],[20.5354,49.5287],[20.5353,49.5223],[20.5364,49.5188],[20.541,49.5161],[20.5464,49.517],[20.5463,49.5063],[20.5402,49.5018],[20.5369,49.5012],[20.5395,49.4917],[20.5402,49.4864],[20.5431,49.4845],[20.5393,49.4727],[20.5456,49.4702],[20.5501,49.4698],[20.5531,49.4677],[20.5599,49.4657],[20.5717,49.4672]]]},"properties":{"id":"stary-sacz","teryt":"1210163","name":"Stary Sącz","powiatId":"nowosadecki","type":"MIEJSKO_WIEJSKA"}},
{"type":"Feature","geometry":{"type":"Polygon","coordinates":[[[20.5758,49.8529],[20.5794,49.8549],[20.5873,49.8556],[20.5963,49.8613],[20.6063,49.8656],[20.6165,49.8678],[20.6224,49.8712],[20.633,49.8648],[20.635,49.8655],[20.6481,49.864],[20.6548,49.8669],[20.6612,49.8663],[20.6617,49.8689],[20.6796,49.8681],[20.681,49.8698],[20.6769,49.8737],[20.6702,49.877],[20.6708,49.8802],[20.6758,49.8826],[20.6789,49.8863],[20.6905,49.8905],[20.6884,49.8922],[20.6929,49.894],[20.698,49.8978],[20.6858,49.8982],[20.6757,49.9009],[20.6736,49.9046],[20.6689,49.9052],[20.6611,49.9102],[20.6609,49.9156],[20.6561,49.9186],[20.6522,49.9263],[20.6495,49.9296],[20.6427,49.9299],[20.6406,49.9265],[20.6284,49.9265],[20.622,49.9291],[20.6057,49.9295],[20.5918,49.9267],[20.5876,49.9233],[20.5843,49.9235],[20.5807,49.9192],[20.576,49.9201],[20.5696,49.916],[20.5665,49.916],[20.5673,49.91],[20.5686,49.9079],[20.5658,49.8957],[20.5629,49.8918],[20.5573,49.8869],[20.5547,49.8846],[20.554,49.8812],[20.5572,49.8787],[20.5561,49.8749],[20.5595,49.8696],[20.5631,49.8607],[20.5758,49.8529]]]},"properties":{"id":"gnojnik","teryt":"1202052","name":"Gnojnik","powiatId":"brzeski","type":"WIEJSKA"}},
{"type":"Feature","geometry":{"type":"MultiPolygon","coordinates":[[[[20.8287,49.6358],[20.821,49.6384],[20.8159,49.6417],[20.8045,49.645],[20.7877,49.6461],[20.7847,49.6469],[20.7767,49.6455],[20.7764,49.6518],[20.775,49.6564],[20.7747,49.6651],[20.7674,49.6664],[20.7678,49.6723],[20.7505,49.6771],[20.7404,49.6787],[20.7348,49.6824],[20.7308,49.6825],[20.7256,49.6859],[20.7267,49.6941],[20.7213,49.6963],[20.7177,49.6989],[20.7134,49.6994],[20.7136,49.7038],[20.687,49.7044],[20.6771,49.701],[20.6714,49.7006],[20.665,49.6996],[20.6532,49.6909],[20.6486,49.6895],[20.6454,49.6853],[20.6341,49.6871],[20.6267,49.6854],[20.6264,49.6806],[20.6223,49.6804],[20.6175,49.685],[20.6132,49.6874],[20.6078,49.689],[20.5974,49.6948],[20.5918,49.6957],[20.5859,49.6954],[20.5793,49.6755],[20.5761,49.6751],[20.5698,49.6762],[20.5638,49.6758],[20.5547,49.6585],[20.5582,49.6561],[20.5686,49.6532],[20.5771,49.6525],[20.5788,49.6453],[20.5788,49.6388],[20.5875,49.6317],[20.5909,49.6265],[20.5962,49.627],[20.6017,49.6213],[20.6022,49.6195],[20.6155,49.6158],[20.6219,49.6158],[20.6208,49.6137],[20.6345,49.6107],[20.6408,49.6084],[20.6428,49.6046],[20.6464,49.6036],[20.6568,49.5974],[20.6672,49.601],[20.6681,49.6047],[20.6711,49.6085],[20.6777,49.6112],[20.6796,49.6171],[20.6823,49.6208],[20.6777,49.6223],[20.6673,49.6218],[20.6682,49.6251],[20.667,49.6313],[20.6676,49.6349],[20.6657,49.6417],[20.6695,49.6488],[20.6728,49.6498],[20.6789,49.6584],[20.6773,49.6641],[20.6883,49.6656],[20.6895,49.6574],[20.7009,49.6563],[20.7049,49.6534],[20.7084,49.6532],[20.7171,49.6571],[20.7238,49.652],[20.7214,49.6479],[20.7253,49.6462],[20.7245,49.6396],[20.7284,49.6381],[20.7338,49.6395],[20.7384,49.6359],[20.7459,49.6357],[20.7432,49.6323],[20.7475,49.6308],[20.7501,49.6223],[20.7492,49.6193],[20.7547,49.6123],[20.7606,49.6066],[20.7663,49.609],[20.7676,49.6124],[20.7702,49.6128],[20.7755,49.6169],[20.7919,49.6189],[20.7968,49.6165],[20.8073,49.6157],[20.8124,49.6223],[20.8093,49.6259],[20.8135,49.6281],[20.8138,49.6299],[20.8239,49.6316],[20.8287,49.6358]]],[[[20.7649,49.5985],[20.7584,49.5983],[20.7434,49.6016],[20.7428,49.5953],[20.7451,49.5912],[20.7509,49.5896],[20.7537,49.5915],[20.77,49.5917],[20.7649,49.5985]]]]},"properties":{"id":"chelmiec","teryt":"1210022","name":"Chełmiec","powiatId":"nowosadecki","type":"WIEJSKA"}},
{"type":"Feature","geometry":{"type":"Polygon","coordinates":[[[20.6462,49.7952],[20.6461,49.7989],[20.6541,49.803],[20.6663,49.8061],[20.6693,49.8019],[20.669,49.8002],[20.6844,49.8004],[20.6889,49.8023],[20.6931,49.8069],[20.7011,49.8053],[20.7132,49.8066],[20.7116,49.811],[20.7143,49.8183],[20.7127,49.8244],[20.7095,49.829],[20.7015,49.83],[20.6985,49.8335],[20.7001,49.8363],[20.7045,49.8343],[20.7085,49.8345],[20.7121,49.8383],[20.7138,49.848],[20.7164,49.852],[20.733,49.8558],[20.7362,49.8607],[20.7347,49.8644],[20.7319,49.8643],[20.7312,49.8683],[20.7268,49.8681],[20.7231,49.8747],[20.7177,49.8765],[20.7226,49.8813],[20.7171,49.8858],[20.7081,49.891],[20.7016,49.8884],[20.6969,49.8921],[20.7019,49.895],[20.698,49.8978],[20.6929,49.894],[20.6884,49.8922],[20.6905,49.8905],[20.6789,49.8863],[20.6758,49.8826],[20.6708,49.8802],[20.6702,49.877],[20.6769,49.8737],[20.681,49.8698],[20.6796,49.8681],[20.6617,49.8689],[20.6612,49.8663],[20.6548,49.8669],[20.6481,49.864],[20.635,49.8655],[20.633,49.8648],[20.6224,49.8712],[20.6165,49.8678],[20.6063,49.8656],[20.5963,49.8613],[20.5873,49.8556],[20.5794,49.8549],[20.5758,49.8529],[20.5773,49.8521],[20.5805,49.8457],[20.5785,49.8379],[20.5865,49.8368],[20.5976,49.8372],[20.6035,49.8329],[20.6181,49.8352],[20.6228,49.8367],[20.6232,49.8292],[20.6214,49.8259],[20.6283,49.8217],[20.633,49.82],[20.6344,49.8166],[20.6257,49.8109],[20.6232,49.8077],[20.6239,49.8056],[20.6189,49.8048],[20.6181,49.7976],[20.6213,49.7972],[20.625,49.7929],[20.6243,49.7892],[20.6295,49.7886],[20.632,49.791],[20.6299,49.7964],[20.6462,49.7952]]]},"properties":{"id":"czchow","teryt":"1202033","name":"Czchów","powiatId":"brzeski","type":"MIEJSKO_WIEJSKA"}},
{"type":"Feature","geometry":{"type":"Polygon","coordinates":[[[20.611,49.4394],[20.6177,49.4386],[20.627,49.441],[20.6346,49.442],[20.6374,49.4459],[20.6447,49.4478],[20.6442,49.4521],[20.6465,49.4617],[20.6539,49.4633],[20.6529,49.4697],[20.6557,49.4732],[20.6559,49.4782],[20.6578,49.48],[20.663,49.4739],[20.6613,49.4665],[20.6624,49.4639],[20.6677,49.4624],[20.678,49.4682],[20.6873,49.475],[20.6959,49.4714],[20.6988,49.4675],[20.7028,49.4676],[20.7056,49.4717],[20.7088,49.4792],[20.7128,49.4843],[20.7218,49.4881],[20.7263,49.4939],[20.7282,49.4978],[20.7324,49.501],[20.7271,49.5028],[20.7206,49.5036],[20.7211,49.5105],[20.7164,49.5125],[20.7119,49.5118],[20.7009,49.5126],[20.6974,49.5101],[20.6902,49.5088],[20.6868,49.5073],[20.6824,49.5079],[20.6747,49.5027],[20.6702,49.5005],[20.6633,49.5011],[20.6583,49.4985],[20.6543,49.5005],[20.6503,49.4947],[20.645,49.4937],[20.6412,49.4892],[20.6324,49.4866],[20.6279,49.4879],[20.6202,49.4873],[20.6158,49.4845],[20.6037,49.4805],[20.593,49.4807],[20.5884,49.4797],[20.585,49.4761],[20.5813,49.4755],[20.573,49.4701],[20.5717,49.4672],[20.5774,49.4653],[20.5775,49.4595],[20.5816,49.4541],[20.5951,49.4528],[20.607,49.4484],[20.6052,49.4437],[20.611,49.4394]]]},"properties":{"id":"rytro","teryt":"1210152","name":"Rytro","powiatId":"nowosadecki","type":"WIEJSKA"}},
{"type":"Feature","geometry":{"type":"Polygon","coordinates":[[[20.6149,49.4178],[20.6197,49.418],[20.6224,49.4162],[20.6222,49.4134],[20.6247,49.4105],[20.6383,49.4075],[20.6421,49.4043],[20.6426,49.401],[20.6508,49.401],[20.6597,49.4035],[20.6657,49.4036],[20.6658,49.4063],[20.6703,49.4082],[20.6764,49.4123],[20.6852,49.4154],[20.6917,49.4198],[20.6989,49.4205],[20.7082,49.4187],[20.7111,49.4195],[20.7183,49.4184],[20.7229,49.4197],[20.7276,49.415],[20.732,49.4149],[20.7363,49.4167],[20.7397,49.4164],[20.7447,49.4142],[20.7461,49.4116],[20.7431,49.4079],[20.7423,49.4038],[20.7485,49.4021],[20.755,49.4022],[20.7582,49.3999],[20.7561,49.3972],[20.7506,49.3954],[20.7475,49.3923],[20.7487,49.3892],[20.7558,49.3857],[20.7609,49.3847],[20.7617,49.383],[20.7578,49.3747],[20.7633,49.3709],[20.7785,49.3749],[20.779,49.3783],[20.7758,49.3868],[20.7837,49.3911],[20.786,49.3947],[20.7896,49.396],[20.7954,49.3963],[20.7984,49.4018],[20.802,49.4035],[20.8104,49.402],[20.8123,49.4057],[20.8155,49.4069],[20.8231,49.4073],[20.8268,49.4059],[20.8333,49.4093],[20.8342,49.4135],[20.8375,49.4166],[20.8404,49.4259],[20.848,49.4317],[20.848,49.4348],[20.8506,49.4392],[20.8554,49.4434],[20.8589,49.4408],[20.8692,49.4425],[20.8737,49.4411],[20.8729,49.4477],[20.8706,49.451],[20.8665,49.454],[20.8594,49.4558],[20.8535,49.4558],[20.8443,49.4578],[20.8434,49.4601],[20.8374,49.4641],[20.8327,49.4656],[20.8298,49.4678],[20.8196,49.4691],[20.8167,49.4712],[20.8083,49.4727],[20.8054,49.4743],[20.8044,49.4787],[20.8024,49.4805],[20.794,49.4846],[20.786,49.4821],[20.7705,49.4823],[20.7615,49.4799],[20.7545,49.4806],[20.7506,49.485],[20.7434,49.4875],[20.7422,49.4896],[20.734,49.49],[20.7263,49.4939],[20.7218,49.4881],[20.7128,49.4843],[20.7088,49.4792],[20.7056,49.4717],[20.7028,49.4676],[20.6988,49.4675],[20.6959,49.4714],[20.6873,49.475],[20.678,49.4682],[20.6677,49.4624],[20.6624,49.4639],[20.6613,49.4665],[20.663,49.4739],[20.6578,49.48],[20.6559,49.4782],[20.6557,49.4732],[20.6529,49.4697],[20.6539,49.4633],[20.6465,49.4617],[20.6442,49.4521],[20.6447,49.4478],[20.6374,49.4459],[20.6346,49.442],[20.627,49.441],[20.6177,49.4386],[20.611,49.4394],[20.6097,49.4353],[20.6052,49.4335],[20.6051,49.429],[20.6171,49.4203],[20.6149,49.4178]]]},"properties":{"id":"piwniczna-zdroj","teryt":"1210133","name":"Piwniczna-Zdrój","powiatId":"nowosadecki","type":"MIEJSKO_WIEJSKA"}},
{"type":"Feature","geometry":{"type":"Polygon","coordinates":[[[20.7746,49.9039],[20.7749,49.9078],[20.7566,49.9142],[20.7535,49.9159],[20.7528,49.9184],[20.7596,49.9207],[20.7584,49.923],[20.7562,49.9325],[20.7543,49.9343],[20.7532,49.9391],[20.7582,49.9425],[20.7699,49.9423],[20.7774,49.9456],[20.7798,49.9476],[20.7872,49.9503],[20.7894,49.9531],[20.7929,49.9543],[20.7872,49.957],[20.7765,49.9587],[20.7743,49.9602],[20.7556,49.9636],[20.7563,49.968],[20.7559,49.9738],[20.7652,49.9814],[20.765,49.985],[20.7579,49.9921],[20.7565,49.996],[20.7574,49.999],[20.7513,50.0023],[20.7486,50.0023],[20.7479,50.0062],[20.7459,50.0074],[20.7409,50.0043],[20.7232,50.0036],[20.7159,49.9973],[20.6959,50.0019],[20.6903,49.9984],[20.6912,49.9954],[20.6877,49.995],[20.6865,49.9925],[20.6812,49.9915],[20.6785,49.9874],[20.6728,49.9862],[20.6711,49.9809],[20.6753,49.9784],[20.6736,49.976],[20.674,49.9697],[20.6761,49.9685],[20.6743,49.9628],[20.6713,49.9606],[20.6714,49.9551],[20.6684,49.9502],[20.666,49.9504],[20.6584,49.9418],[20.6539,49.9413],[20.6549,49.9348],[20.6495,49.9334],[20.649,49.9317],[20.6427,49.9299],[20.6495,49.9296],[20.6522,49.9263],[20.6561,49.9186],[20.6609,49.9156],[20.6611,49.9102],[20.6689,49.9052],[20.6736,49.9046],[20.6757,49.9009],[20.6858,49.8982],[20.698,49.8978],[20.7019,49.895],[20.6969,49.8921],[20.7016,49.8884],[20.7081,49.891],[20.7171,49.8858],[20.7226,49.8813],[20.7299,49.882],[20.7327,49.8853],[20.7365,49.8867],[20.7327,49.8913],[20.7318,49.8942],[20.7247,49.8951],[20.7232,49.898],[20.7289,49.9009],[20.7308,49.9032],[20.7376,49.9034],[20.749,49.8994],[20.7558,49.899],[20.7618,49.8975],[20.7651,49.8994],[20.7685,49.9042],[20.7746,49.9039]]]},"properties":{"id":"debno","teryt":"1202042","name":"Dębno","powiatId":"brzeski","type":"WIEJSKA"}},
{"type":"Feature","geometry":{"type":"Polygon","coordinates":[[[20.7132,49.8066],[20.7011,49.8053],[20.6931,49.8069],[20.6889,49.8023],[20.6844,49.8004],[20.669,49.8002],[20.6693,49.8019],[20.6663,49.8061],[20.6541,49.803],[20.6461,49.7989],[20.6462,49.7952],[20.6506,49.7919],[20.6578,49.7942],[20.6646,49.7947],[20.6697,49.7932],[20.6709,49.79],[20.6761,49.7865],[20.6794,49.7872],[20.68,49.7813],[20.6782,49.7795],[20.6707,49.7753],[20.6684,49.7727],[20.6628,49.7693],[20.6558,49.7669],[20.661,49.7631],[20.6607,49.7605],[20.6639,49.7568],[20.6696,49.7556],[20.6733,49.7566],[20.6779,49.7621],[20.6825,49.7638],[20.6899,49.7623],[20.6934,49.7585],[20.6911,49.7522],[20.6972,49.7504],[20.7027,49.7519],[20.7103,49.7529],[20.7148,49.752],[20.7182,49.7467],[20.7216,49.7388],[20.7174,49.7339],[20.7124,49.7324],[20.6976,49.7307],[20.694,49.7283],[20.6934,49.7242],[20.6912,49.7209],[20.687,49.7201],[20.6808,49.7232],[20.673,49.7223],[20.6698,49.7202],[20.662,49.7186],[20.6548,49.7188],[20.6529,49.715],[20.6571,49.7111],[20.6681,49.7059],[20.6714,49.7006],[20.6771,49.701],[20.687,49.7044],[20.7136,49.7038],[20.7134,49.6994],[20.7177,49.6989],[20.7213,49.6963],[20.7267,49.6941],[20.737,49.6973],[20.7513,49.6954],[20.7512,49.7041],[20.75,49.7088],[20.7513,49.7146],[20.7596,49.7176],[20.7592,49.7209],[20.7649,49.7199],[20.7782,49.7205],[20.7869,49.7194],[20.7964,49.7222],[20.7995,49.7285],[20.7947,49.7309],[20.795,49.7347],[20.8072,49.7368],[20.8092,49.7393],[20.8201,49.7384],[20.8249,49.7437],[20.828,49.7448],[20.8256,49.7482],[20.8211,49.7501],[20.8225,49.753],[20.8227,49.7583],[20.8277,49.7606],[20.8225,49.7643],[20.8174,49.7679],[20.8126,49.7682],[20.8078,49.7699],[20.8024,49.7744],[20.7966,49.7743],[20.7877,49.7791],[20.7853,49.7815],[20.7808,49.7819],[20.7742,49.7857],[20.7663,49.7862],[20.7621,49.7883],[20.7562,49.7891],[20.7472,49.787],[20.7407,49.7868],[20.7368,49.7882],[20.7366,49.7908],[20.7428,49.7941],[20.7399,49.7973],[20.7395,49.8001],[20.7267,49.8035],[20.7194,49.8063],[20.7132,49.8066]]]},"properties":{"id":"grodek-nad-dunajcem","teryt":"1210032","name":"Gródek nad Dunajcem","powiatId":"nowosadecki","type":"WIEJSKA"}},
{"type":"Feature","geometry":{"type":"Polygon","coordinates":[[[20.7606,49.6066],[20.7547,49.6123],[20.7492,49.6193],[20.7501,49.6223],[20.7475,49.6308],[20.7432,49.6323],[20.7459,49.6357],[20.7384,49.6359],[20.7338,49.6395],[20.7284,49.6381],[20.7245,49.6396],[20.7253,49.6462],[20.7214,49.6479],[20.7238,49.652],[20.7171,49.6571],[20.7084,49.6532],[20.7049,49.6534],[20.7009,49.6563],[20.6895,49.6574],[20.6883,49.6656],[20.6773,49.6641],[20.6789,49.6584],[20.6728,49.6498],[20.6695,49.6488],[20.6657,49.6417],[20.6676,49.6349],[20.667,49.6313],[20.6682,49.6251],[20.6673,49.6218],[20.6777,49.6223],[20.6823,49.6208],[20.6796,49.6171],[20.6777,49.6112],[20.6711,49.6085],[20.6681,49.6047],[20.6672,49.601],[20.6568,49.5974],[20.6536,49.5954],[20.6508,49.5891],[20.6484,49.5816],[20.6546,49.5756],[20.6553,49.572],[20.66,49.5672],[20.6659,49.5656],[20.6699,49.5686],[20.6717,49.5763],[20.6752,49.5772],[20.6785,49.5739],[20.6879,49.571],[20.6959,49.5711],[20.698,49.5655],[20.696,49.5633],[20.7046,49.5596],[20.7077,49.5592],[20.7181,49.5549],[20.7201,49.5578],[20.7283,49.5641],[20.7316,49.5693],[20.7456,49.5739],[20.7476,49.5766],[20.7505,49.5786],[20.7433,49.5877],[20.7451,49.5912],[20.7428,49.5953],[20.7434,49.6016],[20.7584,49.5983],[20.7649,49.5985],[20.7613,49.6022],[20.7606,49.6066]]]},"properties":{"id":"nowy-sacz","teryt":"1262011","name":"Nowy Sącz","powiatId":"m-nowy-sacz","type":"MIEJSKA"}},
{"type":"Feature","geometry":{"type":"Polygon","coordinates":[[[20.7476,49.5766],[20.7456,49.5739],[20.7316,49.5693],[20.7283,49.5641],[20.7201,49.5578],[20.7181,49.5549],[20.7077,49.5592],[20.7046,49.5596],[20.696,49.5633],[20.6872,49.5644],[20.6823,49.5632],[20.6801,49.5613],[20.6831,49.5494],[20.6829,49.5444],[20.6926,49.5436],[20.6963,49.5372],[20.6982,49.5301],[20.698,49.5268],[20.7054,49.5249],[20.708,49.5228],[20.714,49.5209],[20.7217,49.5216],[20.7234,49.5196],[20.7346,49.5132],[20.7328,49.5102],[20.734,49.508],[20.7324,49.501],[20.7282,49.4978],[20.7263,49.4939],[20.734,49.49],[20.7422,49.4896],[20.7434,49.4875],[20.7506,49.485],[20.7545,49.4806],[20.7615,49.4799],[20.7705,49.4823],[20.769,49.4864],[20.7693,49.4901],[20.7627,49.4955],[20.7656,49.4979],[20.7691,49.505],[20.7725,49.5078],[20.7772,49.5136],[20.777,49.5174],[20.7789,49.5187],[20.7812,49.5263],[20.7869,49.5296],[20.7876,49.5325],[20.7966,49.5328],[20.8069,49.5372],[20.8144,49.5471],[20.8217,49.5481],[20.8182,49.5508],[20.8173,49.5553],[20.8145,49.5551],[20.8071,49.5568],[20.8003,49.5566],[20.796,49.5585],[20.7844,49.562],[20.7766,49.5615],[20.7648,49.5656],[20.762,49.569],[20.7526,49.5726],[20.7476,49.5766]]]},"properties":{"id":"nawojowa","teryt":"1210122","name":"Nawojowa","powiatId":"nowosadecki","type":"WIEJSKA"}},
{"type":"Feature","geometry":{"type":"Polygon","coordinates":[[[20.7746,49.9039],[20.7685,49.9042],[20.7651,49.8994],[20.7618,49.8975],[20.7558,49.899],[20.749,49.8994],[20.7376,49.9034],[20.7308,49.9032],[20.7289,49.9009],[20.7232,49.898],[20.7247,49.8951],[20.7318,49.8942],[20.7327,49.8913],[20.7365,49.8867],[20.7327,49.8853],[20.7299,49.882],[20.7226,49.8813],[20.7177,49.8765],[20.7231,49.8747],[20.7268,49.8681],[20.7312,49.8683],[20.7319,49.8643],[20.7347,49.8644],[20.7362,49.8607],[20.733,49.8558],[20.7164,49.852],[20.7138,49.848],[20.7121,49.8383],[20.7085,49.8345],[20.7045,49.8343],[20.7001,49.8363],[20.6985,49.8335],[20.7015,49.83],[20.7095,49.829],[20.7127,49.8244],[20.7143,49.8183],[20.7116,49.811],[20.7132,49.8066],[20.7194,49.8063],[20.7267,49.8035],[20.7395,49.8001],[20.7399,49.7973],[20.7428,49.7941],[20.7366,49.7908],[20.7368,49.7882],[20.7407,49.7868],[20.7472,49.787],[20.7562,49.7891],[20.7621,49.7883],[20.7663,49.7862],[20.7742,49.7857],[20.7808,49.7819],[20.7853,49.7815],[20.7877,49.7791],[20.7966,49.7743],[20.8024,49.7744],[20.8078,49.7699],[20.8126,49.7682],[20.8174,49.7679],[20.8225,49.7643],[20.8256,49.766],[20.8347,49.7639],[20.8405,49.7648],[20.8458,49.7635],[20.8512,49.7659],[20.8598,49.7669],[20.8577,49.7709],[20.863,49.7721],[20.8586,49.778],[20.851,49.7788],[20.8396,49.783],[20.8329,49.784],[20.8316,49.7891],[20.8284,49.7917],[20.829,49.7943],[20.8326,49.7976],[20.8282,49.7986],[20.8325,49.8022],[20.8335,49.8084],[20.8389,49.8113],[20.8403,49.8152],[20.8428,49.8178],[20.8458,49.8174],[20.8537,49.8137],[20.858,49.8163],[20.8623,49.8162],[20.867,49.8195],[20.8591,49.8242],[20.8574,49.8307],[20.8516,49.831],[20.8488,49.8328],[20.8493,49.8375],[20.8521,49.8399],[20.8599,49.8413],[20.8692,49.8409],[20.8738,49.8434],[20.8755,49.8503],[20.8715,49.8529],[20.869,49.8565],[20.8653,49.859],[20.8758,49.866],[20.8787,49.8718],[20.879,49.875],[20.8828,49.8781],[20.8794,49.8804],[20.875,49.8791],[20.869,49.8798],[20.8678,49.8819],[20.8518,49.8859],[20.8498,49.8841],[20.8446,49.8831],[20.841,49.8811],[20.8398,49.8782],[20.8312,49.8763],[20.8308,49.8795],[20.8252,49.8796],[20.8215,49.8781],[20.818,49.8814],[20.8132,49.8806],[20.8116,49.8836],[20.802,49.8843],[20.7976,49.8872],[20.7918,49.8883],[20.7884,49.8917],[20.7896,49.8949],[20.781,49.901],[20.7746,49.9039]]]},"properties":{"id":"zakliczyn","teryt":"1216143","name":"Zakliczyn","powiatId":"tarnowski","type":"MIEJSKO_WIEJSKA"}},
{"type":"Feature","geometry":{"type":"Polygon","coordinates":[[[20.7785,49.3749],[20.7823,49.3751],[20.7879,49.3728],[20.7872,49.3708],[20.7817,49.3663],[20.7815,49.3618],[20.7835,49.3605],[20.7887,49.3608],[20.7937,49.363],[20.8002,49.363],[20.8089,49.3597],[20.8106,49.3558],[20.806,49.3533],[20.8049,49.3594],[20.8001,49.36],[20.7979,49.3581],[20.8022,49.3554],[20.8014,49.3501],[20.7962,49.3448],[20.799,49.3426],[20.8088,49.3476],[20.8136,49.3469],[20.819,49.3401],[20.8259,49.3344],[20.8338,49.3353],[20.8397,49.3349],[20.8429,49.3395],[20.8474,49.3406],[20.8518,49.3434],[20.8547,49.3474],[20.8595,49.3484],[20.8655,49.3475],[20.869,49.345],[20.8703,49.342],[20.8771,49.3361],[20.8823,49.3333],[20.882,49.3285],[20.8796,49.3226],[20.8742,49.3215],[20.8842,49.3191],[20.8872,49.3203],[20.89,49.3238],[20.8975,49.3251],[20.903,49.3238],[20.9068,49.3215],[20.9031,49.3165],[20.9103,49.3114],[20.9104,49.3074],[20.9169,49.3045],[20.9243,49.299],[20.9256,49.2961],[20.9374,49.2983],[20.9434,49.3015],[20.949,49.3019],[20.9622,49.3065],[20.9627,49.3085],[20.9678,49.3095],[20.9757,49.3095],[20.9822,49.3076],[20.9869,49.3078],[20.9941,49.3127],[20.994,49.3156],[20.9899,49.3195],[20.9882,49.3232],[20.9891,49.3284],[20.9967,49.3329],[21.0041,49.3331],[21.0081,49.3349],[21.0091,49.3371],[21.007,49.3395],[21.0113,49.3476],[21.0162,49.3469],[21.0197,49.3506],[21.0251,49.3535],[21.0273,49.3569],[21.0338,49.3585],[21.0264,49.366],[21.0165,49.3627],[21.0116,49.3638],[21.0057,49.3636],[21.0003,49.3656],[20.9936,49.3698],[20.9895,49.3714],[20.9874,49.369],[20.981,49.3698],[20.9786,49.3755],[20.9869,49.3767],[20.984,49.3811],[20.9682,49.3836],[20.9658,49.3818],[20.9558,49.3801],[20.9476,49.381],[20.9367,49.3801],[20.9296,49.3851],[20.9282,49.3899],[20.9259,49.3917],[20.9262,49.3966],[20.9179,49.4056],[20.9087,49.4086],[20.9022,49.4146],[20.8986,49.4188],[20.8882,49.4279],[20.8765,49.4319],[20.8748,49.437],[20.8737,49.4411],[20.8692,49.4425],[20.8589,49.4408],[20.8554,49.4434],[20.8506,49.4392],[20.848,49.4348],[20.848,49.4317],[20.8404,49.4259],[20.8375,49.4166],[20.8342,49.4135],[20.8333,49.4093],[20.8268,49.4059],[20.8231,49.4073],[20.8155,49.4069],[20.8123,49.4057],[20.8104,49.402],[20.802,49.4035],[20.7984,49.4018],[20.7954,49.3963],[20.7896,49.396],[20.786,49.3947],[20.7837,49.3911],[20.7758,49.3868],[20.779,49.3783],[20.7785,49.3749]]]},"properties":{"id":"muszyna","teryt":"1210113","name":"Muszyna","powiatId":"nowosadecki","type":"MIEJSKO_WIEJSKA"}},
{"type":"Feature","geometry":{"type":"Polygon","coordinates":[[[20.9625,49.5282],[20.9629,49.5209],[20.9561,49.516],[20.9481,49.5149],[20.943,49.5162],[20.9412,49.5127],[20.9379,49.5108],[20.9388,49.507],[20.9419,49.5055],[20.9396,49.5027],[20.9414,49.5008],[20.9337,49.4993],[20.9311,49.4979],[20.9363,49.4875],[20.9416,49.4832],[20.9505,49.4819],[20.9541,49.4801],[20.9561,49.4759],[20.9568,49.471],[20.9585,49.4682],[20.9558,49.4644],[20.9525,49.4624],[20.9467,49.4631],[20.9436,49.458],[20.9377,49.4543],[20.9393,49.4515],[20.9352,49.4476],[20.9314,49.4484],[20.9176,49.4405],[20.9104,49.4392],[20.9045,49.4414],[20.8994,49.4398],[20.8952,49.4372],[20.8905,49.4358],[20.8822,49.4375],[20.8748,49.437],[20.8765,49.4319],[20.8882,49.4279],[20.8986,49.4188],[20.9022,49.4146],[20.9087,49.4086],[20.9179,49.4056],[20.9262,49.3966],[20.9259,49.3917],[20.9282,49.3899],[20.9296,49.3851],[20.9367,49.3801],[20.9476,49.381],[20.9558,49.3801],[20.9658,49.3818],[20.9682,49.3836],[20.984,49.3811],[20.9869,49.3767],[20.9786,49.3755],[20.981,49.3698],[20.9874,49.369],[20.9895,49.3714],[20.9936,49.3698],[21.0003,49.3656],[21.0057,49.3636],[21.0116,49.3638],[21.0165,49.3627],[21.0264,49.366],[21.0338,49.3585],[21.0349,49.3605],[21.0394,49.3622],[21.0439,49.3654],[21.0489,49.3656],[21.0544,49.3618],[21.0662,49.3655],[21.0753,49.3593],[21.079,49.3639],[21.0828,49.3638],[21.0875,49.3657],[21.0941,49.3651],[21.0991,49.3704],[21.1009,49.3738],[21.1041,49.3764],[21.0942,49.3831],[21.0894,49.3838],[21.0843,49.3884],[21.0792,49.3903],[21.0735,49.3938],[21.0672,49.3962],[21.069,49.3999],[21.0659,49.4024],[21.0586,49.4027],[21.0546,49.4041],[21.05,49.4109],[21.0504,49.4133],[21.0472,49.4169],[21.0487,49.4194],[21.0547,49.4212],[21.0519,49.4266],[21.049,49.4293],[21.0486,49.4339],[21.0432,49.437],[21.0394,49.4422],[21.0345,49.447],[21.0266,49.4523],[21.0201,49.46],[21.0266,49.4644],[21.0378,49.4705],[21.0406,49.4736],[21.0414,49.4788],[21.0459,49.4808],[21.0423,49.4824],[21.0368,49.4892],[21.0359,49.4917],[21.0296,49.4954],[21.018,49.496],[21.0162,49.4991],[21.008,49.5059],[21.0105,49.5072],[21.0106,49.5129],[21.0127,49.5145],[21.0098,49.5175],[21.007,49.5262],[20.9988,49.5302],[20.9924,49.5312],[20.9921,49.5287],[20.9871,49.5277],[20.9772,49.5233],[20.974,49.5235],[20.9719,49.5263],[20.9625,49.5282]]]},"properties":{"id":"krynica-zdroj","teryt":"1210073","name":"Krynica-Zdrój","powiatId":"nowosadecki","type":"MIEJSKO_WIEJSKA"}},
{"type":"Feature","geometry":{"type":"Polygon","coordinates":[[[21.1255,49.5775],[21.1228,49.5725],[21.1222,49.5675],[21.1162,49.5664],[21.1165,49.5587],[21.1097,49.5541],[21.1132,49.5488],[21.1146,49.5444],[21.1179,49.5401],[21.1071,49.5354],[21.104,49.5328],[21.0997,49.5272],[21.0811,49.5356],[21.0774,49.5357],[21.0708,49.5391],[21.0671,49.5433],[21.062,49.5465],[21.0618,49.5492],[21.0537,49.5541],[21.0522,49.5576],[21.0494,49.5592],[21.0448,49.5575],[21.0378,49.5585],[21.0357,49.5607],[21.0382,49.5648],[21.0304,49.5669],[21.0257,49.5608],[21.0198,49.5579],[21.0177,49.5523],[21.0123,49.5483],[21.0072,49.5413],[21.0048,49.5401],[20.9994,49.5334],[20.9988,49.5302],[21.007,49.5262],[21.0098,49.5175],[21.0127,49.5145],[21.0106,49.5129],[21.0105,49.5072],[21.008,49.5059],[21.0162,49.4991],[21.018,49.496],[21.0296,49.4954],[21.0359,49.4917],[21.0368,49.4892],[21.0423,49.4824],[21.0459,49.4808],[21.0414,49.4788],[21.0406,49.4736],[21.0378,49.4705],[21.0266,49.4644],[21.0201,49.46],[21.0266,49.4523],[21.0345,49.447],[21.0394,49.4422],[21.0432,49.437],[21.0486,49.4339],[21.049,49.4293],[21.0519,49.4266],[21.0547,49.4212],[21.0614,49.4217],[21.0632,49.4205],[21.0726,49.425],[21.0818,49.425],[21.0836,49.4261],[21.0964,49.4295],[21.1025,49.4265],[21.1137,49.4239],[21.1152,49.4278],[21.1205,49.4351],[21.124,49.4366],[21.1347,49.4334],[21.1404,49.4306],[21.1522,49.427],[21.1554,49.4244],[21.1547,49.4218],[21.1572,49.4201],[21.1647,49.4183],[21.1701,49.4132],[21.1794,49.409],[21.1815,49.404],[21.1921,49.401],[21.1942,49.4026],[21.2018,49.4046],[21.208,49.4025],[21.2123,49.408],[21.2244,49.4156],[21.2273,49.417],[21.2264,49.4218],[21.2241,49.4267],[21.2288,49.4292],[21.2321,49.433],[21.2341,49.4375],[21.2407,49.4342],[21.2468,49.4392],[21.2523,49.4416],[21.2593,49.4467],[21.2655,49.4474],[21.2673,49.4572],[21.272,49.4598],[21.2775,49.4609],[21.2848,49.4581],[21.2949,49.4529],[21.3009,49.4512],[21.3068,49.4484],[21.3119,49.4494],[21.3165,49.4479],[21.3184,49.4491],[21.3258,49.4501],[21.3294,49.4495],[21.3371,49.4514],[21.3425,49.451],[21.3466,49.4494],[21.3482,49.457],[21.3361,49.464],[21.3265,49.4674],[21.3229,49.4695],[21.3176,49.4707],[21.3151,49.4739],[21.3168,49.4796],[21.3147,49.4811],[21.3177,49.489],[21.3103,49.4943],[21.3072,49.4992],[21.2994,49.4991],[21.2952,49.5038],[21.2968,49.5083],[21.2954,49.511],[21.2969,49.5156],[21.2959,49.5176],[21.3008,49.523],[21.3047,49.5227],[21.3084,49.5266],[21.3068,49.5314],[21.2957,49.5331],[21.2878,49.5363],[21.282,49.5363],[21.2755,49.5395],[21.2695,49.536],[21.2633,49.5389],[21.256,49.5389],[21.2541,49.5408],[21.2475,49.5436],[21.2325,49.5459],[21.2193,49.5536],[21.2113,49.5563],[21.2031,49.5582],[21.1973,49.5608],[21.192,49.5655],[21.1849,49.5663],[21.1815,49.5677],[21.1665,49.5713],[21.1536,49.5758],[21.1505,49.5787],[21.139,49.5787],[21.135,49.5771],[21.1255,49.5775]]]},"properties":{"id":"uscie-gorlickie","teryt":"1205102","name":"Uście Gorlickie","powiatId":"gorlicki","type":"WIEJSKA"}},
{"type":"Feature","geometry":{"type":"Polygon","coordinates":[[[20.8217,49.5481],[20.8144,49.5471],[20.8069,49.5372],[20.7966,49.5328],[20.7876,49.5325],[20.7869,49.5296],[20.7812,49.5263],[20.7789,49.5187],[20.777,49.5174],[20.7772,49.5136],[20.7725,49.5078],[20.7691,49.505],[20.7656,49.4979],[20.7627,49.4955],[20.7693,49.4901],[20.769,49.4864],[20.7705,49.4823],[20.786,49.4821],[20.794,49.4846],[20.8024,49.4805],[20.8044,49.4787],[20.8054,49.4743],[20.8083,49.4727],[20.8167,49.4712],[20.8196,49.4691],[20.8298,49.4678],[20.8327,49.4656],[20.8374,49.4641],[20.8434,49.4601],[20.8443,49.4578],[20.8535,49.4558],[20.8594,49.4558],[20.8665,49.454],[20.8706,49.451],[20.8729,49.4477],[20.8737,49.4411],[20.8748,49.437],[20.8822,49.4375],[20.8905,49.4358],[20.8952,49.4372],[20.8994,49.4398],[20.9045,49.4414],[20.9104,49.4392],[20.9176,49.4405],[20.9314,49.4484],[20.9352,49.4476],[20.9393,49.4515],[20.9377,49.4543],[20.9436,49.458],[20.9467,49.4631],[20.9525,49.4624],[20.9558,49.4644],[20.9585,49.4682],[20.9568,49.471],[20.9561,49.4759],[20.9541,49.4801],[20.9505,49.4819],[20.9416,49.4832],[20.9363,49.4875],[20.9311,49.4979],[20.9337,49.4993],[20.9414,49.5008],[20.9396,49.5027],[20.9419,49.5055],[20.9388,49.507],[20.9379,49.5108],[20.9412,49.5127],[20.943,49.5162],[20.9481,49.5149],[20.9561,49.516],[20.9629,49.5209],[20.9625,49.5282],[20.9635,49.5295],[20.9509,49.5314],[20.9468,49.5342],[20.9386,49.5367],[20.9392,49.5394],[20.9322,49.5449],[20.9245,49.5446],[20.9192,49.543],[20.9084,49.5393],[20.9017,49.5393],[20.899,49.5402],[20.8854,49.5422],[20.8845,49.5475],[20.8792,49.5487],[20.8704,49.5459],[20.8664,49.5458],[20.8566,49.5492],[20.8475,49.5488],[20.8459,49.5479],[20.8364,49.5481],[20.8339,49.5489],[20.8217,49.5481]]]},"properties":{"id":"labowa","teryt":"1210082","name":"Łabowa","powiatId":"nowosadecki","type":"WIEJSKA"}},
{"type":"Feature","geometry":{"type":"Polygon","coordinates":[[[21.3313,49.6006],[21.3242,49.6051],[21.3229,49.6079],[21.3232,49.6126],[21.3163,49.6188],[21.3135,49.6229],[21.3103,49.6248],[21.2996,49.6289],[21.281,49.6312],[21.2779,49.6301],[21.2706,49.6319],[21.2693,49.6371],[21.2643,49.6362],[21.2525,49.6358],[21.2555,49.6305],[21.2547,49.6281],[21.2485,49.6274],[21.2458,49.6256],[21.2396,49.6293],[21.2396,49.6314],[21.2196,49.6264],[21.2155,49.6274],[21.2095,49.6331],[21.2061,49.6373],[21.1948,49.6381],[21.1893,49.641],[21.1828,49.6362],[21.1733,49.6365],[21.1622,49.6349],[21.1568,49.6265],[21.1545,49.6203],[21.1506,49.6164],[21.1404,49.6087],[21.1363,49.6041],[21.1393,49.5981],[21.1445,49.5956],[21.152,49.5905],[21.1505,49.5787],[21.1536,49.5758],[21.1665,49.5713],[21.1815,49.5677],[21.1849,49.5663],[21.192,49.5655],[21.1973,49.5608],[21.2031,49.5582],[21.2113,49.5563],[21.2193,49.5536],[21.2325,49.5459],[21.2475,49.5436],[21.2541,49.5408],[21.256,49.5389],[21.2633,49.5389],[21.2695,49.536],[21.2755,49.5395],[21.282,49.5363],[21.2878,49.5363],[21.2957,49.5331],[21.3068,49.5314],[21.3084,49.5266],[21.3047,49.5227],[21.3008,49.523],[21.2959,49.5176],[21.2969,49.5156],[21.2954,49.511],[21.2968,49.5083],[21.2952,49.5038],[21.2994,49.4991],[21.3072,49.4992],[21.3103,49.4943],[21.3177,49.489],[21.3147,49.4811],[21.3168,49.4796],[21.3151,49.4739],[21.3176,49.4707],[21.3229,49.4695],[21.3265,49.4674],[21.3361,49.464],[21.3482,49.457],[21.3466,49.4494],[21.352,49.4449],[21.3567,49.4429],[21.3629,49.4422],[21.3685,49.4391],[21.3715,49.4338],[21.3739,49.4325],[21.3823,49.4346],[21.3898,49.4332],[21.3972,49.4359],[21.3966,49.44],[21.393,49.4457],[21.3932,49.4528],[21.3921,49.4558],[21.4001,49.4585],[21.4061,49.4644],[21.4113,49.4676],[21.408,49.4695],[21.4092,49.474],[21.4016,49.4766],[21.3983,49.4793],[21.3936,49.4811],[21.3896,49.4844],[21.3907,49.489],[21.3997,49.4909],[21.4044,49.491],[21.4164,49.4923],[21.4209,49.492],[21.4184,49.4978],[21.4146,49.4984],[21.4099,49.5024],[21.4092,49.5071],[21.4076,49.5096],[21.3988,49.5083],[21.3932,49.5113],[21.3876,49.5193],[21.3893,49.5209],[21.3826,49.5253],[21.3906,49.5285],[21.3839,49.5318],[21.3826,49.5367],[21.3793,49.5385],[21.3684,49.5422],[21.3623,49.5418],[21.3585,49.5453],[21.3614,49.5486],[21.3685,49.5495],[21.3645,49.5539],[21.368,49.5576],[21.3753,49.5629],[21.3761,49.5661],[21.3805,49.5676],[21.3795,49.5703],[21.3738,49.5705],[21.3638,49.577],[21.3608,49.5759],[21.3475,49.5793],[21.3438,49.5821],[21.3316,49.5872],[21.3279,49.5899],[21.3267,49.5937],[21.3313,49.6006]]]},"properties":{"id":"sekowa","teryt":"1205092","name":"Sękowa","powiatId":"gorlicki","type":"WIEJSKA"}},
{"type":"Feature","geometry":{"type":"Polygon","coordinates":[[[21.0029,49.6888],[20.9945,49.6882],[20.9807,49.6855],[20.9762,49.684],[20.9618,49.6823],[20.9609,49.6774],[20.9565,49.6723],[20.9531,49.6722],[20.9517,49.6692],[20.9481,49.667],[20.9454,49.6648],[20.9431,49.66],[20.9377,49.6603],[20.9346,49.6641],[20.9268,49.6656],[20.9133,49.664],[20.9096,49.6609],[20.9032,49.6637],[20.8922,49.6693],[20.888,49.6678],[20.8761,49.6716],[20.8681,49.6715],[20.8619,49.6667],[20.8655,49.6658],[20.8617,49.6618],[20.8566,49.6597],[20.8708,49.6592],[20.8695,49.6579],[20.856,49.6581],[20.8557,49.6552],[20.8612,49.6548],[20.8582,49.6514],[20.8527,49.642],[20.8527,49.6295],[20.8449,49.63],[20.8369,49.6338],[20.8287,49.6358],[20.8239,49.6316],[20.8138,49.6299],[20.8135,49.6281],[20.8093,49.6259],[20.8124,49.6223],[20.8166,49.62],[20.8222,49.6225],[20.8253,49.6224],[20.8254,49.6169],[20.8222,49.6127],[20.8305,49.6118],[20.8369,49.6093],[20.8363,49.6071],[20.8382,49.6008],[20.8427,49.5948],[20.8455,49.5955],[20.8541,49.6013],[20.8577,49.5987],[20.8606,49.5943],[20.8682,49.5933],[20.8845,49.586],[20.8896,49.5857],[20.8942,49.5825],[20.8982,49.5821],[20.906,49.5793],[20.9129,49.5748],[20.9141,49.5719],[20.9147,49.5619],[20.9125,49.556],[20.9097,49.5535],[20.9102,49.5508],[20.9134,49.5492],[20.9192,49.543],[20.9245,49.5446],[20.9322,49.5449],[20.9392,49.5394],[20.9386,49.5367],[20.9468,49.5342],[20.9509,49.5314],[20.9635,49.5295],[20.9625,49.5282],[20.9719,49.5263],[20.974,49.5235],[20.9772,49.5233],[20.9871,49.5277],[20.9921,49.5287],[20.9924,49.5312],[20.9988,49.5302],[20.9994,49.5334],[21.0048,49.5401],[21.0072,49.5413],[21.0123,49.5483],[21.0177,49.5523],[21.0198,49.5579],[21.0257,49.5608],[21.0304,49.5669],[21.0241,49.5685],[21.0157,49.5743],[21.0147,49.5766],[21.0106,49.5777],[21.006,49.5872],[21.0063,49.5916],[20.9994,49.5968],[21,49.6006],[20.9994,49.6033],[20.9948,49.6055],[20.9831,49.6063],[20.968,49.6061],[20.9597,49.6066],[20.9583,49.6034],[20.9512,49.6012],[20.9405,49.5964],[20.9304,49.5943],[20.9275,49.5984],[20.922,49.6015],[20.9134,49.6007],[20.9094,49.6112],[20.9063,49.6154],[20.9055,49.6191],[20.9111,49.6219],[20.932,49.6268],[20.9375,49.6269],[20.9381,49.6287],[20.946,49.6278],[20.9508,49.6317],[20.9537,49.6354],[20.9561,49.6354],[20.9563,49.631],[20.9544,49.6299],[20.9626,49.6259],[20.9814,49.6246],[20.9907,49.6231],[20.9869,49.6187],[20.9911,49.6175],[20.9914,49.6134],[20.9963,49.6121],[20.9972,49.6147],[21.0062,49.613],[21.0078,49.6103],[21.0097,49.6112],[21.018,49.6108],[21.0172,49.6152],[21.0262,49.6157],[21.0293,49.6181],[21.0366,49.6201],[21.044,49.6211],[21.0471,49.6198],[21.0467,49.6235],[21.0498,49.6301],[21.0493,49.6335],[21.0585,49.6435],[21.0545,49.6493],[21.0473,49.6505],[21.0408,49.6532],[21.0378,49.6562],[21.0317,49.6586],[21.0282,49.6617],[21.0212,49.6653],[21.0136,49.6706],[21.0105,49.6718],[21.0041,49.6767],[21.0023,49.6837],[21.0029,49.6888]]]},"properties":{"id":"grybow-wies","teryt":"1210042","name":"Grybów – gmina wiejska","powiatId":"nowosadecki","type":"WIEJSKA"}},
{"type":"Feature","geometry":{"type":"Polygon","coordinates":[[[21.0304,49.5669],[21.0382,49.5648],[21.0357,49.5607],[21.0378,49.5585],[21.0448,49.5575],[21.0494,49.5592],[21.0522,49.5576],[21.0537,49.5541],[21.0618,49.5492],[21.062,49.5465],[21.0671,49.5433],[21.0708,49.5391],[21.0774,49.5357],[21.0811,49.5356],[21.0997,49.5272],[21.104,49.5328],[21.1071,49.5354],[21.1179,49.5401],[21.1146,49.5444],[21.1132,49.5488],[21.1097,49.5541],[21.1165,49.5587],[21.1162,49.5664],[21.1222,49.5675],[21.1228,49.5725],[21.1255,49.5775],[21.1161,49.5793],[21.1103,49.5826],[21.107,49.588],[21.0997,49.5909],[21.0968,49.5912],[21.0908,49.5962],[21.0741,49.5955],[21.0687,49.6002],[21.0618,49.6096],[21.0595,49.6096],[21.055,49.6127],[21.0517,49.6171],[21.0471,49.6198],[21.044,49.6211],[21.0366,49.6201],[21.0293,49.6181],[21.0262,49.6157],[21.0172,49.6152],[21.018,49.6108],[21.0097,49.6112],[21.0078,49.6103],[21.0052,49.6085],[21.003,49.6024],[21,49.6006],[20.9994,49.5968],[21.0063,49.5916],[21.006,49.5872],[21.0106,49.5777],[21.0147,49.5766],[21.0157,49.5743],[21.0241,49.5685],[21.0304,49.5669]]]},"properties":{"id":"ropa","teryt":"1205082","name":"Ropa","powiatId":"gorlicki","type":"WIEJSKA"}},
{"type":"Feature","geometry":{"type":"Polygon","coordinates":[[[20.7606,49.6066],[20.7613,49.6022],[20.7649,49.5985],[20.77,49.5917],[20.7537,49.5915],[20.7509,49.5896],[20.7451,49.5912],[20.7433,49.5877],[20.7505,49.5786],[20.7476,49.5766],[20.7526,49.5726],[20.762,49.569],[20.7648,49.5656],[20.7766,49.5615],[20.7844,49.562],[20.796,49.5585],[20.8003,49.5566],[20.8071,49.5568],[20.8145,49.5551],[20.8173,49.5553],[20.8182,49.5508],[20.8217,49.5481],[20.8339,49.5489],[20.8364,49.5481],[20.8459,49.5479],[20.8475,49.5488],[20.8566,49.5492],[20.8664,49.5458],[20.8704,49.5459],[20.8792,49.5487],[20.8845,49.5475],[20.8854,49.5422],[20.899,49.5402],[20.9017,49.5393],[20.9084,49.5393],[20.9192,49.543],[20.9134,49.5492],[20.9102,49.5508],[20.9097,49.5535],[20.9125,49.556],[20.9147,49.5619],[20.9141,49.5719],[20.9129,49.5748],[20.906,49.5793],[20.8982,49.5821],[20.8942,49.5825],[20.8896,49.5857],[20.8845,49.586],[20.8682,49.5933],[20.8606,49.5943],[20.8577,49.5987],[20.8541,49.6013],[20.8455,49.5955],[20.8427,49.5948],[20.8382,49.6008],[20.8363,49.6071],[20.8369,49.6093],[20.8305,49.6118],[20.8222,49.6127],[20.8254,49.6169],[20.8253,49.6224],[20.8222,49.6225],[20.8166,49.62],[20.8124,49.6223],[20.8073,49.6157],[20.7968,49.6165],[20.7919,49.6189],[20.7755,49.6169],[20.7702,49.6128],[20.7676,49.6124],[20.7663,49.609],[20.7606,49.6066]]]},"properties":{"id":"kamionka-wielka","teryt":"1210052","name":"Kamionka Wielka","powiatId":"nowosadecki","type":"WIEJSKA"}},
{"type":"Feature","geometry":{"type":"Polygon","coordinates":[[[21.2525,49.6358],[21.24,49.6398],[21.2376,49.6416],[21.2368,49.6453],[21.2328,49.6494],[21.2308,49.654],[21.2331,49.6563],[21.2369,49.6633],[21.2352,49.6697],[21.2285,49.6825],[21.2229,49.6892],[21.2218,49.6923],[21.2219,49.6992],[21.2169,49.7015],[21.2167,49.7063],[21.2072,49.7079],[21.2036,49.7061],[21.1921,49.7062],[21.1866,49.7089],[21.1821,49.7129],[21.1829,49.7157],[21.1792,49.7167],[21.1722,49.7227],[21.1685,49.7292],[21.1625,49.731],[21.1566,49.7312],[21.1502,49.7336],[21.1441,49.7374],[21.141,49.7342],[21.1355,49.7274],[21.138,49.7253],[21.1402,49.717],[21.1386,49.7104],[21.1314,49.7053],[21.1292,49.7013],[21.1274,49.6952],[21.1314,49.6879],[21.1252,49.6827],[21.1199,49.6807],[21.1167,49.6736],[21.1203,49.6718],[21.1188,49.6697],[21.109,49.6737],[21.1045,49.6746],[21.094,49.6795],[21.0824,49.6826],[21.0813,49.6801],[21.0742,49.6769],[21.0739,49.6723],[21.0658,49.6709],[21.0682,49.6635],[21.0722,49.6632],[21.0688,49.6598],[21.0657,49.6587],[21.0653,49.6559],[21.0611,49.6524],[21.0576,49.6519],[21.0545,49.6493],[21.0585,49.6435],[21.0493,49.6335],[21.0498,49.6301],[21.0467,49.6235],[21.0471,49.6198],[21.0517,49.6171],[21.055,49.6127],[21.0595,49.6096],[21.0618,49.6096],[21.0687,49.6002],[21.0741,49.5955],[21.0908,49.5962],[21.0968,49.5912],[21.0997,49.5909],[21.107,49.588],[21.1103,49.5826],[21.1161,49.5793],[21.1255,49.5775],[21.135,49.5771],[21.139,49.5787],[21.1505,49.5787],[21.152,49.5905],[21.1445,49.5956],[21.1393,49.5981],[21.1363,49.6041],[21.1404,49.6087],[21.1506,49.6164],[21.1545,49.6203],[21.1568,49.6265],[21.1622,49.6349],[21.1557,49.6375],[21.1483,49.6433],[21.1394,49.6488],[21.1404,49.6499],[21.1322,49.6562],[21.1254,49.6605],[21.1196,49.6652],[21.1254,49.6661],[21.1437,49.6657],[21.1445,49.6675],[21.1405,49.6739],[21.1451,49.6735],[21.1541,49.6747],[21.1536,49.6814],[21.1499,49.6826],[21.1473,49.6857],[21.1442,49.6865],[21.1393,49.6913],[21.1469,49.692],[21.1502,49.6907],[21.1565,49.6911],[21.1661,49.6893],[21.1702,49.6894],[21.1799,49.6868],[21.1854,49.6866],[21.1863,49.6904],[21.195,49.6978],[21.2009,49.697],[21.2046,49.6918],[21.2129,49.6917],[21.21,49.6874],[21.2012,49.6834],[21.1989,49.6785],[21.1939,49.677],[21.1924,49.6731],[21.1893,49.6704],[21.1834,49.6686],[21.184,49.6629],[21.1905,49.6608],[21.1958,49.6565],[21.1953,49.6523],[21.2021,49.6476],[21.197,49.6411],[21.1893,49.641],[21.1948,49.6381],[21.2061,49.6373],[21.2095,49.6331],[21.2155,49.6274],[21.2196,49.6264],[21.2396,49.6314],[21.2396,49.6293],[21.2458,49.6256],[21.2485,49.6274],[21.2547,49.6281],[21.2555,49.6305],[21.2525,49.6358]]]},"properties":{"id":"gorlice-wies","teryt":"1205042","name":"Gorlice – gmina wiejska","powiatId":"gorlicki","type":"WIEJSKA"}},
{"type":"Feature","geometry":{"type":"Polygon","coordinates":[[[21.0078,49.6103],[21.0062,49.613],[20.9972,49.6147],[20.9963,49.6121],[20.9914,49.6134],[20.9911,49.6175],[20.9869,49.6187],[20.9907,49.6231],[20.9814,49.6246],[20.9626,49.6259],[20.9544,49.6299],[20.9563,49.631],[20.9561,49.6354],[20.9537,49.6354],[20.9508,49.6317],[20.946,49.6278],[20.9381,49.6287],[20.9375,49.6269],[20.932,49.6268],[20.9111,49.6219],[20.9055,49.6191],[20.9063,49.6154],[20.9094,49.6112],[20.9134,49.6007],[20.922,49.6015],[20.9275,49.5984],[20.9304,49.5943],[20.9405,49.5964],[20.9512,49.6012],[20.9583,49.6034],[20.9597,49.6066],[20.968,49.6061],[20.9831,49.6063],[20.9948,49.6055],[20.9994,49.6033],[21,49.6006],[21.003,49.6024],[21.0052,49.6085],[21.0078,49.6103]]]},"properties":{"id":"grybow-miasto","teryt":"1210011","name":"Grybów – gmina miejska","powiatId":"nowosadecki","type":"MIEJSKA"}},
{"type":"Feature","geometry":{"type":"Polygon","coordinates":[[[21.3279,49.7115],[21.3207,49.7156],[21.3155,49.7172],[21.3116,49.7154],[21.3077,49.7154],[21.2997,49.7138],[21.2948,49.7156],[21.2735,49.7118],[21.2708,49.7102],[21.2694,49.7059],[21.271,49.7034],[21.2703,49.6995],[21.2728,49.6942],[21.2761,49.69],[21.2822,49.688],[21.2843,49.6852],[21.2827,49.6836],[21.272,49.6823],[21.2658,49.6764],[21.2671,49.6744],[21.2561,49.6769],[21.2507,49.6765],[21.2449,49.6721],[21.241,49.6664],[21.2365,49.6664],[21.2352,49.6697],[21.2369,49.6633],[21.2331,49.6563],[21.2308,49.654],[21.2328,49.6494],[21.2368,49.6453],[21.2376,49.6416],[21.24,49.6398],[21.2525,49.6358],[21.2643,49.6362],[21.2693,49.6371],[21.2706,49.6319],[21.2779,49.6301],[21.281,49.6312],[21.2996,49.6289],[21.3103,49.6248],[21.3135,49.6229],[21.3163,49.6188],[21.3232,49.6126],[21.3229,49.6079],[21.3242,49.6051],[21.3313,49.6006],[21.3409,49.6069],[21.3451,49.6082],[21.344,49.6117],[21.3508,49.6177],[21.3547,49.6229],[21.3558,49.6261],[21.3626,49.6336],[21.3623,49.6357],[21.3571,49.6445],[21.3556,49.6457],[21.3578,49.6495],[21.3444,49.6568],[21.3417,49.6593],[21.3434,49.664],[21.3421,49.669],[21.3437,49.674],[21.3468,49.69],[21.3428,49.6929],[21.3401,49.6978],[21.335,49.698],[21.3331,49.6948],[21.3204,49.6984],[21.3233,49.7035],[21.328,49.7097],[21.3279,49.7115]]]},"properties":{"id":"lipinki","teryt":"1205052","name":"Lipinki","powiatId":"gorlicki","type":"WIEJSKA"}},
{"type":"Feature","geometry":{"type":"Polygon","coordinates":[[[20.7267,49.6941],[20.7256,49.6859],[20.7308,49.6825],[20.7348,49.6824],[20.7404,49.6787],[20.7505,49.6771],[20.7678,49.6723],[20.7674,49.6664],[20.7747,49.6651],[20.775,49.6564],[20.7764,49.6518],[20.7767,49.6455],[20.7847,49.6469],[20.7877,49.6461],[20.8045,49.645],[20.8159,49.6417],[20.821,49.6384],[20.8287,49.6358],[20.8369,49.6338],[20.8449,49.63],[20.8527,49.6295],[20.8527,49.642],[20.8582,49.6514],[20.8612,49.6548],[20.8557,49.6552],[20.856,49.6581],[20.8695,49.6579],[20.8708,49.6592],[20.8566,49.6597],[20.8617,49.6618],[20.8655,49.6658],[20.8619,49.6667],[20.8681,49.6715],[20.8761,49.6716],[20.888,49.6678],[20.8922,49.6693],[20.9032,49.6637],[20.9096,49.6609],[20.9133,49.664],[20.9268,49.6656],[20.9346,49.6641],[20.9377,49.6603],[20.9431,49.66],[20.9454,49.6648],[20.9481,49.667],[20.946,49.6704],[20.9376,49.6734],[20.9321,49.6778],[20.9284,49.6793],[20.9196,49.6794],[20.9169,49.6827],[20.9078,49.6836],[20.9061,49.6866],[20.8991,49.6911],[20.8971,49.6953],[20.8886,49.7017],[20.8867,49.7058],[20.8922,49.715],[20.892,49.722],[20.8873,49.7288],[20.8826,49.7317],[20.8727,49.7338],[20.8683,49.7369],[20.8731,49.7373],[20.8758,49.7413],[20.8731,49.7435],[20.8677,49.7434],[20.8663,49.7449],[20.8657,49.751],[20.8611,49.7523],[20.8519,49.7502],[20.8506,49.7536],[20.8465,49.7594],[20.8458,49.7635],[20.8405,49.7648],[20.8347,49.7639],[20.8256,49.766],[20.8225,49.7643],[20.8277,49.7606],[20.8227,49.7583],[20.8225,49.753],[20.8211,49.7501],[20.8256,49.7482],[20.828,49.7448],[20.8249,49.7437],[20.8201,49.7384],[20.8092,49.7393],[20.8072,49.7368],[20.795,49.7347],[20.7947,49.7309],[20.7995,49.7285],[20.7964,49.7222],[20.7869,49.7194],[20.7782,49.7205],[20.7649,49.7199],[20.7592,49.7209],[20.7596,49.7176],[20.7513,49.7146],[20.75,49.7088],[20.7512,49.7041],[20.7513,49.6954],[20.737,49.6973],[20.7267,49.6941]]]},"properties":{"id":"korzenna","teryt":"1210062","name":"Korzenna","powiatId":"nowosadecki","type":"WIEJSKA"}},
{"type":"Feature","geometry":{"type":"Polygon","coordinates":[[[21.1893,49.641],[21.197,49.6411],[21.2021,49.6476],[21.1953,49.6523],[21.1958,49.6565],[21.1905,49.6608],[21.184,49.6629],[21.1834,49.6686],[21.1893,49.6704],[21.1924,49.6731],[21.1939,49.677],[21.1989,49.6785],[21.2012,49.6834],[21.21,49.6874],[21.2129,49.6917],[21.2046,49.6918],[21.2009,49.697],[21.195,49.6978],[21.1863,49.6904],[21.1854,49.6866],[21.1799,49.6868],[21.1702,49.6894],[21.1661,49.6893],[21.1565,49.6911],[21.1502,49.6907],[21.1469,49.692],[21.1393,49.6913],[21.1442,49.6865],[21.1473,49.6857],[21.1499,49.6826],[21.1536,49.6814],[21.1541,49.6747],[21.1451,49.6735],[21.1405,49.6739],[21.1445,49.6675],[21.1437,49.6657],[21.1254,49.6661],[21.1196,49.6652],[21.1254,49.6605],[21.1322,49.6562],[21.1404,49.6499],[21.1394,49.6488],[21.1483,49.6433],[21.1557,49.6375],[21.1622,49.6349],[21.1733,49.6365],[21.1828,49.6362],[21.1893,49.641]]]},"properties":{"id":"gorlice-miasto","teryt":"1205011","name":"Gorlice – gmina miejska","powiatId":"gorlicki","type":"MIEJSKA"}},
{"type":"Feature","geometry":{"type":"Polygon","coordinates":[[[21.1274,49.6952],[21.1253,49.6951],[21.114,49.7006],[21.101,49.7006],[21.0958,49.7014],[21.0896,49.7041],[21.0886,49.706],[21.0913,49.7094],[21.0893,49.7104],[21.0902,49.7137],[21.0885,49.7167],[21.0736,49.7259],[21.0621,49.7307],[21.0558,49.7339],[21.0496,49.7339],[21.0462,49.7358],[21.043,49.7338],[21.0367,49.7326],[21.0293,49.7351],[21.0264,49.7382],[21.0191,49.7418],[21.0087,49.7454],[21.008,49.7413],[21.0028,49.7404],[20.9996,49.7358],[20.9905,49.7313],[20.9914,49.7241],[20.9942,49.7173],[20.9998,49.7095],[21.0022,49.7083],[21.0072,49.7018],[21.01,49.7004],[21.0079,49.6955],[21.0044,49.6955],[21.0029,49.6888],[21.0023,49.6837],[21.0041,49.6767],[21.0105,49.6718],[21.0136,49.6706],[21.0212,49.6653],[21.0282,49.6617],[21.0317,49.6586],[21.0378,49.6562],[21.0408,49.6532],[21.0473,49.6505],[21.0545,49.6493],[21.0576,49.6519],[21.0611,49.6524],[21.0653,49.6559],[21.0657,49.6587],[21.0688,49.6598],[21.0722,49.6632],[21.0682,49.6635],[21.0658,49.6709],[21.0739,49.6723],[21.0742,49.6769],[21.0813,49.6801],[21.0824,49.6826],[21.094,49.6795],[21.1045,49.6746],[21.109,49.6737],[21.1188,49.6697],[21.1203,49.6718],[21.1167,49.6736],[21.1199,49.6807],[21.1252,49.6827],[21.1314,49.6879],[21.1274,49.6952]]]},"properties":{"id":"luzna","teryt":"1205062","name":"Łużna","powiatId":"gorlicki","type":"WIEJSKA"}},
{"type":"Feature","geometry":{"type":"Polygon","coordinates":[[[21.0063,49.7474],[21.0012,49.7451],[20.992,49.7441],[20.9769,49.7417],[20.9695,49.7438],[20.9634,49.7468],[20.9597,49.7475],[20.9525,49.7414],[20.946,49.7416],[20.9456,49.738],[20.9401,49.7342],[20.9435,49.7313],[20.9396,49.7285],[20.9331,49.7286],[20.9272,49.7308],[20.9221,49.7308],[20.9188,49.7321],[20.912,49.7389],[20.9094,49.7402],[20.9044,49.7357],[20.8979,49.7321],[20.8954,49.7325],[20.8826,49.7317],[20.8873,49.7288],[20.892,49.722],[20.8922,49.715],[20.8867,49.7058],[20.8886,49.7017],[20.8971,49.6953],[20.8991,49.6911],[20.9061,49.6866],[20.9078,49.6836],[20.9169,49.6827],[20.9196,49.6794],[20.9284,49.6793],[20.9321,49.6778],[20.9376,49.6734],[20.946,49.6704],[20.9481,49.667],[20.9517,49.6692],[20.9531,49.6722],[20.9565,49.6723],[20.9609,49.6774],[20.9618,49.6823],[20.9762,49.684],[20.9807,49.6855],[20.9945,49.6882],[21.0029,49.6888],[21.0044,49.6955],[21.0079,49.6955],[21.01,49.7004],[21.0072,49.7018],[21.0022,49.7083],[20.9998,49.7095],[20.9942,49.7173],[20.9914,49.7241],[20.9905,49.7313],[20.9996,49.7358],[21.0028,49.7404],[21.008,49.7413],[21.0087,49.7454],[21.0063,49.7474]]]},"properties":{"id":"bobowa","teryt":"1205033","name":"Bobowa","powiatId":"gorlicki","type":"MIEJSKO_WIEJSKA"}},
{"type":"Feature","geometry":{"type":"Polygon","coordinates":[[[21.141,49.7342],[21.1441,49.7374],[21.1502,49.7336],[21.1566,49.7312],[21.1625,49.731],[21.1685,49.7292],[21.1722,49.7227],[21.1792,49.7167],[21.1829,49.7157],[21.1821,49.7129],[21.1866,49.7089],[21.1921,49.7062],[21.2036,49.7061],[21.2072,49.7079],[21.2167,49.7063],[21.2169,49.7015],[21.2219,49.6992],[21.2218,49.6923],[21.2229,49.6892],[21.2285,49.6825],[21.2352,49.6697],[21.2365,49.6664],[21.241,49.6664],[21.2449,49.6721],[21.2507,49.6765],[21.2561,49.6769],[21.2671,49.6744],[21.2658,49.6764],[21.272,49.6823],[21.2827,49.6836],[21.2843,49.6852],[21.2822,49.688],[21.2761,49.69],[21.2728,49.6942],[21.2703,49.6995],[21.271,49.7034],[21.2694,49.7059],[21.2708,49.7102],[21.2735,49.7118],[21.2948,49.7156],[21.2997,49.7138],[21.3077,49.7154],[21.3116,49.7154],[21.3155,49.7172],[21.3207,49.7156],[21.3279,49.7115],[21.3301,49.7145],[21.331,49.7197],[21.3223,49.7224],[21.3222,49.7271],[21.3158,49.7283],[21.3157,49.732],[21.3186,49.7353],[21.3187,49.7392],[21.3102,49.7488],[21.3023,49.7502],[21.2967,49.7481],[21.2905,49.7488],[21.2813,49.7552],[21.2731,49.7526],[21.2707,49.7531],[21.2578,49.7521],[21.2542,49.7583],[21.2535,49.7627],[21.2446,49.772],[21.2418,49.7761],[21.2186,49.7795],[21.2173,49.7788],[21.2047,49.7807],[21.1957,49.7792],[21.1875,49.7786],[21.182,49.779],[21.1685,49.7816],[21.1576,49.7816],[21.1568,49.7797],[21.1512,49.7756],[21.136,49.7697],[21.1288,49.7724],[21.1208,49.7741],[21.1139,49.7683],[21.1028,49.772],[21.1012,49.7687],[21.095,49.7626],[21.1056,49.7585],[21.1098,49.7562],[21.1283,49.7433],[21.135,49.737],[21.141,49.7342]]]},"properties":{"id":"biecz","teryt":"1205023","name":"Biecz","powiatId":"gorlicki","type":"MIEJSKO_WIEJSKA"}},
{"type":"Feature","geometry":{"type":"Polygon","coordinates":[[[21.0087,49.7454],[21.0191,49.7418],[21.0264,49.7382],[21.0293,49.7351],[21.0367,49.7326],[21.043,49.7338],[21.0462,49.7358],[21.0496,49.7339],[21.0558,49.7339],[21.0621,49.7307],[21.0736,49.7259],[21.0885,49.7167],[21.0902,49.7137],[21.0893,49.7104],[21.0913,49.7094],[21.0886,49.706],[21.0896,49.7041],[21.0958,49.7014],[21.101,49.7006],[21.114,49.7006],[21.1253,49.6951],[21.1274,49.6952],[21.1292,49.7013],[21.1314,49.7053],[21.1386,49.7104],[21.1402,49.717],[21.138,49.7253],[21.1355,49.7274],[21.141,49.7342],[21.135,49.737],[21.1283,49.7433],[21.1098,49.7562],[21.1056,49.7585],[21.095,49.7626],[21.0858,49.7574],[21.071,49.7518],[21.0656,49.7467],[21.0576,49.7513],[21.0554,49.7545],[21.0498,49.7572],[21.0415,49.7633],[21.0407,49.7698],[21.0379,49.7702],[21.0358,49.7675],[21.0281,49.7634],[21.0037,49.7609],[21.0012,49.7587],[21.0003,49.7538],[21.0063,49.7474],[21.0087,49.7454]]]},"properties":{"id":"moszczenica","teryt":"1205072","name":"Moszczenica","powiatId":"gorlicki","type":"WIEJSKA"}},
{"type":"Feature","geometry":{"type":"Polygon","coordinates":[[[21.0379,49.7702],[21.0453,49.7803],[21.0438,49.7837],[21.0354,49.7838],[21.0312,49.783],[21.0249,49.7836],[21.0189,49.7885],[21.0182,49.7912],[21.0148,49.7942],[21.016,49.7984],[21.0099,49.8007],[21.0019,49.8006],[20.9982,49.802],[20.9954,49.8084],[20.9872,49.8118],[20.9837,49.8151],[20.9779,49.8172],[20.9696,49.8169],[20.9589,49.8143],[20.9393,49.8155],[20.9247,49.819],[20.918,49.8176],[20.9148,49.8137],[20.9086,49.8103],[20.9044,49.8066],[20.8971,49.8068],[20.8922,49.8095],[20.8889,49.8099],[20.8792,49.815],[20.878,49.817],[20.8713,49.8172],[20.867,49.8195],[20.8623,49.8162],[20.858,49.8163],[20.8537,49.8137],[20.8458,49.8174],[20.8428,49.8178],[20.8403,49.8152],[20.8389,49.8113],[20.8335,49.8084],[20.8325,49.8022],[20.8282,49.7986],[20.8326,49.7976],[20.829,49.7943],[20.8284,49.7917],[20.8316,49.7891],[20.8329,49.784],[20.8396,49.783],[20.851,49.7788],[20.8586,49.778],[20.863,49.7721],[20.8577,49.7709],[20.8598,49.7669],[20.8512,49.7659],[20.8458,49.7635],[20.8465,49.7594],[20.8506,49.7536],[20.8519,49.7502],[20.8611,49.7523],[20.8657,49.751],[20.8663,49.7449],[20.8677,49.7434],[20.8731,49.7435],[20.8758,49.7413],[20.8731,49.7373],[20.8683,49.7369],[20.8727,49.7338],[20.8826,49.7317],[20.8954,49.7325],[20.8979,49.7321],[20.9044,49.7357],[20.9094,49.7402],[20.912,49.7389],[20.9188,49.7321],[20.9221,49.7308],[20.9272,49.7308],[20.9331,49.7286],[20.9396,49.7285],[20.9435,49.7313],[20.9401,49.7342],[20.9456,49.738],[20.946,49.7416],[20.9525,49.7414],[20.9597,49.7475],[20.9634,49.7468],[20.9695,49.7438],[20.9769,49.7417],[20.992,49.7441],[21.0012,49.7451],[21.0063,49.7474],[21.0003,49.7538],[21.0012,49.7587],[21.0037,49.7609],[21.0281,49.7634],[21.0358,49.7675],[21.0379,49.7702]]]},"properties":{"id":"ciezkowice","teryt":"1216013","name":"Ciężkowice","powiatId":"tarnowski","type":"MIEJSKO_WIEJSKA"}},
{"type":"Feature","geometry":{"type":"Polygon","coordinates":[[[21.095,49.7626],[21.1012,49.7687],[21.1028,49.772],[21.1139,49.7683],[21.1208,49.7741],[21.1288,49.7724],[21.136,49.7697],[21.1512,49.7756],[21.1568,49.7797],[21.1576,49.7816],[21.1565,49.7855],[21.1645,49.793],[21.1656,49.8016],[21.1698,49.8031],[21.1655,49.8092],[21.164,49.8148],[21.1644,49.8174],[21.159,49.8235],[21.1539,49.824],[21.1425,49.8302],[21.1413,49.8318],[21.1329,49.838],[21.1328,49.8409],[21.1285,49.8423],[21.1197,49.8418],[21.1175,49.8404],[21.1105,49.8414],[21.1045,49.8413],[21.1023,49.8348],[21.1049,49.83],[21.106,49.8244],[21.1037,49.8214],[21.0932,49.8172],[21.0893,49.8134],[21.0796,49.8107],[21.0713,49.8137],[21.0663,49.8141],[21.0572,49.8176],[21.0496,49.8224],[21.0408,49.825],[21.044,49.8326],[21.0432,49.8352],[21.0394,49.8317],[21.0221,49.8247],[21.0172,49.8205],[21.0093,49.8191],[21.0081,49.8228],[21.0008,49.8185],[20.995,49.8143],[20.9872,49.8118],[20.9954,49.8084],[20.9982,49.802],[21.0019,49.8006],[21.0099,49.8007],[21.016,49.7984],[21.0148,49.7942],[21.0182,49.7912],[21.0189,49.7885],[21.0249,49.7836],[21.0312,49.783],[21.0354,49.7838],[21.0438,49.7837],[21.0453,49.7803],[21.0379,49.7702],[21.0407,49.7698],[21.0415,49.7633],[21.0498,49.7572],[21.0554,49.7545],[21.0576,49.7513],[21.0656,49.7467],[21.071,49.7518],[21.0858,49.7574],[21.095,49.7626]]]},"properties":{"id":"rzepiennik-strzyzewski","teryt":"1216072","name":"Rzepiennik Strzyżewski","powiatId":"tarnowski","type":"WIEJSKA"}},
{"type":"Feature","geometry":{"type":"Polygon","coordinates":[[[21.225,49.8526],[21.2201,49.852],[21.2169,49.8531],[21.2113,49.8527],[21.2063,49.8547],[21.1981,49.8531],[21.1951,49.8508],[21.1852,49.8488],[21.1794,49.8501],[21.1722,49.8484],[21.1695,49.8457],[21.1626,49.8477],[21.151,49.8486],[21.1361,49.8465],[21.1329,49.8476],[21.1297,49.8464],[21.1285,49.8423],[21.1328,49.8409],[21.1329,49.838],[21.1413,49.8318],[21.1425,49.8302],[21.1539,49.824],[21.159,49.8235],[21.1644,49.8174],[21.164,49.8148],[21.1655,49.8092],[21.1698,49.8031],[21.1656,49.8016],[21.1645,49.793],[21.1565,49.7855],[21.1576,49.7816],[21.1685,49.7816],[21.182,49.779],[21.1875,49.7786],[21.1957,49.7792],[21.2047,49.7807],[21.2173,49.7788],[21.2186,49.7795],[21.2418,49.7761],[21.2459,49.7817],[21.2457,49.7848],[21.2499,49.7881],[21.2515,49.7922],[21.2557,49.7917],[21.2691,49.7936],[21.2698,49.7983],[21.276,49.8038],[21.2806,49.8058],[21.2844,49.8015],[21.2946,49.8008],[21.2998,49.7969],[21.3084,49.7961],[21.3201,49.8007],[21.322,49.8034],[21.3303,49.8039],[21.3357,49.8078],[21.3322,49.8108],[21.3393,49.8119],[21.3489,49.8147],[21.3444,49.8161],[21.3397,49.82],[21.3395,49.8246],[21.3367,49.827],[21.3219,49.8298],[21.3171,49.8337],[21.3168,49.8353],[21.2971,49.8429],[21.2912,49.8436],[21.2827,49.8457],[21.2774,49.8439],[21.2698,49.843],[21.2653,49.8437],[21.2648,49.8401],[21.2597,49.8418],[21.2521,49.8409],[21.2446,49.8455],[21.2413,49.8462],[21.2351,49.8501],[21.2297,49.8508],[21.225,49.8526]]]},"properties":{"id":"szerzyny","teryt":"1216162","name":"Szerzyny","powiatId":"tarnowski","type":"WIEJSKA"}},
{"type":"Feature","geometry":{"type":"Polygon","coordinates":[[[21.0432,49.8352],[21.0412,49.8393],[21.03,49.8454],[21.0219,49.8461],[21.0163,49.8455],[21.0125,49.8473],[21.0114,49.8496],[21.0059,49.8499],[21.0016,49.8524],[21.0003,49.8553],[20.9959,49.8583],[20.9897,49.8646],[20.9779,49.8668],[20.9747,49.8696],[20.9754,49.8738],[20.9697,49.8755],[20.9653,49.8706],[20.9591,49.8675],[20.9523,49.8664],[20.9453,49.867],[20.9415,49.8695],[20.9361,49.8709],[20.9304,49.8735],[20.9284,49.8726],[20.9063,49.8839],[20.9015,49.8809],[20.8957,49.8805],[20.8837,49.8807],[20.8828,49.8781],[20.879,49.875],[20.8787,49.8718],[20.8758,49.866],[20.8653,49.859],[20.869,49.8565],[20.8715,49.8529],[20.8755,49.8503],[20.8738,49.8434],[20.8692,49.8409],[20.8599,49.8413],[20.8521,49.8399],[20.8493,49.8375],[20.8488,49.8328],[20.8516,49.831],[20.8574,49.8307],[20.8591,49.8242],[20.867,49.8195],[20.8713,49.8172],[20.878,49.817],[20.8792,49.815],[20.8889,49.8099],[20.8922,49.8095],[20.8971,49.8068],[20.9044,49.8066],[20.9086,49.8103],[20.9148,49.8137],[20.918,49.8176],[20.9247,49.819],[20.9393,49.8155],[20.9589,49.8143],[20.9696,49.8169],[20.9779,49.8172],[20.9837,49.8151],[20.9872,49.8118],[20.995,49.8143],[21.0008,49.8185],[21.0081,49.8228],[21.0093,49.8191],[21.0172,49.8205],[21.0221,49.8247],[21.0394,49.8317],[21.0432,49.8352]]]},"properties":{"id":"gromnik","teryt":"1216022","name":"Gromnik","powiatId":"tarnowski","type":"WIEJSKA"}},
{"type":"Feature","geometry":{"type":"Polygon","coordinates":[[[19.9544,49.4342],[19.9489,49.4328],[19.9387,49.4315],[19.9307,49.4406],[19.9279,49.4476],[19.927,49.4555],[19.9244,49.4601],[19.908,49.4538],[19.8974,49.4612],[19.8858,49.4661],[19.8792,49.4717],[19.8832,49.475],[19.8861,49.4746],[19.8929,49.478],[19.9022,49.4789],[19.9073,49.4819],[19.9152,49.4831],[19.9162,49.487],[19.9187,49.4899],[19.9162,49.4978],[19.9123,49.5022],[19.9095,49.5033],[19.9087,49.5119],[19.9123,49.5154],[19.9101,49.5204],[19.9062,49.5195],[19.8993,49.5156],[19.8924,49.5155],[19.8851,49.5176],[19.8807,49.5169],[19.8735,49.5186],[19.8681,49.5209],[19.8597,49.5171],[19.8509,49.5212],[19.8476,49.5196],[19.8426,49.5149],[19.8382,49.5142],[19.8301,49.5115],[19.8231,49.519],[19.8153,49.5206],[19.8069,49.5248],[19.8087,49.5278],[19.7992,49.5291],[19.7921,49.5313],[19.786,49.5296],[19.7761,49.5321],[19.7636,49.5292],[19.7564,49.528],[19.7622,49.5187],[19.7621,49.5164],[19.7566,49.512],[19.7578,49.5096],[19.7524,49.5034],[19.7578,49.4989],[19.7497,49.4968],[19.745,49.4926],[19.7442,49.4896],[19.7412,49.4873],[19.7392,49.4813],[19.7423,49.4738],[19.7471,49.4667],[19.746,49.4612],[19.753,49.4586],[19.771,49.4336],[19.7792,49.4241],[19.7763,49.4123],[19.7906,49.4107],[19.7889,49.4011],[19.7911,49.3967],[19.7911,49.3835],[19.7926,49.3786],[19.8022,49.3701],[19.8038,49.3648],[19.8015,49.359],[19.8025,49.3531],[19.7993,49.3523],[19.7953,49.3475],[19.7998,49.3488],[19.8132,49.3498],[19.8254,49.3519],[19.838,49.3521],[19.8438,49.3541],[19.8483,49.3491],[19.8544,49.3438],[19.8665,49.3383],[19.8717,49.338],[19.8782,49.3358],[19.8831,49.3293],[19.8881,49.3266],[19.896,49.3264],[19.8993,49.3273],[19.8998,49.3398],[19.9052,49.3419],[19.9152,49.3473],[19.9191,49.351],[19.9415,49.3539],[19.9431,49.3588],[19.9422,49.3645],[19.9436,49.3679],[19.9411,49.3769],[19.9427,49.3785],[19.9422,49.3824],[19.9443,49.3849],[19.9398,49.3857],[19.9385,49.3896],[19.9326,49.3959],[19.9333,49.4003],[19.9283,49.3997],[19.9285,49.4044],[19.9214,49.4038],[19.9202,49.4071],[19.9227,49.4176],[19.9305,49.4191],[19.9318,49.4221],[19.9369,49.4267],[19.952,49.4297],[19.9544,49.4342]]]},"properties":{"id":"czarny-dunajec","teryt":"1211033","name":"Czarny Dunajec","powiatId":"nowotarski","type":"MIEJSKO_WIEJSKA"}},
{"type":"Feature","geometry":{"type":"Polygon","coordinates":[[[19.9704,49.5397],[19.964,49.5425],[19.957,49.5469],[19.9424,49.5527],[19.9382,49.5515],[19.9332,49.5554],[19.94,49.5606],[19.9408,49.5636],[19.9398,49.5717],[19.935,49.5737],[19.932,49.5725],[19.9258,49.5737],[19.9204,49.5792],[19.9117,49.5793],[19.9093,49.585],[19.915,49.5883],[19.9224,49.5959],[19.927,49.5996],[19.9272,49.6101],[19.9231,49.6151],[19.9221,49.6193],[19.9197,49.6229],[19.9126,49.6258],[19.9104,49.6278],[19.9031,49.6311],[19.8994,49.635],[19.8937,49.6376],[19.8885,49.6354],[19.8761,49.6368],[19.8708,49.6318],[19.8729,49.629],[19.872,49.6234],[19.8744,49.6163],[19.8689,49.6122],[19.8658,49.6037],[19.8627,49.5993],[19.8649,49.5985],[19.8652,49.5942],[19.8713,49.5939],[19.8718,49.5888],[19.8749,49.5836],[19.87,49.5813],[19.8669,49.5778],[19.8631,49.5771],[19.862,49.575],[19.8559,49.5721],[19.8533,49.5675],[19.8493,49.5646],[19.8491,49.5611],[19.8448,49.5569],[19.8449,49.5511],[19.8427,49.5448],[19.8371,49.5436],[19.8326,49.5465],[19.8282,49.5478],[19.8259,49.5506],[19.814,49.5526],[19.8114,49.5545],[19.8068,49.5548],[19.8005,49.5581],[19.7999,49.5604],[19.788,49.5601],[19.7711,49.5557],[19.7649,49.5563],[19.7634,49.5502],[19.7567,49.5427],[19.7585,49.5361],[19.7636,49.5292],[19.7761,49.5321],[19.786,49.5296],[19.7921,49.5313],[19.7992,49.5291],[19.8087,49.5278],[19.8069,49.5248],[19.8153,49.5206],[19.8231,49.519],[19.8301,49.5115],[19.8382,49.5142],[19.8426,49.5149],[19.8476,49.5196],[19.8509,49.5212],[19.8597,49.5171],[19.8681,49.5209],[19.8735,49.5186],[19.8807,49.5169],[19.8851,49.5176],[19.8924,49.5155],[19.8993,49.5156],[19.9062,49.5195],[19.9101,49.5204],[19.9185,49.5245],[19.924,49.5239],[19.9293,49.5255],[19.9357,49.5246],[19.9388,49.526],[19.9487,49.5251],[19.9566,49.5288],[19.9582,49.5272],[19.9634,49.5272],[19.9664,49.5289],[19.9659,49.5338],[19.9695,49.5367],[19.9704,49.5397]]]},"properties":{"id":"raba-wyzna","teryt":"1211112","name":"Raba Wyżna","powiatId":"nowotarski","type":"WIEJSKA"}},
{"type":"Feature","geometry":{"type":"Polygon","coordinates":[[[19.9322,49.2365],[19.9341,49.2417],[19.9298,49.2466],[19.9176,49.2501],[19.9151,49.2536],[19.9078,49.2555],[19.9049,49.2583],[19.9011,49.2642],[19.9009,49.2741],[19.9055,49.2775],[19.9046,49.2799],[19.9061,49.2833],[19.9094,49.286],[19.9149,49.2855],[19.9175,49.2867],[19.9234,49.2861],[19.928,49.2897],[19.919,49.2949],[19.9232,49.3029],[19.9145,49.3038],[19.9141,49.3073],[19.9072,49.3083],[19.9024,49.3115],[19.9037,49.3171],[19.9021,49.3233],[19.8993,49.3273],[19.896,49.3264],[19.8881,49.3266],[19.8831,49.3293],[19.8782,49.3358],[19.8717,49.338],[19.8665,49.3383],[19.8544,49.3438],[19.8483,49.3491],[19.8438,49.3541],[19.838,49.3521],[19.8254,49.3519],[19.8132,49.3498],[19.7998,49.3488],[19.7953,49.3475],[19.7947,49.3445],[19.797,49.343],[19.7991,49.3336],[19.8023,49.3303],[19.805,49.3228],[19.8045,49.3201],[19.8001,49.3148],[19.7926,49.3026],[19.7927,49.2989],[19.7945,49.296],[19.8098,49.2954],[19.8158,49.2869],[19.8197,49.2836],[19.8228,49.2768],[19.8155,49.2751],[19.8063,49.2745],[19.8003,49.2704],[19.7925,49.268],[19.7922,49.2634],[19.7888,49.2618],[19.7905,49.2553],[19.7887,49.2536],[19.785,49.2467],[19.7784,49.2454],[19.7733,49.239],[19.7663,49.2346],[19.7692,49.2307],[19.7669,49.2226],[19.7584,49.216],[19.7594,49.2122],[19.7631,49.2076],[19.7675,49.206],[19.7786,49.205],[19.7816,49.2004],[19.7843,49.1993],[19.7952,49.1987],[19.8037,49.2046],[19.8075,49.2057],[19.8157,49.2025],[19.8198,49.1995],[19.8227,49.2014],[19.8295,49.2017],[19.8345,49.1965],[19.8447,49.1951],[19.8511,49.1963],[19.8641,49.1967],[19.8694,49.1958],[19.8703,49.1985],[19.8811,49.2044],[19.8839,49.2042],[19.887,49.2082],[19.8966,49.212],[19.9023,49.2133],[19.9019,49.2166],[19.9047,49.2196],[19.9053,49.2247],[19.9039,49.2256],[19.9033,49.2309],[19.9114,49.232],[19.9193,49.2358],[19.9282,49.2353],[19.9322,49.2365]]]},"properties":{"id":"koscielisko","teryt":"1217042","name":"Kościelisko","powiatId":"tatrzanski","type":"WIEJSKA"}},
{"type":"Feature","geometry":{"type":"Polygon","coordinates":[[[19.9121,49.7135],[19.9162,49.7167],[19.924,49.7196],[19.9284,49.7224],[19.9344,49.7243],[19.9425,49.7257],[19.9439,49.7292],[19.9479,49.7312],[19.9581,49.7329],[19.9585,49.7382],[19.9604,49.7409],[19.9531,49.7431],[19.9511,49.7463],[19.9484,49.7457],[19.9424,49.7481],[19.9367,49.7481],[19.9333,49.744],[19.9315,49.7444],[19.9297,49.7509],[19.9263,49.7526],[19.9224,49.7588],[19.9192,49.759],[19.9179,49.7617],[19.9194,49.7644],[19.9195,49.7713],[19.9002,49.772],[19.8963,49.7705],[19.886,49.7709],[19.8787,49.7736],[19.8696,49.7668],[19.8632,49.7696],[19.8553,49.7715],[19.849,49.7737],[19.8453,49.7696],[19.8402,49.7665],[19.825,49.7668],[19.8187,49.7684],[19.8069,49.7667],[19.8045,49.7672],[19.8018,49.7633],[19.7913,49.7629],[19.7776,49.755],[19.7729,49.7543],[19.7722,49.7525],[19.7721,49.751],[19.7802,49.7503],[19.7818,49.7469],[19.7883,49.7423],[19.7844,49.7363],[19.7863,49.7325],[19.7905,49.7306],[19.7947,49.7311],[19.7981,49.7275],[19.7907,49.724],[19.7942,49.7211],[19.7957,49.7159],[19.7954,49.7066],[19.7971,49.7045],[19.8088,49.7065],[19.8108,49.706],[19.8183,49.7076],[19.8279,49.7074],[19.8335,49.7094],[19.8408,49.7097],[19.8488,49.7093],[19.8578,49.7121],[19.8624,49.7123],[19.8685,49.7151],[19.8699,49.7127],[19.8766,49.7135],[19.8842,49.7118],[19.8948,49.7112],[19.9004,49.7138],[19.9079,49.7126],[19.9121,49.7135]]]},"properties":{"id":"tokarnia","teryt":"1209082","name":"Tokarnia","powiatId":"myslenicki","type":"WIEJSKA"}},
{"type":"Feature","geometry":{"type":"Polygon","coordinates":[[[20.0408,49.7809],[20.0365,49.7817],[20.0239,49.7823],[20.0172,49.7845],[20.0096,49.7848],[19.999,49.7872],[19.9985,49.7907],[19.9954,49.7916],[19.9911,49.7957],[19.9793,49.7938],[19.9672,49.7974],[19.9518,49.7985],[19.9449,49.8022],[19.943,49.8007],[19.9357,49.7999],[19.9363,49.8028],[19.9336,49.8043],[19.9361,49.8073],[19.9342,49.8109],[19.9249,49.811],[19.9214,49.81],[19.9196,49.8073],[19.9098,49.8082],[19.899,49.8113],[19.896,49.8113],[19.8937,49.8084],[19.8943,49.8061],[19.8859,49.8058],[19.8838,49.809],[19.8779,49.8074],[19.8708,49.8086],[19.8692,49.8106],[19.8641,49.8104],[19.8554,49.8079],[19.8542,49.8055],[19.8496,49.8065],[19.8353,49.8052],[19.8245,49.8032],[19.8243,49.7969],[19.8167,49.7943],[19.813,49.792],[19.8072,49.7902],[19.7992,49.7907],[19.7997,49.7883],[19.8034,49.7823],[19.8032,49.7755],[19.8045,49.7672],[19.8069,49.7667],[19.8187,49.7684],[19.825,49.7668],[19.8402,49.7665],[19.8453,49.7696],[19.849,49.7737],[19.8553,49.7715],[19.8632,49.7696],[19.8696,49.7668],[19.8787,49.7736],[19.886,49.7709],[19.8963,49.7705],[19.9002,49.772],[19.9195,49.7713],[19.9194,49.7644],[19.9179,49.7617],[19.9192,49.759],[19.9224,49.7588],[19.9263,49.7526],[19.9297,49.7509],[19.9315,49.7444],[19.9333,49.744],[19.9367,49.7481],[19.9424,49.7481],[19.9484,49.7457],[19.9511,49.7463],[19.9531,49.7431],[19.9604,49.7409],[19.9585,49.7382],[19.9581,49.7329],[19.9714,49.7298],[19.9848,49.7325],[19.9904,49.7295],[19.9997,49.7274],[20.0151,49.73],[20.0213,49.7302],[20.0262,49.7344],[20.0269,49.7365],[20.0308,49.7381],[20.0331,49.7416],[20.0402,49.7465],[20.0418,49.7528],[20.0445,49.7557],[20.0416,49.7611],[20.0446,49.7703],[20.0525,49.7711],[20.0482,49.7769],[20.0443,49.7802],[20.0408,49.7809]]]},"properties":{"id":"pcim","teryt":"1209042","name":"Pcim","powiatId":"myslenicki","type":"WIEJSKA"}},
{"type":"Feature","geometry":{"type":"Polygon","coordinates":[[[19.7983,49.6699],[19.8016,49.6632],[19.8063,49.6614],[19.8064,49.6591],[19.8003,49.6577],[19.7997,49.6558],[19.8077,49.6561],[19.8089,49.6509],[19.8116,49.6478],[19.8099,49.6449],[19.8096,49.6427],[19.8151,49.6409],[19.817,49.6385],[19.8256,49.6351],[19.8277,49.622],[19.8297,49.6192],[19.833,49.6212],[19.8319,49.6233],[19.8349,49.6252],[19.8394,49.6252],[19.8451,49.6313],[19.8504,49.6295],[19.861,49.6301],[19.8675,49.6322],[19.8708,49.6318],[19.8761,49.6368],[19.8736,49.6424],[19.8662,49.6507],[19.8633,49.6571],[19.858,49.6617],[19.8507,49.6657],[19.8486,49.6696],[19.853,49.6728],[19.855,49.676],[19.8439,49.675],[19.825,49.6759],[19.8192,49.6774],[19.8159,49.6768],[19.802,49.6784],[19.7989,49.6764],[19.7997,49.6742],[19.7983,49.6699]]]},"properties":{"id":"jordanow-miasto","teryt":"1215011","name":"Jordanów – gmina miejska","powiatId":"suski","type":"MIEJSKA"}},
{"type":"Feature","geometry":{"type":"Polygon","coordinates":[[[20.0712,49.8216],[20.0655,49.8235],[20.0638,49.8269],[20.059,49.8275],[20.0541,49.8303],[20.045,49.8302],[20.0406,49.8327],[20.0389,49.8365],[20.0366,49.8375],[20.041,49.8464],[20.0417,49.8493],[20.0399,49.8514],[20.0412,49.8574],[20.0373,49.8639],[20.0324,49.8642],[20.0305,49.866],[20.022,49.8662],[20.0158,49.8718],[20.0088,49.8714],[20.0083,49.873],[19.9937,49.8773],[19.9833,49.8832],[19.9758,49.8833],[19.9649,49.8853],[19.9582,49.8925],[19.9477,49.8933],[19.9512,49.8958],[19.9494,49.9029],[19.9303,49.9033],[19.9265,49.9027],[19.9218,49.904],[19.9178,49.9003],[19.9145,49.8988],[19.906,49.9],[19.8988,49.9046],[19.8964,49.909],[19.8931,49.9115],[19.8867,49.9129],[19.8865,49.9161],[19.8801,49.9165],[19.8804,49.9191],[19.8838,49.9208],[19.883,49.9241],[19.8761,49.9251],[19.87,49.9274],[19.86,49.9262],[19.8544,49.9308],[19.8496,49.9313],[19.8482,49.9225],[19.8505,49.9194],[19.8546,49.9165],[19.8533,49.9137],[19.8474,49.9111],[19.8387,49.9096],[19.8351,49.9062],[19.84,49.9031],[19.8508,49.8996],[19.851,49.8958],[19.858,49.8923],[19.8577,49.8882],[19.8448,49.8811],[19.8422,49.875],[19.8374,49.8738],[19.8378,49.8712],[19.8329,49.8678],[19.8421,49.8688],[19.8438,49.8674],[19.8517,49.8665],[19.8568,49.8677],[19.8598,49.8671],[19.8592,49.8635],[19.8623,49.8596],[19.8676,49.8562],[19.8683,49.8492],[19.8732,49.8381],[19.8692,49.8343],[19.8637,49.836],[19.8561,49.8357],[19.8472,49.8321],[19.8367,49.8318],[19.8307,49.8328],[19.8214,49.8258],[19.8197,49.8223],[19.8215,49.8212],[19.8208,49.8154],[19.8166,49.8082],[19.8199,49.8038],[19.8245,49.8032],[19.8353,49.8052],[19.8496,49.8065],[19.8542,49.8055],[19.8554,49.8079],[19.8641,49.8104],[19.8692,49.8106],[19.8708,49.8086],[19.8779,49.8074],[19.8838,49.809],[19.8859,49.8058],[19.8943,49.8061],[19.8937,49.8084],[19.896,49.8113],[19.899,49.8113],[19.9098,49.8082],[19.9196,49.8073],[19.9214,49.81],[19.9249,49.811],[19.9342,49.8109],[19.9361,49.8073],[19.9336,49.8043],[19.9363,49.8028],[19.9357,49.7999],[19.943,49.8007],[19.9449,49.8022],[19.9518,49.7985],[19.9672,49.7974],[19.9793,49.7938],[19.9911,49.7957],[19.9954,49.7916],[19.9985,49.7907],[19.999,49.7872],[20.0096,49.7848],[20.0172,49.7845],[20.0239,49.7823],[20.0365,49.7817],[20.0408,49.7809],[20.0452,49.787],[20.0315,49.7913],[20.033,49.7971],[20.0307,49.8003],[20.0366,49.805],[20.0489,49.807],[20.0532,49.8047],[20.0568,49.808],[20.0637,49.8121],[20.0682,49.8129],[20.072,49.8185],[20.0712,49.8216]]]},"properties":{"id":"myslenice","teryt":"1209033","name":"Myślenice","powiatId":"myslenicki","type":"MIEJSKO_WIEJSKA"}},
{"type":"Feature","geometry":{"type":"Polygon","coordinates":[[[19.8496,49.9313],[19.8544,49.9308],[19.86,49.9262],[19.87,49.9274],[19.8761,49.9251],[19.883,49.9241],[19.8838,49.9208],[19.8804,49.9191],[19.8801,49.9165],[19.8865,49.9161],[19.8867,49.9129],[19.8931,49.9115],[19.8964,49.909],[19.8988,49.9046],[19.906,49.9],[19.9145,49.8988],[19.9178,49.9003],[19.9218,49.904],[19.9265,49.9027],[19.9303,49.9033],[19.93,49.9053],[19.9244,49.9084],[19.9198,49.9125],[19.9148,49.9148],[19.9127,49.9173],[19.9224,49.9201],[19.9271,49.9194],[19.9271,49.9221],[19.9321,49.9253],[19.9336,49.9291],[19.9341,49.9365],[19.9334,49.9384],[19.942,49.9399],[19.9445,49.9435],[19.9451,49.9499],[19.939,49.9513],[19.9378,49.9529],[19.9298,49.9553],[19.9288,49.9585],[19.934,49.962],[19.9372,49.9665],[19.9407,49.969],[19.9424,49.974],[19.9341,49.9756],[19.9314,49.9784],[19.9245,49.981],[19.9133,49.9799],[19.9098,49.9818],[19.8967,49.9805],[19.8883,49.9806],[19.8846,49.9761],[19.8798,49.9737],[19.8794,49.9715],[19.8739,49.9714],[19.8688,49.9726],[19.8627,49.9726],[19.864,49.9685],[19.8606,49.9675],[19.8572,49.9644],[19.851,49.9546],[19.8494,49.9505],[19.8418,49.9504],[19.8397,49.9581],[19.8354,49.9588],[19.8311,49.9547],[19.8289,49.9488],[19.8299,49.9441],[19.8364,49.9396],[19.8397,49.936],[19.8397,49.9319],[19.8496,49.9313]]]},"properties":{"id":"mogilany","teryt":"1206092","name":"Mogilany","powiatId":"krakowski","type":"WIEJSKA"}},
{"type":"Feature","geometry":{"type":"Polygon","coordinates":[[[19.992,49.4607],[19.9918,49.4641],[19.9966,49.4671],[19.9977,49.4728],[19.9969,49.477],[19.9916,49.4811],[19.9825,49.4863],[19.9865,49.4905],[19.9863,49.4937],[19.9894,49.4962],[19.9882,49.4985],[19.9922,49.5054],[19.9963,49.5043],[20.0033,49.5046],[20.0035,49.5088],[20.0073,49.5145],[20.011,49.5182],[20.0115,49.5221],[20.0164,49.5275],[20.024,49.5285],[20.0288,49.531],[20.0302,49.5331],[20.0355,49.5345],[20.0424,49.5338],[20.0526,49.5308],[20.0615,49.5301],[20.067,49.5312],[20.0777,49.5311],[20.0907,49.5337],[20.099,49.532],[20.1061,49.5316],[20.0977,49.5265],[20.0931,49.5256],[20.0885,49.5228],[20.0835,49.5163],[20.0787,49.5144],[20.0765,49.5086],[20.0764,49.5042],[20.0673,49.5042],[20.0665,49.4954],[20.0674,49.4867],[20.0652,49.4845],[20.0632,49.4723],[20.0653,49.4678],[20.0641,49.4644],[20.0656,49.4606],[20.0745,49.4552],[20.0723,49.4499],[20.0675,49.4481],[20.0646,49.444],[20.0625,49.4423],[20.0658,49.4383],[20.0629,49.4297],[20.06,49.4292],[20.0561,49.4254],[20.0561,49.4245],[20.0686,49.4218],[20.0799,49.4206],[20.0853,49.4284],[20.0877,49.4281],[20.1012,49.4233],[20.0985,49.4198],[20.1066,49.4179],[20.116,49.4138],[20.1193,49.4179],[20.1255,49.4204],[20.1264,49.4235],[20.1321,49.4277],[20.1318,49.4206],[20.1388,49.4202],[20.1425,49.4223],[20.1485,49.4229],[20.1537,49.4172],[20.1555,49.4138],[20.1664,49.4132],[20.172,49.4137],[20.1753,49.4108],[20.1735,49.4048],[20.1813,49.4042],[20.1872,49.4051],[20.1954,49.4076],[20.2046,49.4057],[20.2159,49.4065],[20.2183,49.4076],[20.2213,49.4183],[20.2119,49.4175],[20.2057,49.4184],[20.2064,49.4213],[20.2034,49.4257],[20.2006,49.4263],[20.1934,49.4339],[20.1899,49.436],[20.1783,49.4483],[20.1864,49.4516],[20.1969,49.4542],[20.199,49.456],[20.2084,49.4591],[20.2157,49.4601],[20.2291,49.461],[20.2236,49.4738],[20.226,49.4784],[20.2267,49.486],[20.2299,49.4914],[20.2252,49.4918],[20.224,49.4935],[20.2171,49.4938],[20.2122,49.4952],[20.2107,49.4985],[20.2024,49.4983],[20.1974,49.5007],[20.1938,49.4985],[20.1874,49.5054],[20.1797,49.5076],[20.1672,49.5122],[20.1618,49.5128],[20.156,49.5146],[20.1513,49.5146],[20.1469,49.5234],[20.1453,49.5298],[20.1492,49.5426],[20.1452,49.5439],[20.1397,49.5436],[20.1361,49.5452],[20.1229,49.5454],[20.1195,49.5445],[20.1143,49.5451],[20.1098,49.5472],[20.1041,49.5478],[20.0981,49.5494],[20.0948,49.5533],[20.0896,49.5552],[20.0823,49.5563],[20.0749,49.5594],[20.0673,49.5601],[20.0565,49.5593],[20.0395,49.56],[20.0322,49.5575],[20.0279,49.5579],[20.0191,49.5551],[20.0144,49.5543],[20.0123,49.5515],[20.0071,49.5493],[20.0017,49.5483],[19.9951,49.5486],[19.9825,49.541],[19.9732,49.5413],[19.9704,49.5397],[19.9695,49.5367],[19.9659,49.5338],[19.9664,49.5289],[19.9634,49.5272],[19.9582,49.5272],[19.9566,49.5288],[19.9487,49.5251],[19.9388,49.526],[19.9357,49.5246],[19.9293,49.5255],[19.924,49.5239],[19.9185,49.5245],[19.9101,49.5204],[19.9123,49.5154],[19.9087,49.5119],[19.9095,49.5033],[19.9123,49.5022],[19.9162,49.4978],[19.9187,49.4899],[19.9162,49.487],[19.9152,49.4831],[19.9073,49.4819],[19.9022,49.4789],[19.8929,49.478],[19.8861,49.4746],[19.8832,49.475],[19.8792,49.4717],[19.8858,49.4661],[19.8974,49.4612],[19.908,49.4538],[19.9244,49.4601],[19.927,49.4555],[19.9279,49.4476],[19.9307,49.4406],[19.9387,49.4315],[19.9489,49.4328],[19.9544,49.4342],[19.9582,49.4348],[19.9721,49.4404],[19.9791,49.4423],[19.9796,49.4454],[19.9829,49.4475],[19.9887,49.4475],[19.9933,49.4489],[19.9894,49.4543],[19.9907,49.4565],[19.9895,49.46],[19.992,49.4607]]]},"properties":{"id":"nowy-targ-wies","teryt":"1211092","name":"Nowy Targ – gmina wiejska","powiatId":"nowotarski","type":"WIEJSKA"}},
{"type":"Feature","geometry":{"type":"Polygon","coordinates":[[[19.9919,49.6535],[19.9943,49.6526],[19.9993,49.6543],[20.0034,49.6586],[20.0071,49.6663],[20.0117,49.6722],[20.011,49.6765],[20.0121,49.6803],[20.0104,49.683],[20.0107,49.6882],[20.0075,49.6911],[20.0078,49.6964],[20.0025,49.6985],[20.0017,49.7011],[20.0083,49.7104],[20.0115,49.7118],[20.0166,49.7117],[20.0245,49.7203],[20.0248,49.7267],[20.0213,49.7302],[20.0151,49.73],[19.9997,49.7274],[19.9904,49.7295],[19.9848,49.7325],[19.9714,49.7298],[19.9581,49.7329],[19.9479,49.7312],[19.9439,49.7292],[19.9425,49.7257],[19.9344,49.7243],[19.9284,49.7224],[19.924,49.7196],[19.9162,49.7167],[19.9121,49.7135],[19.9085,49.7097],[19.9085,49.706],[19.9017,49.6999],[19.8977,49.6955],[19.893,49.6946],[19.8958,49.6919],[19.8881,49.6917],[19.8894,49.6855],[19.8858,49.6833],[19.8895,49.6775],[19.893,49.6754],[19.8993,49.6667],[19.9022,49.6605],[19.9052,49.6592],[19.9041,49.6495],[19.9063,49.6469],[19.9028,49.6448],[19.9008,49.6416],[19.8937,49.6376],[19.8994,49.635],[19.9031,49.6311],[19.9104,49.6278],[19.9126,49.6258],[19.9197,49.6229],[19.9251,49.6234],[19.9304,49.6207],[19.938,49.6223],[19.939,49.6201],[19.9466,49.618],[19.9499,49.6231],[19.9473,49.629],[19.9473,49.6339],[19.9562,49.6406],[19.9509,49.6449],[19.9476,49.6495],[19.9471,49.6576],[19.9508,49.6596],[19.9563,49.6608],[19.9623,49.6604],[19.9672,49.6611],[19.9737,49.6603],[19.9781,49.6578],[19.9919,49.6535]]]},"properties":{"id":"lubien","teryt":"1209022","name":"Lubień","powiatId":"myslenicki","type":"WIEJSKA"}},
{"type":"Feature","geometry":{"type":"Polygon","coordinates":[[[19.9431,49.3588],[19.9415,49.3539],[19.9191,49.351],[19.9152,49.3473],[19.9052,49.3419],[19.8998,49.3398],[19.8993,49.3273],[19.9021,49.3233],[19.9037,49.3171],[19.9024,49.3115],[19.9072,49.3083],[19.9141,49.3073],[19.9172,49.3105],[19.9233,49.3115],[19.9315,49.3142],[19.9336,49.316],[19.9377,49.3156],[19.9386,49.318],[19.9527,49.3234],[19.9586,49.3211],[19.9739,49.3242],[19.983,49.3297],[19.9936,49.3326],[19.9922,49.329],[19.9945,49.3261],[19.9893,49.3231],[19.9909,49.3189],[19.9942,49.3189],[20.0038,49.3167],[20.0133,49.3153],[20.0186,49.318],[20.0238,49.3111],[20.0304,49.3114],[20.0296,49.3075],[20.03,49.302],[20.0289,49.2977],[20.0366,49.2969],[20.0375,49.2943],[20.0298,49.2865],[20.0394,49.2879],[20.0427,49.2848],[20.0335,49.2827],[20.0329,49.2783],[20.0364,49.2697],[20.0353,49.2676],[20.0253,49.2615],[20.0256,49.2589],[20.0226,49.2553],[20.0198,49.2486],[20.0215,49.2454],[20.0219,49.2408],[20.0246,49.2375],[20.029,49.2345],[20.0291,49.2315],[20.0333,49.2271],[20.0431,49.2273],[20.0476,49.2288],[20.047,49.2319],[20.0495,49.2353],[20.0484,49.242],[20.0533,49.2438],[20.058,49.2478],[20.0566,49.2507],[20.0586,49.2566],[20.0621,49.2604],[20.0682,49.2579],[20.0799,49.2594],[20.0832,49.2618],[20.09,49.2636],[20.0959,49.2675],[20.0982,49.2703],[20.0981,49.2751],[20.1031,49.2792],[20.1055,49.285],[20.1065,49.2904],[20.1099,49.292],[20.1064,49.2994],[20.1022,49.3028],[20.1029,49.3082],[20.0965,49.3183],[20.0946,49.3228],[20.0919,49.3242],[20.0919,49.3268],[20.0891,49.3294],[20.0836,49.3295],[20.0789,49.333],[20.0743,49.3333],[20.0762,49.3369],[20.0798,49.3399],[20.075,49.3421],[20.0634,49.3442],[20.0557,49.3377],[20.0509,49.3349],[20.045,49.3392],[20.0333,49.3393],[20.0228,49.3436],[20.0105,49.3462],[20.0017,49.3475],[20.0012,49.3453],[19.9941,49.3466],[19.978,49.3473],[19.976,49.3533],[19.9809,49.3553],[19.9738,49.3624],[19.966,49.3611],[19.958,49.3571],[19.9545,49.3579],[19.9431,49.3588]]]},"properties":{"id":"poronin","teryt":"1217052","name":"Poronin","powiatId":"tatrzanski","type":"WIEJSKA"}},
{"type":"Feature","geometry":{"type":"Polygon","coordinates":[[[20.0333,49.2271],[20.0291,49.2315],[20.029,49.2345],[20.0246,49.2375],[20.0219,49.2408],[20.0215,49.2454],[20.0198,49.2486],[20.0226,49.2553],[20.0256,49.2589],[20.0253,49.2615],[20.0353,49.2676],[20.0364,49.2697],[20.0329,49.2783],[20.0335,49.2827],[20.0427,49.2848],[20.0394,49.2879],[20.0298,49.2865],[20.0375,49.2943],[20.0366,49.2969],[20.0289,49.2977],[20.03,49.302],[20.0296,49.3075],[20.0304,49.3114],[20.0238,49.3111],[20.0186,49.318],[20.0133,49.3153],[20.0038,49.3167],[19.9942,49.3189],[19.9909,49.3189],[19.9893,49.3231],[19.9945,49.3261],[19.9922,49.329],[19.9936,49.3326],[19.983,49.3297],[19.9739,49.3242],[19.9586,49.3211],[19.9527,49.3234],[19.9386,49.318],[19.9377,49.3156],[19.9336,49.316],[19.9315,49.3142],[19.9233,49.3115],[19.9172,49.3105],[19.9141,49.3073],[19.9145,49.3038],[19.9232,49.3029],[19.919,49.2949],[19.928,49.2897],[19.9234,49.2861],[19.9175,49.2867],[19.9149,49.2855],[19.9094,49.286],[19.9061,49.2833],[19.9046,49.2799],[19.9055,49.2775],[19.9009,49.2741],[19.9011,49.2642],[19.9049,49.2583],[19.9078,49.2555],[19.9151,49.2536],[19.9176,49.2501],[19.9298,49.2466],[19.9341,49.2417],[19.9322,49.2365],[19.9403,49.2337],[19.9434,49.2345],[19.9492,49.2325],[19.957,49.2324],[19.9662,49.2313],[19.9712,49.23],[19.9816,49.2318],[19.9871,49.2291],[19.9898,49.2263],[20.0093,49.2194],[20.0237,49.2197],[20.0286,49.2183],[20.0338,49.2203],[20.0325,49.2248],[20.0333,49.2271]]]},"properties":{"id":"zakopane","teryt":"1217011","name":"Zakopane","powiatId":"tatrzanski","type":"MIEJSKA"}},
{"type":"Feature","geometry":{"type":"Polygon","coordinates":[[[19.9424,49.974],[19.9407,49.969],[19.9372,49.9665],[19.934,49.962],[19.9288,49.9585],[19.9298,49.9553],[19.9378,49.9529],[19.939,49.9513],[19.9451,49.9499],[19.9445,49.9435],[19.942,49.9399],[19.9334,49.9384],[19.9341,49.9365],[19.9336,49.9291],[19.9321,49.9253],[19.9271,49.9221],[19.9271,49.9194],[19.9224,49.9201],[19.9127,49.9173],[19.9148,49.9148],[19.9198,49.9125],[19.9244,49.9084],[19.93,49.9053],[19.9341,49.9097],[19.9327,49.9152],[19.9387,49.9172],[19.9394,49.9202],[19.9435,49.9238],[19.9588,49.9209],[19.9661,49.9269],[19.9762,49.9286],[19.9803,49.9315],[19.994,49.932],[20.0013,49.9311],[19.9996,49.9346],[20.007,49.9404],[20.0054,49.9441],[20.0064,49.949],[19.9965,49.9508],[19.9957,49.9488],[19.9831,49.9489],[19.9815,49.9495],[19.9823,49.9601],[19.9695,49.9602],[19.9669,49.9621],[19.9634,49.9686],[19.9566,49.9682],[19.9538,49.9701],[19.9424,49.974]]]},"properties":{"id":"swiatniki-gorne","teryt":"1206143","name":"Świątniki Górne","powiatId":"krakowski","type":"MIEJSKO_WIEJSKA"}},
{"type":"Feature","geometry":{"type":"Polygon","coordinates":[[[20.0369,49.5679],[20.0314,49.572],[20.0279,49.5728],[20.0252,49.5775],[20.0261,49.5811],[20.0224,49.5844],[20.0199,49.5887],[20.0154,49.5911],[20.015,49.5947],[20.0107,49.6032],[20.0028,49.607],[19.9989,49.6145],[20.0008,49.6189],[19.9979,49.6204],[19.9984,49.6253],[20.0045,49.625],[20.0058,49.6293],[20.0042,49.6327],[20.0048,49.6364],[20.0013,49.6379],[20.0001,49.6405],[19.9914,49.6485],[19.9919,49.6535],[19.9781,49.6578],[19.9737,49.6603],[19.9672,49.6611],[19.9623,49.6604],[19.9563,49.6608],[19.9508,49.6596],[19.9471,49.6576],[19.9476,49.6495],[19.9509,49.6449],[19.9562,49.6406],[19.9473,49.6339],[19.9473,49.629],[19.9499,49.6231],[19.9466,49.618],[19.939,49.6201],[19.938,49.6223],[19.9304,49.6207],[19.9251,49.6234],[19.9197,49.6229],[19.9221,49.6193],[19.9231,49.6151],[19.9272,49.6101],[19.927,49.5996],[19.9224,49.5959],[19.915,49.5883],[19.9093,49.585],[19.9117,49.5793],[19.9204,49.5792],[19.9258,49.5737],[19.932,49.5725],[19.935,49.5737],[19.9398,49.5717],[19.9408,49.5636],[19.94,49.5606],[19.9332,49.5554],[19.9382,49.5515],[19.9424,49.5527],[19.957,49.5469],[19.964,49.5425],[19.9704,49.5397],[19.9732,49.5413],[19.9825,49.541],[19.9951,49.5486],[20.0017,49.5483],[20.0071,49.5493],[20.0123,49.5515],[20.0144,49.5543],[20.0191,49.5551],[20.0279,49.5579],[20.0322,49.5575],[20.0395,49.56],[20.0375,49.5619],[20.0385,49.5657],[20.0369,49.5679]]]},"properties":{"id":"rabka-zdroj","teryt":"1211123","name":"Rabka-Zdrój","powiatId":"nowotarski","type":"MIEJSKO_WIEJSKA"}},
{"type":"Feature","geometry":{"type":"Polygon","coordinates":[[[20.0306,49.9162],[20.0278,49.912],[20.024,49.9116],[20.0172,49.9091],[20.0119,49.9113],[20.0061,49.9172],[20.0066,49.9238],[20.0013,49.9311],[19.994,49.932],[19.9803,49.9315],[19.9762,49.9286],[19.9661,49.9269],[19.9588,49.9209],[19.9435,49.9238],[19.9394,49.9202],[19.9387,49.9172],[19.9327,49.9152],[19.9341,49.9097],[19.93,49.9053],[19.9303,49.9033],[19.9494,49.9029],[19.9512,49.8958],[19.9477,49.8933],[19.9582,49.8925],[19.9649,49.8853],[19.9758,49.8833],[19.9833,49.8832],[19.9937,49.8773],[20.0083,49.873],[20.0088,49.8714],[20.0158,49.8718],[20.0195,49.8743],[20.0259,49.8753],[20.0287,49.8787],[20.0339,49.8799],[20.043,49.8834],[20.0337,49.8893],[20.0334,49.8931],[20.0399,49.8956],[20.0419,49.8982],[20.0471,49.8994],[20.0416,49.9029],[20.0424,49.9073],[20.0364,49.9062],[20.031,49.9108],[20.0306,49.9162]]]},"properties":{"id":"siepraw","teryt":"1209062","name":"Siepraw","powiatId":"myslenicki","type":"WIEJSKA"}},
{"type":"Feature","geometry":{"type":"Polygon","coordinates":[[[20.041,49.3975],[20.0355,49.4015],[20.0362,49.403],[20.0441,49.406],[20.0446,49.4114],[20.0496,49.4107],[20.0497,49.4163],[20.0532,49.4199],[20.0501,49.4219],[20.0507,49.4264],[20.0561,49.4254],[20.06,49.4292],[20.0629,49.4297],[20.0658,49.4383],[20.0625,49.4423],[20.0646,49.444],[20.0595,49.4448],[20.0536,49.4443],[20.0438,49.4447],[20.0417,49.4455],[20.0283,49.4467],[20.0151,49.4463],[20.0078,49.4543],[19.9998,49.4564],[19.9972,49.4586],[19.992,49.4607],[19.9895,49.46],[19.9907,49.4565],[19.9894,49.4543],[19.9933,49.4489],[19.9887,49.4475],[19.9829,49.4475],[19.9796,49.4454],[19.9791,49.4423],[19.9721,49.4404],[19.9582,49.4348],[19.9544,49.4342],[19.952,49.4297],[19.9369,49.4267],[19.9318,49.4221],[19.9305,49.4191],[19.9227,49.4176],[19.9202,49.4071],[19.9214,49.4038],[19.9285,49.4044],[19.9283,49.3997],[19.9333,49.4003],[19.9326,49.3959],[19.9385,49.3896],[19.9398,49.3857],[19.9443,49.3849],[19.9422,49.3824],[19.9578,49.3796],[19.9658,49.377],[19.9702,49.3745],[19.9821,49.3785],[19.9869,49.3793],[19.9874,49.3821],[19.9943,49.3842],[19.9935,49.3871],[19.9997,49.3892],[19.9964,49.3953],[20.0024,49.3964],[20.0203,49.3945],[20.0222,49.3977],[20.0268,49.3996],[20.0341,49.3963],[20.0381,49.3955],[20.041,49.3975]]]},"properties":{"id":"szaflary","teryt":"1211142","name":"Szaflary","powiatId":"nowotarski","type":"WIEJSKA"}},
{"type":"Feature","geometry":{"type":"Polygon","coordinates":[[[19.9422,49.3824],[19.9427,49.3785],[19.9411,49.3769],[19.9436,49.3679],[19.9422,49.3645],[19.9431,49.3588],[19.9545,49.3579],[19.958,49.3571],[19.966,49.3611],[19.9738,49.3624],[19.9809,49.3553],[19.976,49.3533],[19.978,49.3473],[19.9941,49.3466],[20.0012,49.3453],[20.0017,49.3475],[20.0105,49.3462],[20.0228,49.3436],[20.0333,49.3393],[20.045,49.3392],[20.0509,49.3349],[20.0557,49.3377],[20.0634,49.3442],[20.075,49.3421],[20.0722,49.3483],[20.0633,49.3464],[20.0596,49.3495],[20.0517,49.3506],[20.0518,49.3561],[20.0556,49.361],[20.0565,49.3649],[20.0539,49.3697],[20.0539,49.3733],[20.0506,49.3781],[20.0433,49.3813],[20.0413,49.3863],[20.0449,49.3874],[20.0426,49.3967],[20.041,49.3975],[20.0381,49.3955],[20.0341,49.3963],[20.0268,49.3996],[20.0222,49.3977],[20.0203,49.3945],[20.0024,49.3964],[19.9964,49.3953],[19.9997,49.3892],[19.9935,49.3871],[19.9943,49.3842],[19.9874,49.3821],[19.9869,49.3793],[19.9821,49.3785],[19.9702,49.3745],[19.9658,49.377],[19.9578,49.3796],[19.9422,49.3824]]]},"properties":{"id":"bialy-dunajec","teryt":"1217022","name":"Biały Dunajec","powiatId":"tatrzanski","type":"WIEJSKA"}},
{"type":"Feature","geometry":{"type":"Polygon","coordinates":[[[20.0646,49.444],[20.0675,49.4481],[20.0723,49.4499],[20.0745,49.4552],[20.0656,49.4606],[20.0641,49.4644],[20.0653,49.4678],[20.0632,49.4723],[20.0652,49.4845],[20.0674,49.4867],[20.0665,49.4954],[20.0673,49.5042],[20.0764,49.5042],[20.0765,49.5086],[20.0787,49.5144],[20.0835,49.5163],[20.0885,49.5228],[20.0931,49.5256],[20.0977,49.5265],[20.1061,49.5316],[20.099,49.532],[20.0907,49.5337],[20.0777,49.5311],[20.067,49.5312],[20.0615,49.5301],[20.0526,49.5308],[20.0424,49.5338],[20.0355,49.5345],[20.0302,49.5331],[20.0288,49.531],[20.024,49.5285],[20.0164,49.5275],[20.0115,49.5221],[20.011,49.5182],[20.0073,49.5145],[20.0035,49.5088],[20.0033,49.5046],[19.9963,49.5043],[19.9922,49.5054],[19.9882,49.4985],[19.9894,49.4962],[19.9863,49.4937],[19.9865,49.4905],[19.9825,49.4863],[19.9916,49.4811],[19.9969,49.477],[19.9977,49.4728],[19.9966,49.4671],[19.9918,49.4641],[19.992,49.4607],[19.9972,49.4586],[19.9998,49.4564],[20.0078,49.4543],[20.0151,49.4463],[20.0283,49.4467],[20.0417,49.4455],[20.0438,49.4447],[20.0536,49.4443],[20.0595,49.4448],[20.0646,49.444]]]},"properties":{"id":"nowy-targ-miasto","teryt":"1211011","name":"Nowy Targ – gmina miejska","powiatId":"nowotarski","type":"MIEJSKA"}},
{"type":"Feature","geometry":{"type":"Polygon","coordinates":[[[20.2426,49.6204],[20.2366,49.6212],[20.2239,49.6239],[20.222,49.6261],[20.2246,49.6292],[20.2186,49.6312],[20.2123,49.629],[20.2084,49.6292],[20.2058,49.6314],[20.2046,49.6389],[20.1939,49.6426],[20.1896,49.6468],[20.1902,49.6538],[20.1859,49.6565],[20.1795,49.6652],[20.1748,49.6643],[20.1681,49.6675],[20.1736,49.671],[20.1776,49.6754],[20.1826,49.6834],[20.1795,49.689],[20.1801,49.6925],[20.1797,49.7008],[20.177,49.7086],[20.1771,49.7152],[20.1683,49.7143],[20.1632,49.7156],[20.1582,49.7235],[20.1551,49.7266],[20.1536,49.7308],[20.1484,49.733],[20.1271,49.7438],[20.1197,49.7438],[20.1111,49.7453],[20.107,49.7431],[20.1046,49.7396],[20.1037,49.7352],[20.101,49.7325],[20.0971,49.7317],[20.0917,49.7324],[20.0835,49.7306],[20.0785,49.7324],[20.0727,49.731],[20.0708,49.7328],[20.0579,49.7374],[20.0558,49.7369],[20.0473,49.743],[20.0402,49.7465],[20.0331,49.7416],[20.0308,49.7381],[20.0269,49.7365],[20.0262,49.7344],[20.0213,49.7302],[20.0248,49.7267],[20.0245,49.7203],[20.0166,49.7117],[20.0115,49.7118],[20.0083,49.7104],[20.0017,49.7011],[20.0025,49.6985],[20.0078,49.6964],[20.0075,49.6911],[20.0107,49.6882],[20.0104,49.683],[20.0121,49.6803],[20.011,49.6765],[20.0117,49.6722],[20.0071,49.6663],[20.0034,49.6586],[19.9993,49.6543],[19.9943,49.6526],[19.9919,49.6535],[19.9914,49.6485],[20.0001,49.6405],[20.0013,49.6379],[20.0048,49.6364],[20.0042,49.6327],[20.0058,49.6293],[20.0045,49.625],[19.9984,49.6253],[19.9979,49.6204],[20.0008,49.6189],[19.9989,49.6145],[20.0028,49.607],[20.0107,49.6032],[20.015,49.5947],[20.0154,49.5911],[20.0199,49.5887],[20.0224,49.5844],[20.0261,49.5811],[20.0252,49.5775],[20.0279,49.5728],[20.0314,49.572],[20.0369,49.5679],[20.037,49.5804],[20.0409,49.5864],[20.0432,49.5882],[20.0461,49.5945],[20.0517,49.6009],[20.0497,49.6065],[20.0499,49.6106],[20.0526,49.6128],[20.0523,49.6162],[20.058,49.6242],[20.0574,49.6261],[20.0507,49.6299],[20.0478,49.6362],[20.0499,49.6394],[20.0449,49.6444],[20.0507,49.6486],[20.058,49.65],[20.0539,49.6553],[20.0584,49.6578],[20.0561,49.6615],[20.0532,49.6616],[20.0456,49.6595],[20.0355,49.6593],[20.0331,49.6613],[20.0279,49.6618],[20.028,49.6693],[20.0318,49.671],[20.0346,49.676],[20.0327,49.6813],[20.0422,49.6847],[20.0437,49.6873],[20.0426,49.6906],[20.0444,49.6932],[20.0528,49.699],[20.0629,49.7035],[20.0714,49.7026],[20.0809,49.7058],[20.0855,49.7096],[20.0989,49.7127],[20.1015,49.7086],[20.1077,49.7042],[20.118,49.7005],[20.1209,49.695],[20.131,49.6859],[20.1158,49.679],[20.113,49.6792],[20.1044,49.6741],[20.0978,49.674],[20.0915,49.672],[20.0877,49.6688],[20.0841,49.6677],[20.0804,49.6642],[20.0776,49.6585],[20.0739,49.6554],[20.077,49.6509],[20.0838,49.6509],[20.0987,49.6443],[20.098,49.6378],[20.1036,49.6327],[20.1101,49.6329],[20.1248,49.6229],[20.1341,49.6208],[20.1402,49.617],[20.1464,49.6154],[20.1494,49.6124],[20.1507,49.6062],[20.1554,49.5975],[20.1531,49.5907],[20.1576,49.5853],[20.1634,49.5826],[20.166,49.577],[20.1725,49.5698],[20.1754,49.5709],[20.18,49.5653],[20.1742,49.5586],[20.1816,49.5582],[20.1895,49.5593],[20.1972,49.5589],[20.2043,49.5616],[20.2158,49.5627],[20.2187,49.5661],[20.2182,49.5713],[20.221,49.5816],[20.2377,49.5951],[20.2369,49.5981],[20.2384,49.6004],[20.2386,49.6065],[20.2361,49.6087],[20.2371,49.6138],[20.2424,49.6183],[20.2426,49.6204]]]},"properties":{"id":"mszana-dolna-wies","teryt":"1207092","name":"Mszana Dolna – gmina wiejska","powiatId":"limanowski","type":"WIEJSKA"}},
{"type":"Feature","geometry":{"type":"Polygon","coordinates":[[[20.0943,49.8288],[20.0974,49.8302],[20.0984,49.8361],[20.106,49.8386],[20.1064,49.8443],[20.1007,49.8449],[20.1011,49.8489],[20.0932,49.8558],[20.0967,49.8586],[20.0996,49.8587],[20.1041,49.8637],[20.1124,49.8661],[20.1196,49.869],[20.1232,49.8669],[20.1311,49.8661],[20.1378,49.8675],[20.1451,49.8669],[20.1474,49.8619],[20.1602,49.8605],[20.1659,49.8609],[20.1703,49.8677],[20.1738,49.8704],[20.1757,49.8769],[20.1743,49.8811],[20.1752,49.8852],[20.1854,49.8863],[20.1805,49.8882],[20.173,49.8886],[20.1683,49.8939],[20.1615,49.8932],[20.1553,49.8886],[20.1464,49.8893],[20.1397,49.8885],[20.1269,49.8885],[20.1203,49.892],[20.1202,49.8955],[20.1162,49.8987],[20.1112,49.8989],[20.1125,49.9032],[20.1169,49.9033],[20.117,49.9064],[20.1149,49.9082],[20.1193,49.9122],[20.1171,49.9147],[20.1116,49.9151],[20.1103,49.9206],[20.1056,49.9203],[20.1026,49.9181],[20.0909,49.9222],[20.0854,49.9272],[20.0765,49.9283],[20.0751,49.9196],[20.0702,49.9189],[20.0681,49.917],[20.0624,49.9149],[20.0565,49.9181],[20.0446,49.9198],[20.0393,49.9163],[20.0306,49.9162],[20.031,49.9108],[20.0364,49.9062],[20.0424,49.9073],[20.0416,49.9029],[20.0471,49.8994],[20.0419,49.8982],[20.0399,49.8956],[20.0334,49.8931],[20.0337,49.8893],[20.043,49.8834],[20.0339,49.8799],[20.0287,49.8787],[20.0259,49.8753],[20.0195,49.8743],[20.0158,49.8718],[20.022,49.8662],[20.0305,49.866],[20.0324,49.8642],[20.0373,49.8639],[20.0412,49.8574],[20.0399,49.8514],[20.0417,49.8493],[20.041,49.8464],[20.0366,49.8375],[20.0389,49.8365],[20.0406,49.8327],[20.045,49.8302],[20.0541,49.8303],[20.059,49.8275],[20.0638,49.8269],[20.0655,49.8235],[20.0712,49.8216],[20.0758,49.8225],[20.0816,49.8255],[20.0943,49.8288]]]},"properties":{"id":"dobczyce","teryt":"1209013","name":"Dobczyce","powiatId":"myslenicki","type":"MIEJSKO_WIEJSKA"}},
{"type":"Feature","geometry":{"type":"Polygon","coordinates":[[[20.116,49.4138],[20.1066,49.4179],[20.0985,49.4198],[20.1012,49.4233],[20.0877,49.4281],[20.0853,49.4284],[20.0799,49.4206],[20.0686,49.4218],[20.0561,49.4245],[20.0561,49.4254],[20.0507,49.4264],[20.0501,49.4219],[20.0532,49.4199],[20.0497,49.4163],[20.0496,49.4107],[20.0446,49.4114],[20.0441,49.406],[20.0362,49.403],[20.0355,49.4015],[20.041,49.3975],[20.0426,49.3967],[20.0449,49.3874],[20.0413,49.3863],[20.0433,49.3813],[20.0506,49.3781],[20.0539,49.3733],[20.0539,49.3697],[20.0565,49.3649],[20.0556,49.361],[20.0518,49.3561],[20.0517,49.3506],[20.0596,49.3495],[20.0633,49.3464],[20.0722,49.3483],[20.075,49.3421],[20.0798,49.3399],[20.0762,49.3369],[20.0743,49.3333],[20.0789,49.333],[20.0836,49.3295],[20.0891,49.3294],[20.0919,49.3268],[20.0919,49.3242],[20.0946,49.3228],[20.0965,49.3183],[20.1029,49.3082],[20.1022,49.3028],[20.1064,49.2994],[20.1099,49.292],[20.1065,49.2904],[20.1055,49.285],[20.1031,49.2792],[20.0981,49.2751],[20.0982,49.2703],[20.0959,49.2675],[20.09,49.2636],[20.0832,49.2618],[20.0799,49.2594],[20.0682,49.2579],[20.0621,49.2604],[20.0586,49.2566],[20.0566,49.2507],[20.058,49.2478],[20.0533,49.2438],[20.0484,49.242],[20.0495,49.2353],[20.047,49.2319],[20.0476,49.2288],[20.0431,49.2273],[20.0333,49.2271],[20.0325,49.2248],[20.0338,49.2203],[20.0286,49.2183],[20.0237,49.2197],[20.0093,49.2194],[20.0091,49.2162],[20.0065,49.2133],[20.012,49.2095],[20.0129,49.2072],[20.0205,49.2015],[20.0329,49.1993],[20.0404,49.1971],[20.0426,49.1932],[20.0532,49.1879],[20.06,49.1871],[20.062,49.1848],[20.0672,49.1832],[20.0693,49.1807],[20.0755,49.1788],[20.0881,49.1796],[20.0871,49.188],[20.0845,49.1929],[20.0844,49.1962],[20.0872,49.1994],[20.0862,49.204],[20.0872,49.2075],[20.0906,49.2114],[20.0956,49.2192],[20.1016,49.2227],[20.1021,49.2258],[20.0999,49.2276],[20.0996,49.2321],[20.0978,49.2346],[20.0982,49.2382],[20.101,49.2418],[20.1018,49.2467],[20.1008,49.2501],[20.1024,49.2531],[20.1115,49.2587],[20.1139,49.2633],[20.122,49.2679],[20.1285,49.2765],[20.1277,49.2791],[20.1291,49.2828],[20.1279,49.2866],[20.1321,49.2945],[20.1302,49.2956],[20.1329,49.3006],[20.1359,49.3036],[20.1418,49.3123],[20.1465,49.3182],[20.1519,49.3183],[20.1519,49.3151],[20.1561,49.3118],[20.1589,49.3068],[20.1577,49.3028],[20.1758,49.3141],[20.1699,49.3196],[20.1678,49.3236],[20.1736,49.325],[20.1706,49.3277],[20.1842,49.3278],[20.1892,49.3323],[20.1901,49.3377],[20.1864,49.3406],[20.1839,49.3471],[20.1808,49.3483],[20.1784,49.3523],[20.1748,49.3536],[20.1744,49.3584],[20.1691,49.3623],[20.1724,49.367],[20.1665,49.3725],[20.1595,49.3754],[20.1568,49.3798],[20.1543,49.3867],[20.1465,49.3859],[20.1429,49.389],[20.1368,49.3912],[20.1259,49.3937],[20.1169,49.3965],[20.1129,49.3993],[20.1117,49.4028],[20.1132,49.4045],[20.1146,49.412],[20.116,49.4138]]]},"properties":{"id":"bukowina-tatrzanska","teryt":"1217032","name":"Bukowina Tatrzańska","powiatId":"tatrzanski","type":"WIEJSKA"}},
{"type":"Feature","geometry":{"type":"Polygon","coordinates":[[[20.077,49.6509],[20.0739,49.6554],[20.0776,49.6585],[20.0804,49.6642],[20.0841,49.6677],[20.0877,49.6688],[20.0915,49.672],[20.0978,49.674],[20.1044,49.6741],[20.113,49.6792],[20.1158,49.679],[20.131,49.6859],[20.1209,49.695],[20.118,49.7005],[20.1077,49.7042],[20.1015,49.7086],[20.0989,49.7127],[20.0855,49.7096],[20.0809,49.7058],[20.0714,49.7026],[20.0629,49.7035],[20.0528,49.699],[20.0444,49.6932],[20.0426,49.6906],[20.0437,49.6873],[20.0422,49.6847],[20.0327,49.6813],[20.0346,49.676],[20.0318,49.671],[20.028,49.6693],[20.0279,49.6618],[20.0331,49.6613],[20.0355,49.6593],[20.0456,49.6595],[20.0532,49.6616],[20.0561,49.6615],[20.0584,49.6578],[20.0539,49.6553],[20.058,49.65],[20.0641,49.6496],[20.077,49.6509]]]},"properties":{"id":"mszana-dolna-miasto","teryt":"1207021","name":"Mszana Dolna – gmina miejska","powiatId":"limanowski","type":"MIEJSKA"}},
{"type":"Feature","geometry":{"type":"Polygon","coordinates":[[[20.1528,49.8051],[20.1518,49.806],[20.1533,49.8116],[20.1528,49.8138],[20.1461,49.8133],[20.1398,49.8161],[20.1248,49.8169],[20.1218,49.8178],[20.1198,49.8236],[20.1145,49.8222],[20.1104,49.8244],[20.1071,49.8237],[20.1019,49.827],[20.0968,49.8264],[20.0943,49.8288],[20.0816,49.8255],[20.0758,49.8225],[20.0712,49.8216],[20.072,49.8185],[20.0682,49.8129],[20.0637,49.8121],[20.0568,49.808],[20.0532,49.8047],[20.0489,49.807],[20.0366,49.805],[20.0307,49.8003],[20.033,49.7971],[20.0315,49.7913],[20.0452,49.787],[20.0408,49.7809],[20.0443,49.7802],[20.0482,49.7769],[20.0525,49.7711],[20.0446,49.7703],[20.0416,49.7611],[20.0445,49.7557],[20.0418,49.7528],[20.0402,49.7465],[20.0473,49.743],[20.0558,49.7369],[20.0579,49.7374],[20.0708,49.7328],[20.0727,49.731],[20.0785,49.7324],[20.0835,49.7306],[20.0917,49.7324],[20.0971,49.7317],[20.101,49.7325],[20.1037,49.7352],[20.1046,49.7396],[20.107,49.7431],[20.1111,49.7453],[20.1197,49.7438],[20.1271,49.7438],[20.1325,49.7448],[20.1388,49.7479],[20.1431,49.7528],[20.1415,49.7591],[20.1377,49.7645],[20.1393,49.7698],[20.1427,49.7736],[20.1495,49.7761],[20.1497,49.7847],[20.1486,49.7905],[20.1529,49.7976],[20.1537,49.8018],[20.1528,49.8051]]]},"properties":{"id":"wisniowa","teryt":"1209092","name":"Wiśniowa","powiatId":"myslenicki","type":"WIEJSKA"}},
{"type":"Feature","geometry":{"type":"Polygon","coordinates":[[[20.1742,49.5586],[20.18,49.5653],[20.1754,49.5709],[20.1725,49.5698],[20.166,49.577],[20.1634,49.5826],[20.1576,49.5853],[20.1531,49.5907],[20.1554,49.5975],[20.1507,49.6062],[20.1494,49.6124],[20.1464,49.6154],[20.1402,49.617],[20.1341,49.6208],[20.1248,49.6229],[20.1101,49.6329],[20.1036,49.6327],[20.098,49.6378],[20.0987,49.6443],[20.0838,49.6509],[20.077,49.6509],[20.0641,49.6496],[20.058,49.65],[20.0507,49.6486],[20.0449,49.6444],[20.0499,49.6394],[20.0478,49.6362],[20.0507,49.6299],[20.0574,49.6261],[20.058,49.6242],[20.0523,49.6162],[20.0526,49.6128],[20.0499,49.6106],[20.0497,49.6065],[20.0517,49.6009],[20.0461,49.5945],[20.0432,49.5882],[20.0409,49.5864],[20.037,49.5804],[20.0369,49.5679],[20.0385,49.5657],[20.0375,49.5619],[20.0395,49.56],[20.0565,49.5593],[20.0673,49.5601],[20.0749,49.5594],[20.0823,49.5563],[20.0896,49.5552],[20.0948,49.5533],[20.0981,49.5494],[20.1041,49.5478],[20.1098,49.5472],[20.1143,49.5451],[20.1195,49.5445],[20.1187,49.5487],[20.131,49.5497],[20.1402,49.5528],[20.1449,49.5563],[20.1455,49.5586],[20.151,49.5603],[20.1608,49.5616],[20.1648,49.5595],[20.1742,49.5586]]]},"properties":{"id":"niedzwiedz","teryt":"1207102","name":"Niedźwiedź","powiatId":"limanowski","type":"WIEJSKA"}},
{"type":"Feature","geometry":{"type":"Polygon","coordinates":[[[20.1353,49.9256],[20.1372,49.927],[20.1423,49.9267],[20.1501,49.9224],[20.1627,49.9222],[20.1677,49.9233],[20.1659,49.9261],[20.1622,49.9281],[20.1626,49.9303],[20.1665,49.9336],[20.1704,49.9329],[20.1784,49.9333],[20.1781,49.9358],[20.1836,49.9382],[20.1899,49.936],[20.193,49.936],[20.1939,49.9398],[20.1926,49.9417],[20.1945,49.9451],[20.1948,49.9515],[20.198,49.9523],[20.1957,49.9578],[20.1994,49.9611],[20.1963,49.9631],[20.1948,49.9698],[20.193,49.9722],[20.1941,49.9746],[20.1848,49.9761],[20.1745,49.976],[20.1769,49.9823],[20.1734,49.9885],[20.1642,49.9904],[20.163,49.993],[20.1556,49.9957],[20.1522,49.9981],[20.1493,49.9964],[20.144,49.9965],[20.1318,49.9919],[20.128,49.9925],[20.1168,49.9923],[20.1136,49.9923],[20.1096,49.9879],[20.1072,49.9811],[20.0969,49.9785],[20.0945,49.9763],[20.0909,49.9768],[20.0903,49.9711],[20.0928,49.9703],[20.0926,49.9665],[20.0942,49.9643],[20.0998,49.9675],[20.0995,49.963],[20.101,49.955],[20.1043,49.9494],[20.1137,49.9484],[20.1187,49.9441],[20.121,49.9445],[20.1236,49.941],[20.1332,49.9407],[20.1338,49.9327],[20.1327,49.9303],[20.1353,49.9256]]]},"properties":{"id":"biskupice","teryt":"1219012","name":"Biskupice","powiatId":"wielicki","type":"WIEJSKA"}},
{"type":"Feature","geometry":{"type":"Polygon","coordinates":[[[20.1757,49.8769],[20.1738,49.8704],[20.1703,49.8677],[20.1659,49.8609],[20.1602,49.8605],[20.1474,49.8619],[20.1451,49.8669],[20.1378,49.8675],[20.1311,49.8661],[20.1232,49.8669],[20.1196,49.869],[20.1124,49.8661],[20.1041,49.8637],[20.0996,49.8587],[20.0967,49.8586],[20.0932,49.8558],[20.1011,49.8489],[20.1007,49.8449],[20.1064,49.8443],[20.106,49.8386],[20.0984,49.8361],[20.0974,49.8302],[20.0943,49.8288],[20.0968,49.8264],[20.1019,49.827],[20.1071,49.8237],[20.1104,49.8244],[20.1145,49.8222],[20.1198,49.8236],[20.1218,49.8178],[20.1248,49.8169],[20.1398,49.8161],[20.1461,49.8133],[20.1528,49.8138],[20.1533,49.8116],[20.1518,49.806],[20.1528,49.8051],[20.1562,49.8027],[20.1657,49.8012],[20.1722,49.8008],[20.1746,49.8041],[20.1791,49.8061],[20.1902,49.8044],[20.1963,49.8061],[20.1997,49.8088],[20.2062,49.8075],[20.2149,49.8078],[20.2101,49.8112],[20.2136,49.816],[20.222,49.818],[20.2233,49.8235],[20.2281,49.8241],[20.2303,49.8228],[20.2414,49.8261],[20.2443,49.8295],[20.244,49.8321],[20.2475,49.8352],[20.2452,49.8364],[20.2469,49.8398],[20.245,49.8433],[20.2404,49.845],[20.2404,49.8478],[20.2353,49.8492],[20.237,49.8562],[20.2325,49.8636],[20.2209,49.8664],[20.2193,49.8689],[20.2098,49.868],[20.2034,49.8686],[20.1995,49.8726],[20.1944,49.8738],[20.1973,49.8787],[20.1827,49.8784],[20.1757,49.8769]]]},"properties":{"id":"raciechowice","teryt":"1209052","name":"Raciechowice","powiatId":"myslenicki","type":"WIEJSKA"}},
{"type":"Feature","geometry":{"type":"Polygon","coordinates":[[[20.1757,49.8769],[20.1827,49.8784],[20.1973,49.8787],[20.1944,49.8738],[20.1995,49.8726],[20.2034,49.8686],[20.2098,49.868],[20.2193,49.8689],[20.2209,49.8664],[20.2325,49.8636],[20.2366,49.8658],[20.2489,49.8636],[20.2553,49.8668],[20.2565,49.8697],[20.2597,49.8716],[20.2615,49.8751],[20.2612,49.8826],[20.2657,49.887],[20.2683,49.8882],[20.2713,49.8924],[20.2814,49.8935],[20.2876,49.8929],[20.2859,49.9044],[20.2916,49.908],[20.2972,49.9092],[20.2986,49.9116],[20.3056,49.9145],[20.3071,49.9189],[20.3058,49.9239],[20.3012,49.9235],[20.3012,49.9263],[20.3062,49.9264],[20.3112,49.9312],[20.308,49.9348],[20.309,49.9379],[20.3049,49.9407],[20.3071,49.945],[20.3143,49.9484],[20.3166,49.9512],[20.3148,49.9529],[20.3103,49.9526],[20.3096,49.9548],[20.3133,49.9563],[20.3112,49.9618],[20.3074,49.9608],[20.291,49.9589],[20.2825,49.9602],[20.2792,49.9624],[20.274,49.9627],[20.2752,49.9669],[20.2692,49.9653],[20.2649,49.9655],[20.2643,49.9683],[20.2548,49.9724],[20.2439,49.9789],[20.2374,49.9783],[20.2302,49.9806],[20.2234,49.9811],[20.216,49.9874],[20.2094,49.9883],[20.2055,49.9856],[20.2087,49.9783],[20.2078,49.9748],[20.2016,49.9727],[20.1941,49.9746],[20.193,49.9722],[20.1948,49.9698],[20.1963,49.9631],[20.1994,49.9611],[20.1957,49.9578],[20.198,49.9523],[20.1948,49.9515],[20.1945,49.9451],[20.1926,49.9417],[20.1939,49.9398],[20.193,49.936],[20.1899,49.936],[20.1836,49.9382],[20.1781,49.9358],[20.1784,49.9333],[20.1704,49.9329],[20.1665,49.9336],[20.1626,49.9303],[20.1622,49.9281],[20.1659,49.9261],[20.1677,49.9233],[20.1627,49.9222],[20.1501,49.9224],[20.1423,49.9267],[20.1372,49.927],[20.1353,49.9256],[20.1266,49.9261],[20.1236,49.9253],[20.1158,49.9209],[20.1103,49.9206],[20.1116,49.9151],[20.1171,49.9147],[20.1193,49.9122],[20.1149,49.9082],[20.117,49.9064],[20.1169,49.9033],[20.1125,49.9032],[20.1112,49.8989],[20.1162,49.8987],[20.1202,49.8955],[20.1203,49.892],[20.1269,49.8885],[20.1397,49.8885],[20.1464,49.8893],[20.1553,49.8886],[20.1615,49.8932],[20.1683,49.8939],[20.173,49.8886],[20.1805,49.8882],[20.1854,49.8863],[20.1752,49.8852],[20.1743,49.8811],[20.1757,49.8769]]]},"properties":{"id":"gdow","teryt":"1219022","name":"Gdów","powiatId":"wielicki","type":"WIEJSKA"}},
{"type":"Feature","geometry":{"type":"Polygon","coordinates":[[[20.3371,49.4023],[20.3347,49.4041],[20.3341,49.4086],[20.3256,49.4111],[20.3243,49.4127],[20.3246,49.419],[20.3221,49.4232],[20.3168,49.426],[20.3111,49.4268],[20.3088,49.4296],[20.309,49.4338],[20.3061,49.4344],[20.2992,49.4326],[20.2947,49.433],[20.2907,49.4385],[20.2845,49.441],[20.2808,49.4408],[20.2757,49.4384],[20.2683,49.4377],[20.2579,49.4393],[20.2523,49.4426],[20.2495,49.4465],[20.2434,49.4504],[20.2399,49.4538],[20.2354,49.4561],[20.2291,49.461],[20.2157,49.4601],[20.2084,49.4591],[20.199,49.456],[20.1969,49.4542],[20.1864,49.4516],[20.1783,49.4483],[20.1899,49.436],[20.1934,49.4339],[20.2006,49.4263],[20.2034,49.4257],[20.2064,49.4213],[20.2057,49.4184],[20.2119,49.4175],[20.2213,49.4183],[20.2183,49.4076],[20.2159,49.4065],[20.2046,49.4057],[20.1954,49.4076],[20.1872,49.4051],[20.1813,49.4042],[20.1735,49.4048],[20.1753,49.4108],[20.172,49.4137],[20.1664,49.4132],[20.1555,49.4138],[20.1537,49.4172],[20.1485,49.4229],[20.1425,49.4223],[20.1388,49.4202],[20.1318,49.4206],[20.1321,49.4277],[20.1264,49.4235],[20.1255,49.4204],[20.1193,49.4179],[20.116,49.4138],[20.1146,49.412],[20.1132,49.4045],[20.1117,49.4028],[20.1129,49.3993],[20.1169,49.3965],[20.1259,49.3937],[20.1368,49.3912],[20.1429,49.389],[20.1465,49.3859],[20.1543,49.3867],[20.1568,49.3798],[20.1595,49.3754],[20.1665,49.3725],[20.1724,49.367],[20.1691,49.3623],[20.1744,49.3584],[20.1748,49.3536],[20.1784,49.3523],[20.1808,49.3483],[20.1839,49.3471],[20.1864,49.3406],[20.1901,49.3377],[20.1952,49.3423],[20.2034,49.3418],[20.2128,49.3449],[20.214,49.3484],[20.2219,49.3518],[20.2275,49.3493],[20.2303,49.3468],[20.241,49.3485],[20.242,49.3505],[20.2535,49.3494],[20.2596,49.3477],[20.2664,49.3471],[20.2697,49.3482],[20.2731,49.3514],[20.2837,49.351],[20.2928,49.3515],[20.2951,49.3495],[20.3007,49.3488],[20.3084,49.3439],[20.3142,49.3435],[20.3196,49.347],[20.3237,49.3522],[20.3229,49.353],[20.3249,49.3635],[20.3262,49.3659],[20.3256,49.3713],[20.321,49.3766],[20.3214,49.3784],[20.3268,49.3848],[20.3295,49.3911],[20.3211,49.3903],[20.3179,49.3931],[20.3222,49.4018],[20.3251,49.403],[20.3351,49.4015],[20.3371,49.4023]]]},"properties":{"id":"lapsze-nizne","teryt":"1211082","name":"Łapsze Niżne","powiatId":"nowotarski","type":"WIEJSKA"}},
{"type":"Feature","geometry":{"type":"MultiPolygon","coordinates":[[[[20.2585,49.6331],[20.2557,49.6279],[20.2595,49.6283],[20.2585,49.6331]]],[[[20.253,49.5651],[20.2482,49.5678],[20.2502,49.5695],[20.2472,49.5717],[20.2586,49.5795],[20.2548,49.5816],[20.2511,49.5888],[20.2592,49.5919],[20.2627,49.5924],[20.2717,49.588],[20.2742,49.5849],[20.2798,49.5897],[20.287,49.5885],[20.2953,49.5917],[20.2994,49.5914],[20.3093,49.5957],[20.3152,49.5924],[20.3207,49.5905],[20.3303,49.5979],[20.3272,49.6003],[20.3299,49.6059],[20.3242,49.6104],[20.3192,49.6097],[20.3224,49.6143],[20.3238,49.6186],[20.314,49.6193],[20.311,49.6209],[20.3091,49.6241],[20.3052,49.6247],[20.3008,49.6288],[20.3042,49.6338],[20.2999,49.6343],[20.2955,49.6331],[20.2768,49.6325],[20.2756,49.6298],[20.2691,49.6323],[20.2657,49.632],[20.2635,49.6298],[20.2664,49.6281],[20.2549,49.6261],[20.2556,49.6305],[20.2516,49.6334],[20.2476,49.6315],[20.2456,49.6282],[20.2452,49.6219],[20.2426,49.6204],[20.2424,49.6183],[20.2371,49.6138],[20.2361,49.6087],[20.2386,49.6065],[20.2384,49.6004],[20.2369,49.5981],[20.2377,49.5951],[20.221,49.5816],[20.2182,49.5713],[20.2187,49.5661],[20.2158,49.5627],[20.2043,49.5616],[20.1972,49.5589],[20.1895,49.5593],[20.1816,49.5582],[20.1742,49.5586],[20.1648,49.5595],[20.1608,49.5616],[20.151,49.5603],[20.1455,49.5586],[20.1449,49.5563],[20.1402,49.5528],[20.131,49.5497],[20.1187,49.5487],[20.1195,49.5445],[20.1229,49.5454],[20.1361,49.5452],[20.1397,49.5436],[20.1452,49.5439],[20.1492,49.5426],[20.1576,49.5478],[20.1704,49.5468],[20.1766,49.549],[20.1833,49.5501],[20.1931,49.5502],[20.1989,49.5513],[20.2038,49.5503],[20.2136,49.5509],[20.2243,49.5559],[20.2386,49.5579],[20.2466,49.5612],[20.253,49.5651]]]]},"properties":{"id":"szczawa","teryt":"1207132","name":"Szczawa","powiatId":"limanowski","type":"WIEJSKA"}},
{"type":"Feature","geometry":{"type":"Polygon","coordinates":[[[20.1271,49.7438],[20.1484,49.733],[20.1536,49.7308],[20.1551,49.7266],[20.1582,49.7235],[20.1632,49.7156],[20.1683,49.7143],[20.1771,49.7152],[20.177,49.7086],[20.1797,49.7008],[20.1801,49.6925],[20.1795,49.689],[20.1826,49.6834],[20.1776,49.6754],[20.1736,49.671],[20.1681,49.6675],[20.1748,49.6643],[20.1795,49.6652],[20.1859,49.6565],[20.1902,49.6538],[20.1896,49.6468],[20.1939,49.6426],[20.2046,49.6389],[20.2058,49.6314],[20.2084,49.6292],[20.2123,49.629],[20.2186,49.6312],[20.2246,49.6292],[20.222,49.6261],[20.2239,49.6239],[20.2366,49.6212],[20.2426,49.6204],[20.2452,49.6219],[20.2456,49.6282],[20.2476,49.6315],[20.2516,49.6334],[20.2556,49.6305],[20.2549,49.6261],[20.2664,49.6281],[20.2635,49.6298],[20.2657,49.632],[20.2691,49.6323],[20.2756,49.6298],[20.2768,49.6325],[20.2777,49.6378],[20.2825,49.6393],[20.2841,49.6413],[20.2829,49.6458],[20.2794,49.6508],[20.2787,49.6546],[20.2806,49.659],[20.2845,49.6646],[20.2849,49.672],[20.2868,49.6772],[20.2908,49.6819],[20.2867,49.6881],[20.2878,49.6929],[20.2855,49.6987],[20.2808,49.7033],[20.2773,49.7106],[20.2757,49.7176],[20.2794,49.7247],[20.2787,49.7287],[20.2717,49.7278],[20.2661,49.7295],[20.2599,49.7332],[20.2527,49.7343],[20.2495,49.7374],[20.2426,49.7398],[20.2436,49.7429],[20.2385,49.7499],[20.2383,49.7552],[20.2313,49.7565],[20.2249,49.7542],[20.2117,49.7579],[20.2014,49.7579],[20.1958,49.7612],[20.1969,49.7634],[20.1941,49.7678],[20.1881,49.7701],[20.1844,49.7685],[20.1785,49.7689],[20.1718,49.7651],[20.1664,49.7649],[20.1602,49.7667],[20.1565,49.7631],[20.1503,49.7603],[20.1462,49.7604],[20.1438,49.7644],[20.1451,49.7717],[20.1427,49.7736],[20.1393,49.7698],[20.1377,49.7645],[20.1415,49.7591],[20.1431,49.7528],[20.1388,49.7479],[20.1325,49.7448],[20.1271,49.7438]],[[20.2585,49.6331],[20.2595,49.6283],[20.2557,49.6279],[20.2585,49.6331]]]},"properties":{"id":"dobra","teryt":"1207032","name":"Dobra","powiatId":"limanowski","type":"WIEJSKA"}},
{"type":"Feature","geometry":{"type":"Polygon","coordinates":[[[20.2443,49.8295],[20.2414,49.8261],[20.2303,49.8228],[20.2281,49.8241],[20.2233,49.8235],[20.222,49.818],[20.2136,49.816],[20.2101,49.8112],[20.2149,49.8078],[20.2062,49.8075],[20.1997,49.8088],[20.1963,49.8061],[20.1902,49.8044],[20.1791,49.8061],[20.1746,49.8041],[20.1722,49.8008],[20.1657,49.8012],[20.1562,49.8027],[20.1528,49.8051],[20.1537,49.8018],[20.1529,49.7976],[20.1486,49.7905],[20.1497,49.7847],[20.1495,49.7761],[20.1427,49.7736],[20.1451,49.7717],[20.1438,49.7644],[20.1462,49.7604],[20.1503,49.7603],[20.1565,49.7631],[20.1602,49.7667],[20.1664,49.7649],[20.1718,49.7651],[20.1785,49.7689],[20.1844,49.7685],[20.1881,49.7701],[20.1941,49.7678],[20.1969,49.7634],[20.1958,49.7612],[20.2014,49.7579],[20.2117,49.7579],[20.2249,49.7542],[20.2313,49.7565],[20.2383,49.7552],[20.2385,49.7499],[20.2436,49.7429],[20.2426,49.7398],[20.2495,49.7374],[20.2518,49.7416],[20.2653,49.7413],[20.2724,49.7419],[20.2738,49.7469],[20.2775,49.7479],[20.2949,49.7605],[20.2927,49.7626],[20.2936,49.7699],[20.3015,49.7707],[20.3056,49.7751],[20.313,49.7813],[20.3137,49.7858],[20.3184,49.7978],[20.3055,49.8027],[20.3021,49.8053],[20.2952,49.8063],[20.2889,49.806],[20.285,49.8079],[20.2816,49.8075],[20.2771,49.8112],[20.2722,49.813],[20.2725,49.8184],[20.267,49.8205],[20.2653,49.8251],[20.2577,49.8309],[20.2516,49.8286],[20.2443,49.8295]]]},"properties":{"id":"jodlownik","teryt":"1207042","name":"Jodłownik","powiatId":"limanowski","type":"WIEJSKA"}}
]}